Name,Minutes,Appearances,Assists,Passes,Yellow cards,Red cards,Fouls,Tackles,Age,Height,Injured,Recovering,Position
Aaron Connolly,1259,24,1,146,0,0,16,7,19,1.75,1,1,Forward
Aaron Connolly,790,17,1,92,0,0,6,6,20,1.75,1,1,Forward
Aaron Cresswell,3315,37,4,1377,1,0,22,38,25,1.7,0,0,Defender
Aaron Cresswell,2119,26,2,758,2,1,11,21,26,1.7,1,0,Defender
Aaron Cresswell,3072,36,7,1299,7,0,20,34,27,1.7,0,1,Defender
Aaron Cresswell,1589,20,1,812,1,0,2,29,28,1.7,1,0,Defender
Aaron Cresswell,2730,31,0,1251,7,0,16,43,29,1.7,1,1,Defender
Aaron Lennon,1539,25,0,477,1,0,13,35,28,1.65,0,0,Midfielder
Aaron Lennon,509,11,1,134,0,0,1,13,29,1.65,0,0,Midfielder
Aaron Lennon,1916,29,2,468,2,0,21,37,30,1.65,1,0,Midfielder
Aaron Lennon,1216,16,1,277,1,0,12,26,31,1.65,1,1,Midfielder
Aaron Lennon,485,16,0,118,4,0,10,14,32,1.65,0,1,Midfielder
Aaron Mooy,3067,36,3,1902,5,0,26,102,26,1.74,1,0,Midfielder
Aaron Mooy,2327,29,1,1278,4,0,26,62,27,1.74,1,1,Midfielder
Aaron Mooy,2089,31,2,970,1,1,13,37,28,1.74,0,1,Midfielder
Aaron Ramsdale,0,0,0,0,0,0,0,0,18,1.9,0,0,Goalkeeper
Aaron Ramsdale,0,0,0,0,0,0,0,0,19,1.9,0,0,Goalkeeper
Aaron Ramsdale,3330,37,1,945,0,0,0,0,21,1.9,0,0,Goalkeeper
Aaron Ramsdale,3420,38,0,1019,1,0,1,0,22,1.9,0,0,Goalkeeper
Aaron Ramsey,2622,31,4,2154,4,0,47,78,24,1.82,0,0,Midfielder
Aaron Ramsey,1229,23,4,920,3,0,15,21,25,1.82,0,0,Midfielder
Aaron Ramsey,1847,24,8,1239,0,0,28,35,26,1.82,0,0,Midfielder
Aaron Ramsey,1325,28,6,773,0,0,21,34,27,1.82,1,0,Midfielder
Aaron Rowe,69,2,0,20,0,0,2,1,17,1.68,0,0,Midfielder
Aaron Wan-Bissaka,0,0,0,0,0,0,0,0,18,1.83,0,0,Defender
Aaron Wan-Bissaka,628,7,0,203,1,0,2,29,19,1.83,0,0,Defender
Aaron Wan-Bissaka,3135,35,3,1165,4,1,23,129,20,1.83,1,0,Defender
Aaron Wan-Bissaka,3071,35,4,1651,8,0,21,129,21,1.83,1,1,Defender
Aaron Wan-Bissaka,3060,34,4,1806,3,0,31,88,22,1.83,0,1,Defender
Abdelhamid Sabiri,219,5,1,98,1,0,4,5,20,1.86,0,1,Midfielder
Abdelhamid Sabiri,48,2,0,8,0,0,0,2,21,1.86,1,0,Midfielder
Abdoulaye Doucouré,1358,20,0,833,4,0,12,17,23,1.83,0,0,Midfielder
Abdoulaye Doucouré,3325,37,3,2244,10,0,44,79,24,1.83,0,0,Midfielder
Abdoulaye Doucouré,3062,35,6,1942,7,0,36,71,25,1.83,1,0,Midfielder
Abdoulaye Doucouré,3166,37,2,1678,9,0,51,64,26,1.83,0,1,Midfielder
Abdoulaye Doucouré,2452,29,3,1341,6,0,23,52,27,1.83,1,0,Midfielder
Abel Hernández,1427,24,3,252,0,0,19,7,25,1.85,1,0,Forward
Aboubakar Kamara,687,13,0,226,2,0,24,8,23,1.77,0,1,Forward
Aboubakar Kamara,309,11,0,112,1,1,9,2,25,1.77,0,0,Forward
Adalberto Peñaranda,0,0,0,0,0,0,0,0,21,1.86,1,1,Forward
Adalberto Peñaranda,0,0,0,0,0,0,0,0,22,1.86,1,1,Forward
Adam Clayton,2806,34,2,1450,10,0,52,79,27,1.75,0,0,Midfielder
Adam Federici,495,6,0,108,0,0,0,0,30,1.88,1,0,Goalkeeper
Adam Federici,180,2,0,54,1,0,0,0,31,1.88,1,1,Goalkeeper
Adam Forshaw,2700,34,1,1353,4,0,33,62,24,1.75,0,0,Midfielder
Adam Idah,218,12,0,48,0,0,2,2,18,1.9,1,0,Forward
Adam Lallana,2114,30,6,989,2,0,27,59,27,1.72,0,0,Midfielder
Adam Lallana,2348,31,7,1407,3,0,17,51,28,1.72,1,0,Midfielder
Adam Lallana,236,12,0,220,1,0,4,3,29,1.72,1,1,Midfielder
Adam Lallana,464,13,0,302,1,0,4,16,30,1.72,1,1,Midfielder
Adam Lallana,373,15,1,266,1,0,7,19,31,1.72,0,1,Midfielder
Adam Lallana,1588,30,1,923,0,0,18,28,32,1.72,1,0,Midfielder
Adam Legzdins,0,0,0,0,0,0,0,0,30,1.9,0,0,Goalkeeper
Adam Masina,1003,14,1,436,5,0,17,30,24,1.91,0,0,Defender
Adam Masina,1818,26,0,697,3,0,26,38,25,1.91,0,0,Defender
Adam Matthews,36,1,0,13,0,0,0,2,23,1.78,1,1,Defender
Adam Reach,0,0,0,0,0,0,0,0,23,1.85,0,0,Midfielder
Adam Smith,2095,31,0,911,5,0,33,71,24,1.74,0,0,Defender
Adam Smith,3099,36,5,1452,6,0,45,85,25,1.74,0,0,Defender
Adam Smith,2067,27,3,912,6,0,23,49,26,1.74,1,0,Defender
Adam Smith,2073,25,1,872,5,1,18,46,27,1.74,1,1,Defender
Adam Smith,2061,24,1,841,7,0,25,47,28,1.74,1,1,Defender
Adam Webster,2670,31,1,1880,4,0,13,30,24,1.9,1,1,Defender
Adam Webster,2595,29,0,1838,4,0,24,29,25,1.9,1,1,Defender
Adama Diakhaby,551,12,0,147,1,0,7,6,22,1.84,0,1,Forward
Adama Diomande,1168,22,0,321,1,0,19,25,26,1.83,0,0,Forward
Adama Traoré,186,10,1,30,1,0,4,1,19,1.78,1,0,Forward
Adama Traoré,2604,37,9,713,1,0,39,33,23,1.78,1,1,Forward
Ademola Lookman,287,8,0,94,0,0,4,5,18,1.74,0,0,Forward
Ademola Lookman,152,7,1,45,0,0,5,1,19,1.74,0,0,Forward
Ademola Lookman,601,21,2,253,0,0,8,15,20,1.74,1,0,Forward
Ademola Lookman,2756,34,4,1049,5,0,46,35,22,1.74,1,1,Forward
Adlène Guédioura,417,18,2,251,2,0,13,13,29,1.78,0,0,Midfielder
Adlène Guédioura,857,17,1,393,2,0,20,22,30,1.78,0,0,Midfielder
Adnan Januzaj,144,5,0,42,1,0,5,1,20,1.86,1,0,Midfielder
Adnan Januzaj,1630,25,3,356,3,1,26,17,21,1.86,1,1,Midfielder
Adrian Mariappa,256,3,0,117,0,0,3,4,28,1.79,0,0,Defender
Adrian Mariappa,561,7,0,244,0,0,4,17,29,1.79,1,0,Defender
Adrian Mariappa,2208,28,0,961,4,0,32,45,30,1.79,0,1,Defender
Adrian Mariappa,1921,26,0,882,3,0,19,35,31,1.79,0,0,Defender
Adrian Mariappa,1509,20,0,462,4,1,20,20,32,1.79,0,0,Defender
Adrien Silva,761,12,1,433,3,0,9,22,28,1.75,1,1,Midfielder
Adrien Silva,88,2,0,79,0,0,0,2,29,1.75,0,1,Midfielder
Adrián,2880,32,0,853,1,1,1,0,28,1.9,1,0,Goalkeeper
Adrián,1440,16,0,417,1,0,0,0,29,1.9,0,1,Goalkeeper
Adrián,1710,19,0,520,2,0,1,0,30,1.9,0,0,Goalkeeper
Adrián,0,0,0,0,0,0,0,0,31,1.9,0,0,Goalkeeper
Adrián,873,11,0,260,1,0,0,0,32,1.9,0,0,Goalkeeper
Adrián,270,3,0,80,0,0,0,0,33,1.9,0,0,Goalkeeper
Adrián Bernabé,0,0,0,0,0,0,0,0,19,1.7,0,0,Midfielder
Ahmed Musa,752,21,0,214,1,0,13,13,23,1.71,0,0,Forward
Ahmed Musa,0,0,0,0,0,0,0,0,24,1.71,0,0,Forward
Aiden McGeady,0,0,0,0,0,0,0,0,29,1.8,1,1,Midfielder
Aiden O Neill,82,3,0,51,0,0,1,2,18,1.78,0,0,Midfielder
Aiden O Neill,0,0,0,0,0,0,0,0,19,1.78,0,0,Midfielder
Ainsley Maitland-Niles,1,1,0,4,0,0,0,1,18,1.8,0,0,Midfielder
Ainsley Maitland-Niles,907,15,0,536,1,0,10,25,19,1.8,0,0,Midfielder
Ainsley Maitland-Niles,985,16,1,451,1,1,8,33,20,1.8,1,0,Midfielder
Ainsley Maitland-Niles,1382,20,2,840,4,1,15,41,21,1.8,0,1,Midfielder
Ainsley Maitland-Niles,1718,26,0,648,2,0,16,33,22,1.8,0,0,Midfielder
Akin Famewo,0,1,0,0,0,0,0,0,20,1.88,0,0,Defender
Alan Hutton,2330,28,1,843,6,1,28,55,30,1.85,0,1,Defender
Albert Adomah,121,2,0,32,0,0,3,5,28,1.85,0,0,Midfielder
Alberto Moreno,2546,32,4,1323,3,0,29,92,23,1.71,0,0,Defender
Alberto Moreno,295,12,1,182,1,0,2,6,24,1.71,0,0,Defender
Alberto Moreno,1264,16,0,783,1,0,8,35,25,1.71,1,0,Defender
Alberto Moreno,156,2,0,105,0,0,1,3,26,1.71,1,1,Defender
Alberto Paloschi,668,10,0,199,2,0,17,7,25,1.83,0,0,Forward
Albian Ajeti,130,9,0,15,0,0,6,1,22,1.83,0,0,Forward
Aleix García,0,0,0,0,0,0,0,0,18,1.73,0,0,Midfielder
Aleix García,76,4,0,97,0,0,0,3,19,1.73,0,0,Midfielder
Aleksandar Dragovic,766,11,0,337,2,0,7,13,26,1.86,0,1,Defender
Aleksandar Kolarov,2281,29,3,1361,3,0,20,34,29,1.87,0,1,Defender
Aleksandar Kolarov,2533,29,1,1859,6,0,34,47,30,1.87,0,0,Defender
Alessandro Diamanti,65,3,0,51,0,0,1,3,32,1.8,1,0,Forward
Alex Baptiste,0,0,0,0,0,0,0,0,30,1.8,0,1,Defender
Alex Cochrane,0,0,0,0,0,0,0,0,19,1.73,0,0,Defender
Alex Iwobi,630,13,2,368,0,0,3,8,19,1.83,0,0,Forward
Alex Iwobi,1462,26,3,896,1,0,7,19,20,1.83,1,0,Forward
Alex Iwobi,1844,26,5,1137,1,0,11,19,21,1.83,0,1,Forward
Alex Iwobi,1968,35,6,951,0,0,8,28,22,1.83,1,0,Forward
Alex Iwobi,1601,25,0,557,0,0,12,25,23,1.83,1,1,Forward
Alex Iwobi,1540,30,2,595,0,0,13,27,24,1.83,0,1,Forward
Alex McCarthy,630,7,0,204,0,0,0,0,25,1.93,0,0,Goalkeeper
Alex McCarthy,0,0,0,0,0,0,0,0,26,1.93,1,0,Goalkeeper
Alex Oxlade-Chamberlain,924,22,0,439,0,0,11,23,21,1.75,1,1,Midfielder
Alex Oxlade-Chamberlain,1562,29,7,774,1,0,30,37,22,1.75,1,1,Midfielder
Alex Oxlade-Chamberlain,1725,35,7,836,3,0,17,37,23,1.75,1,1,Midfielder
Alex Oxlade-Chamberlain,19,2,0,13,0,0,0,1,24,1.75,1,1,Midfielder
Alex Oxlade-Chamberlain,1490,30,1,701,1,0,17,18,25,1.75,1,1,Midfielder
Alex Oxlade-Chamberlain,244,13,1,131,0,0,3,4,26,1.75,1,1,Midfielder
Alex Pike,0,0,0,0,0,0,0,0,19,1.8,0,0,Defender
Alex Pritchard,66,3,0,25,0,0,2,4,22,1.68,1,0,Midfielder
Alex Pritchard,1002,14,1,344,1,0,5,19,24,1.68,0,0,Midfielder
Alex Pritchard,2091,48,1,1266,3,0,20,59,25,1.68,1,0,Midfielder
Alex Smithies,0,0,0,0,0,0,0,0,28,1.89,1,0,Goalkeeper
Alex Telles,691,9,2,458,0,0,4,14,27,1.81,0,0,Defender
Alexander Manninger,0,0,0,0,0,0,0,0,39,1.89,0,0,Goalkeeper
Alexander Tettey,1952,23,0,1064,10,0,39,48,29,1.81,1,0,Midfielder
Alexander Tettey,2351,30,1,1293,5,0,21,23,33,1.81,1,0,Midfielder
Alexandre Jankewitz,0,0,0,0,0,0,0,0,17,1.85,0,0,Midfielder
Alexandre Jankewitz,3,2,0,3,0,1,1,2,18,1.85,0,0,Midfielder
Alexandre Lacazette,2211,32,4,722,1,0,28,24,26,1.76,1,1,Forward
Alexandre Lacazette,2502,35,8,771,2,0,51,35,27,1.76,1,1,Forward
Alexandre Lacazette,1879,30,4,505,8,0,44,31,28,1.76,1,1,Forward
Alexandre Lacazette,1929,31,2,514,3,0,37,18,29,1.76,0,1,Forward
Alexandre Pato,131,2,0,27,0,0,2,3,25,1.8,1,0,Forward
Alexis Mac Allister,351,9,0,98,0,0,4,9,20,1.74,0,0,Midfielder
Alexis Mac Allister,1114,21,1,396,1,0,19,26,21,1.74,1,0,Midfielder
Alexis Sánchez,2445,30,4,1434,1,0,32,47,26,1.68,0,0,Forward
Alexis Sánchez,3223,38,10,1643,6,0,49,53,27,1.68,0,0,Forward
Alexis Sánchez,2556,31,6,1455,5,0,31,41,28,1.68,1,0,Forward
Alfie Devine,0,0,0,0,0,0,0,0,16,1.89,0,0,Midfielder
Alfie Mawson,2430,27,0,1218,1,0,10,29,22,1.89,0,0,Defender
Alfie Mawson,3420,38,1,1744,3,0,19,32,23,1.89,0,0,Defender
Alfie Mawson,1129,15,0,477,2,0,6,11,24,1.89,1,0,Defender
Alfie Whiteman,0,0,0,0,0,0,0,0,18,1.88,0,0,Goalkeeper
Alfie Whiteman,0,0,0,0,0,0,0,0,19,1.88,0,0,Goalkeeper
Alfie Whiteman,0,0,0,0,0,0,0,0,20,1.88,0,0,Goalkeeper
Alfred N Diaye,1278,15,0,563,7,0,34,37,26,1.9,0,1,Midfielder
Ali Gabr,0,0,0,0,0,0,0,0,28,1.93,0,0,Defender
Ali Koiki,0,0,0,0,0,0,0,0,18,1.87,0,0,Defender
Ali Koiki,0,0,0,0,0,0,0,0,19,1.87,0,0,Defender
Alireza Jahanbakhsh,1022,19,0,277,2,0,19,32,24,1.81,1,1,Forward
Alireza Jahanbakhsh,307,10,0,112,0,0,2,8,25,1.81,1,1,Forward
Alireza Jahanbakhsh,518,21,1,232,3,0,7,9,26,1.81,1,1,Forward
Alisson,3420,38,0,1076,1,0,0,0,25,1.91,0,1,Goalkeeper
Alisson,2545,29,1,805,0,1,1,0,26,1.91,1,0,Goalkeeper
Alisson,2970,33,0,988,1,0,1,0,27,1.91,1,1,Goalkeeper
Allan,2052,24,0,1055,6,0,37,80,29,1.75,1,1,Midfielder
Allan Saint-Maximin,1874,26,4,431,0,0,18,13,22,1.73,1,1,Forward
Allan Saint-Maximin,1567,25,4,417,0,0,10,16,23,1.73,1,1,Forward
Allan Tchaptchet,12,1,0,1,0,0,0,0,18,1.93,0,0,Defender
Almen Abdi,1982,32,0,938,4,0,38,83,28,1.81,0,0,Midfielder
Alphonse Areola,3240,36,0,838,2,0,0,0,27,1.95,0,0,Goalkeeper
Aly Cissokho,1603,18,0,647,3,1,13,26,27,1.86,0,1,Defender
Amad Diallo,167,3,1,63,0,0,2,3,18,1.73,0,0,Forward
Ander Herrera,1532,27,2,1097,4,0,28,56,25,1.82,0,1,Midfielder
Ander Herrera,2466,31,6,2089,5,1,47,84,26,1.82,0,0,Midfielder
Ander Herrera,1259,26,2,1043,5,0,28,56,27,1.82,1,0,Midfielder
Ander Herrera,1404,22,3,980,4,0,21,54,28,1.82,1,1,Midfielder
Anders Lindegaard,0,0,0,0,0,0,0,0,31,1.93,0,0,Goalkeeper
Anders Lindegaard,0,0,0,0,0,0,0,0,33,1.93,0,0,Goalkeeper
Andi Zeqiri,163,9,0,38,0,0,2,3,21,1.85,0,0,Forward
Andre Gray,2267,32,3,372,2,0,17,10,25,1.78,0,0,Forward
Andre Green,57,2,0,23,0,0,0,2,17,1.8,0,0,Midfielder
Andre Wisdom,823,10,0,307,1,0,3,19,22,1.86,1,0,Defender
Andrea Ranocchia,1329,16,2,550,2,0,13,28,28,1.95,1,0,Defender
Andreas Christensen,2071,27,0,1349,0,0,8,26,21,1.88,1,1,Defender
Andreas Christensen,615,8,0,458,1,0,8,10,22,1.88,1,1,Defender
Andreas Christensen,1752,21,0,1307,5,0,17,38,23,1.88,1,1,Defender
Andreas Christensen,1371,17,0,1141,2,1,9,11,24,1.88,1,1,Defender
Andreas Pereira,80,4,0,49,2,0,2,1,19,1.78,0,0,Midfielder
Andreas Pereira,594,15,1,353,5,0,12,8,22,1.78,0,1,Midfielder
Andreas Pereira,1489,25,3,703,3,0,27,24,23,1.78,0,0,Midfielder
Andreas Söndergaard,0,0,0,0,0,0,0,0,19,1.88,0,0,Goalkeeper
Andrej Kramaric,22,2,0,11,0,0,1,1,24,1.77,0,0,Forward
Andrew Eleftheriou,51,1,0,14,0,0,0,2,18,1.72,0,0,Defender
Andrew Robertson,2735,33,2,1231,5,0,18,53,22,1.78,1,0,Defender
Andrew Robertson,1943,22,5,1421,2,0,15,31,23,1.78,0,1,Defender
Andrew Robertson,3219,36,11,2396,4,0,18,80,24,1.78,1,0,Defender
Andrew Robertson,3113,36,12,2492,2,0,18,54,25,1.78,1,1,Defender
Andrew Robertson,3386,38,7,2680,2,0,23,46,26,1.78,1,1,Defender
Andrew Surman,3420,38,3,2287,4,0,26,51,28,1.78,0,0,Midfielder
Andrew Surman,1802,22,1,1318,1,1,17,15,29,1.78,1,0,Midfielder
Andrew Surman,1852,25,5,1177,2,0,9,16,30,1.78,0,1,Midfielder
Andrew Surman,1438,18,0,838,2,0,7,11,31,1.78,1,0,Midfielder
Andrew Surman,233,5,0,127,1,0,1,4,32,1.78,1,1,Midfielder
Andriy Yarmolenko,459,9,0,203,2,0,8,4,28,1.89,1,1,Forward
Andriy Yarmolenko,985,23,1,403,2,0,16,13,29,1.89,1,1,Forward
Andriy Yarmolenko,362,15,1,135,3,0,8,5,30,1.89,1,1,Forward
Andros Townsend,1153,16,2,392,0,0,7,29,24,1.81,0,0,Midfielder
Andros Townsend,2526,36,4,685,4,0,18,77,25,1.81,0,0,Midfielder
Andros Townsend,3129,36,7,1023,3,0,10,60,26,1.81,0,0,Midfielder
Andros Townsend,3018,38,4,1027,1,0,10,62,27,1.81,0,0,Midfielder
Andros Townsend,1289,24,1,393,0,0,9,34,28,1.81,1,0,Midfielder
Andros Townsend,2258,34,5,703,0,0,28,78,29,1.81,0,1,Midfielder
André Gomes,1986,27,1,1200,7,0,49,39,25,1.88,1,1,Midfielder
André Gomes,1460,19,1,851,6,0,38,22,26,1.88,1,1,Midfielder
André Gomes,1569,28,1,876,3,0,35,35,27,1.88,1,1,Midfielder
André Schürrle,1651,24,0,523,2,0,17,29,27,1.84,1,1,Midfielder
Andy Carroll,453,12,0,136,2,0,11,4,29,1.93,0,1,Forward
Andy Carroll,381,18,0,136,1,0,12,3,31,1.93,1,1,Forward
Andy Lonergan,0,0,0,0,0,0,0,0,35,1.93,0,0,Goalkeeper
Andy Lonergan,0,0,0,0,0,0,0,0,36,1.93,0,0,Goalkeeper
Angel Gomes,2,1,0,13,0,0,0,0,15,1.68,0,0,Midfielder
Angel Gomes,25,2,0,21,0,0,0,1,17,1.68,0,0,Midfielder
Angel Gomes,19,2,0,13,0,0,1,0,18,1.68,0,0,Midfielder
Angeliño,0,0,0,0,0,0,0,0,18,1.71,0,0,Defender
Angeliño,421,6,0,338,1,0,2,5,22,1.71,0,0,Defender
Angelo Ogbonna,2327,28,0,945,5,0,21,43,27,1.91,1,1,Defender
Angelo Ogbonna,1755,20,0,805,2,0,13,27,28,1.91,0,1,Defender
Angelo Ogbonna,2880,32,0,1013,3,0,15,30,29,1.91,0,0,Defender
Angelo Ogbonna,1870,24,1,795,2,0,15,31,30,1.91,0,0,Defender
Angelo Ogbonna,2787,31,0,977,4,0,22,38,31,1.91,1,0,Defender
Angelo Ogbonna,2493,28,0,1018,5,0,28,26,32,1.91,1,1,Defender
Angus Gunn,0,0,0,0,0,0,0,0,20,1.96,0,0,Goalkeeper
Angus Gunn,1080,12,0,289,0,0,0,0,22,1.96,0,0,Goalkeeper
Angus Gunn,900,10,0,231,0,0,0,0,23,1.96,0,0,Goalkeeper
Anthony Driscoll-Glennon,0,0,0,0,0,0,0,0,18,1.81,0,0,Defender
Anthony Driscoll-Glennon,0,0,0,0,0,0,0,0,19,1.81,0,0,Defender
Anthony Driscoll-Glennon,0,0,0,0,0,0,0,0,20,1.81,0,0,Defender
Anthony Elanga,156,2,0,53,0,0,2,4,18,1.78,0,0,Forward
Anthony Knockaert,2425,33,1,984,4,1,22,39,25,1.72,0,0,Midfielder
Anthony Knockaert,1831,30,6,616,4,1,22,33,26,1.72,0,0,Midfielder
Anthony Knockaert,0,0,0,0,0,0,0,0,28,1.72,1,1,Midfielder
Anthony Mancini,0,0,0,0,0,0,0,0,19,1.8,0,1,Midfielder
Anthony Martial,2632,31,4,923,2,0,40,21,19,1.81,0,0,Forward
Anthony Martial,1560,25,6,608,2,0,26,17,20,1.81,0,0,Forward
Anthony Martial,1582,30,5,731,1,0,17,15,21,1.81,0,0,Forward
Anthony Martial,1623,27,2,707,2,0,14,9,22,1.81,1,0,Forward
Anthony Martial,2640,32,6,712,1,0,28,15,23,1.81,1,1,Forward
Anthony Martial,1487,22,3,481,0,1,15,2,24,1.81,1,1,Forward
Antonee Robinson,2161,28,0,1047,4,1,20,45,22,1.83,1,1,Defender
Antonio Barragán,2196,26,0,1027,5,0,27,72,29,1.86,1,1,Defender
Antonio Barreca,4,1,0,2,0,0,0,0,23,1.83,0,1,Defender
Antonio Rüdiger,2336,27,1,1709,4,0,26,31,24,1.9,0,1,Defender
Antonio Rüdiger,2874,33,0,2537,7,0,28,34,25,1.9,1,0,Defender
Antonio Rüdiger,1709,20,0,1492,3,0,19,28,26,1.9,1,1,Defender
Antonio Rüdiger,1710,19,0,1523,0,0,16,31,27,1.9,0,1,Defender
Antwoine Hackford,10,1,0,1,0,0,0,0,16,1.77,0,0,Forward
Anwar El Ghazi,2062,34,4,479,3,0,20,20,24,1.89,1,0,Midfielder
Anwar El Ghazi,1612,28,0,523,2,0,18,16,25,1.89,0,1,Midfielder
Archie Mair,0,0,0,0,0,0,0,0,18,1.98,0,0,Goalkeeper
Arijanet Muric,0,0,0,0,0,0,0,0,19,1.98,0,0,Goalkeeper
Armando Broja,4,1,0,1,0,0,0,0,17,1.91,0,0,Forward
Aron Gunnarsson,2274,28,1,749,5,0,26,51,29,1.77,1,0,Midfielder
Arouna Koné,1457,25,4,580,1,0,15,25,31,1.81,0,0,Forward
Arouna Koné,72,6,0,32,0,0,0,0,32,1.81,1,0,Forward
Arthur Masuaku,971,13,1,468,1,0,16,40,22,1.79,1,0,Defender
Arthur Masuaku,1872,27,3,683,5,0,30,58,23,1.79,0,1,Defender
Arthur Masuaku,1755,23,1,880,2,0,16,57,24,1.79,1,0,Defender
Arthur Masuaku,932,17,1,503,4,1,10,41,25,1.79,1,1,Defender
Arthur Masuaku,1010,12,2,476,2,0,10,20,26,1.79,0,1,Defender
Artur Boruc,2880,32,0,743,2,0,1,0,35,1.93,0,0,Goalkeeper
Artur Boruc,3150,35,0,888,2,0,0,0,36,1.93,1,0,Goalkeeper
Artur Boruc,0,0,0,0,0,0,0,0,37,1.93,0,1,Goalkeeper
Artur Boruc,1080,12,0,286,2,0,0,0,38,1.93,0,0,Goalkeeper
Artur Boruc,0,0,0,0,0,0,0,0,39,1.93,0,0,Goalkeeper
Ashley Barnes,1776,28,2,448,6,1,53,21,26,1.85,1,1,Forward
Ashley Barnes,2157,36,0,510,10,0,53,21,27,1.85,1,1,Forward
Ashley Barnes,2387,37,2,518,8,0,54,28,28,1.85,0,1,Forward
Ashley Barnes,1361,19,0,251,4,0,35,10,29,1.85,1,0,Forward
Ashley Barnes,1334,22,0,304,4,0,46,12,30,1.85,1,1,Forward
Ashley Westwood,2719,32,2,1512,6,0,30,62,25,1.74,0,1,Midfielder
Ashley Westwood,550,9,0,257,3,0,8,7,26,1.74,0,0,Midfielder
Ashley Westwood,1106,19,1,599,2,0,13,13,27,1.74,0,0,Midfielder
Ashley Westwood,2822,34,7,1419,5,0,30,59,28,1.74,0,0,Midfielder
Ashley Westwood,3150,35,6,1741,9,0,33,54,29,1.74,1,0,Midfielder
Ashley Westwood,3411,38,3,2044,7,0,35,23,30,1.74,1,1,Midfielder
Ashley Williams,3159,36,3,1720,7,1,38,53,31,1.83,0,1,Defender
Ashley Williams,1832,24,0,732,3,1,25,23,32,1.83,0,0,Defender
Ashley Young,1061,18,2,566,5,0,15,20,30,1.75,0,1,Defender
Ashley Young,757,12,1,429,2,0,9,18,31,1.75,1,0,Defender
Ashley Young,2447,30,4,1285,7,0,29,53,32,1.75,0,1,Defender
Ashley Young,2568,30,2,1376,8,1,37,52,33,1.75,0,0,Defender
Ashley Young,953,12,0,571,5,0,14,14,34,1.75,0,0,Defender
Asmir Begovic,1397,17,0,336,0,0,0,0,28,1.99,0,0,Goalkeeper
Asmir Begovic,180,2,0,46,0,0,0,0,29,1.99,0,0,Goalkeeper
Asmir Begovic,3420,38,0,945,2,0,2,0,30,1.99,0,0,Goalkeeper
Asmir Begovic,2160,24,0,530,0,0,0,0,31,1.99,1,0,Goalkeeper
Axel Tuanzebe,0,0,0,0,0,0,0,0,17,1.85,0,0,Defender
Axel Tuanzebe,305,4,0,143,0,0,6,9,18,1.85,0,0,Defender
Axel Tuanzebe,0,1,0,0,0,0,0,0,19,1.85,0,0,Defender
Axel Tuanzebe,186,5,0,136,0,0,3,2,21,1.85,1,1,Defender
Axel Tuanzebe,400,9,0,263,2,0,6,13,22,1.85,1,1,Defender
Aymeric Laporte,807,9,0,811,1,0,10,8,23,1.89,0,1,Defender
Aymeric Laporte,3057,35,3,2998,3,0,21,42,24,1.89,1,0,Defender
Aymeric Laporte,1104,15,0,1148,1,0,9,13,25,1.89,1,1,Defender
Aymeric Laporte,1342,16,0,1274,1,0,9,13,26,1.89,1,1,Defender
Ayoze Pérez,2046,34,2,588,4,0,35,56,22,1.78,0,0,Forward
Ayoze Pérez,2018,33,4,734,0,0,30,45,26,1.78,0,0,Forward
Ayoze Pérez,1331,25,1,470,2,0,31,32,27,1.78,1,0,Forward
Bacary Sagna,2448,28,3,1587,4,0,17,50,32,1.76,1,0,Defender
Bacary Sagna,1344,17,1,832,2,0,3,23,33,1.76,1,1,Defender
Badou Ndiaye,1140,13,1,337,5,0,24,53,26,1.8,0,0,Midfielder
Bafétimbi Gomis,1696,33,0,509,0,0,17,7,29,1.84,0,1,Forward
Bailey Peacock-Farrell,0,0,0,0,0,0,0,0,22,1.94,0,1,Goalkeeper
Bailey Peacock-Farrell,360,4,0,106,0,0,0,0,23,1.94,1,0,Goalkeeper
Baily Cargill,0,0,0,0,0,0,0,0,20,1.89,1,0,Defender
Baily Cargill,12,1,0,1,0,0,0,1,21,1.89,0,1,Defender
Bakary Sako,1066,20,1,336,1,0,13,18,27,1.83,1,0,Midfielder
Bakary Sako,135,7,0,42,0,0,2,6,28,1.83,1,1,Midfielder
Bakary Sako,468,16,0,131,0,0,8,7,29,1.83,1,1,Midfielder
Bakary Sako,25,4,0,10,0,0,1,2,30,1.83,1,1,Midfielder
Bartosz Kapustka,0,0,0,0,0,0,0,0,19,1.79,0,0,Midfielder
Bastian Schweinsteiger,1201,18,0,1067,3,0,19,36,31,1.83,1,1,Midfielder
Bastian Schweinsteiger,0,0,0,0,0,0,0,0,32,1.83,1,1,Midfielder
Ben Chilwell,0,0,0,0,0,0,0,0,18,1.8,0,0,Defender
Ben Chilwell,694,12,0,301,2,0,7,23,19,1.8,1,0,Defender
Ben Chilwell,1852,24,2,901,1,1,13,36,20,1.8,1,1,Defender
Ben Chilwell,3240,36,4,1684,4,0,32,55,21,1.8,1,1,Defender
Ben Chilwell,2375,27,3,1654,3,0,29,43,22,1.8,1,1,Defender
Ben Chilwell,2291,27,5,1469,3,0,23,42,23,1.8,1,1,Defender
Ben Foster,1350,15,0,369,1,0,0,0,32,1.93,0,1,Goalkeeper
Ben Foster,3420,38,0,1119,2,0,0,0,33,1.93,0,0,Goalkeeper
Ben Foster,3330,37,0,1079,2,0,1,0,34,1.93,0,0,Goalkeeper
Ben Foster,3420,38,0,1151,1,0,2,0,35,1.93,0,0,Goalkeeper
Ben Foster,3420,38,0,1089,1,0,2,0,36,1.93,0,0,Goalkeeper
Ben Gibson,63,1,0,33,1,0,2,1,25,1.85,0,0,Defender
Ben Gibson,0,0,0,0,0,0,0,0,26,1.85,1,0,Defender
Ben Godfrey,2646,30,0,1660,3,1,15,22,21,1.84,1,0,Defender
Ben Godfrey,2683,31,2,1219,4,0,15,55,22,1.84,1,1,Defender
Ben Hamer,0,0,0,0,0,0,0,0,28,1.93,0,0,Goalkeeper
Ben Hamer,274,4,0,71,0,0,0,0,29,1.93,0,0,Goalkeeper
Ben Hamer,553,7,0,191,0,0,0,0,30,1.93,1,0,Goalkeeper
Ben Mee,3015,34,0,1144,5,0,23,47,26,1.8,0,0,Defender
Ben Mee,2610,29,0,1071,5,0,14,33,27,1.8,1,0,Defender
Ben Mee,3420,38,2,1502,9,0,27,54,28,1.8,0,1,Defender
Ben Mee,2880,32,1,1257,7,0,25,41,29,1.8,0,0,Defender
Ben Mee,2694,30,0,1122,3,0,15,32,30,1.8,1,0,Defender
Ben Osborn,588,13,0,231,0,0,9,15,24,1.76,0,0,Midfielder
Ben Osborn,1604,24,0,743,1,0,10,33,25,1.76,0,0,Midfielder
Ben Watson,457,8,0,236,1,0,11,19,32,1.78,0,1,Midfielder
Ben White,0,0,0,0,0,0,0,0,20,1.86,0,0,Defender
Ben White,3196,36,0,1747,3,1,30,49,22,1.86,0,0,Defender
Ben Wilmot,26,2,0,9,0,0,0,0,18,1.88,1,0,Defender
Ben Woodburn,82,5,0,32,0,0,2,4,16,1.74,0,0,Forward
Ben Woodburn,6,1,0,8,0,0,0,0,17,1.74,0,0,Forward
Ben Woodburn,0,0,0,0,0,0,0,0,20,1.74,0,1,Midfielder
Ben Wynter,0,0,0,0,0,0,0,0,18,1.85,0,0,Defender
Beni Baningime,192,8,0,82,1,0,4,6,18,1.78,0,0,Midfielder
Beni Baningime,0,0,0,0,0,0,0,0,20,1.78,0,1,Midfielder
Benik Afobe,938,15,0,224,0,0,15,5,22,1.83,1,0,Forward
Benik Afobe,1451,31,3,297,1,0,21,9,23,1.83,0,1,Forward
Benik Afobe,532,17,0,152,0,0,9,4,24,1.83,1,0,Forward
Benny Ashley-Seal,0,0,0,0,0,0,0,0,20,1.85,0,0,Forward
Beram Kayal,739,19,0,227,2,0,15,18,29,1.78,1,0,Midfielder
Beram Kayal,932,18,1,271,4,0,18,28,30,1.78,1,1,Midfielder
Bernard,2128,34,3,806,5,0,17,49,25,1.64,0,1,Forward
Bernard,1279,27,2,540,2,0,19,32,26,1.64,1,0,Forward
Bernard,448,12,0,252,2,0,6,8,27,1.64,0,1,Forward
Bernardo,1750,22,1,785,4,0,17,62,23,1.86,1,1,Defender
Bernardo,675,14,0,330,1,0,3,27,24,1.86,0,1,Defender
Bernardo,205,3,0,74,0,0,1,10,25,1.86,0,0,Defender
Bernardo Espinosa,975,11,0,526,2,0,17,22,27,1.92,0,1,Defender
Bernardo Rosa,0,0,0,0,0,0,0,0,18,1.77,0,0,Midfielder
Bernardo Silva,1519,35,4,935,0,0,9,27,22,1.73,0,1,Midfielder
Bernardo Silva,2853,36,7,1706,3,0,31,52,23,1.73,0,0,Midfielder
Bernardo Silva,2028,34,7,1374,5,0,23,36,24,1.73,0,0,Midfielder
Bernardo Silva,2070,26,6,1372,5,0,17,26,25,1.73,1,0,Midfielder
Bernd Leno,2835,32,0,922,0,0,0,0,26,1.9,1,1,Goalkeeper
Bernd Leno,2650,30,0,800,2,0,0,0,27,1.9,1,1,Goalkeeper
Bernd Leno,3132,35,0,997,0,1,2,0,28,1.9,0,1,Goalkeeper
Bersant Celina,13,1,1,12,0,0,0,1,18,1.81,0,0,Midfielder
Bertrand Traoré,2334,36,6,700,1,0,31,26,24,1.81,1,0,Forward
Billy Gilmour,259,5,0,225,0,0,2,4,19,1.7,1,0,Midfielder
Billy Koumetio,0,0,0,0,0,0,0,0,17,1.95,0,0,Defender
Billy Sharp,1047,25,2,212,1,1,20,6,33,1.75,0,0,Forward
Billy Sharp,728,16,0,112,1,0,14,5,34,1.75,0,0,Forward
Björn Engels,1446,17,0,647,1,0,5,11,24,1.94,1,0,Defender
Björn Engels,0,0,0,0,0,0,0,0,25,1.94,1,1,Defender
Boaz Myhill,2070,23,0,604,2,0,0,0,32,1.91,0,0,Goalkeeper
Boaz Myhill,0,0,0,0,0,0,0,0,33,1.91,1,0,Goalkeeper
Boaz Myhill,90,1,0,19,1,0,1,0,34,1.91,0,1,Goalkeeper
Bobby Thomas,0,0,0,0,0,0,0,0,18,1.86,0,0,Defender
Bobby Thomas,0,0,0,0,0,0,0,0,19,1.86,0,0,Defender
Borja Bastón,546,18,0,180,0,0,3,5,23,1.86,1,0,Forward
Borja Bastón,16,2,0,6,0,0,0,1,26,1.86,0,1,Forward
Brad Guzan,2520,28,0,721,2,0,0,0,30,1.93,0,0,Goalkeeper
Brad Guzan,900,10,0,297,0,0,1,0,31,1.93,0,0,Goalkeeper
Brad Smith,285,4,0,108,1,1,7,11,21,1.77,0,0,Defender
Brad Smith,270,5,0,114,1,0,2,5,22,1.77,1,0,Defender
Brad Smith,0,0,0,0,0,0,0,0,23,1.77,1,1,Defender
Bradley Johnson,151,4,0,67,0,0,4,5,28,1.83,0,0,Midfielder
Brahim Díaz,49,5,0,28,0,0,1,1,17,1.71,0,0,Forward
Brandon Barker,0,0,0,0,0,0,0,0,18,1.8,0,0,Forward
Brandon Pierrick,13,2,0,7,0,0,0,0,17,1.82,0,0,Forward
Brandon Williams,186,4,0,123,0,0,2,0,19,1.8,0,0,Defender
Branislav Ivanovic,2918,33,2,1301,5,0,32,66,31,1.85,1,0,Defender
Branislav Ivanovic,582,13,0,329,2,0,8,11,32,1.85,1,1,Defender
Branislav Ivanovic,765,13,0,317,2,0,11,14,36,1.85,0,0,Defender
Brede Hangeland,630,7,0,242,2,0,13,10,34,1.99,0,0,Defender
Brendan Galloway,1222,15,1,396,2,0,9,50,19,1.86,1,0,Defender
Brendan Galloway,248,3,0,59,0,0,6,7,20,1.86,1,1,Defender
Brian Murphy,0,0,0,0,0,0,0,0,35,1.85,0,0,Goalkeeper
Bright Enobakhare,0,0,0,0,0,0,0,0,20,1.8,0,0,Forward
Brown Ideye,0,0,0,0,0,0,0,0,26,1.81,0,1,Forward
Bruno Ecuele Manga,3375,38,1,957,0,0,15,69,30,1.86,0,0,Defender
Bruno Fernandes,1193,14,7,777,2,0,9,22,24,1.79,0,1,Midfielder
Bruno Fernandes,3108,37,12,2112,6,0,43,57,25,1.79,0,0,Midfielder
Bruno Jordão,6,1,0,6,0,0,0,0,20,1.8,1,0,Midfielder
Bruno Martins Indi,3147,35,0,1115,5,0,25,61,24,1.85,0,0,Defender
Bruno Martins Indi,1244,17,0,351,3,0,12,21,25,1.85,1,0,Defender
Bryan Oviedo,998,14,1,432,0,0,17,41,25,1.72,1,1,Defender
Bryan Oviedo,1326,16,0,398,3,0,14,31,26,1.72,1,1,Defender
Bukayo Saka,7,1,0,0,0,0,0,0,16,1.78,0,0,Midfielder
Bukayo Saka,1753,26,5,675,6,0,22,36,17,1.78,1,0,Midfielder
Bukayo Saka,2561,32,3,978,1,0,28,25,18,1.78,1,1,Midfielder
Caleb Watts,36,3,0,12,1,0,0,2,18,1.73,0,0,Midfielder
Callum Connolly,36,1,0,8,0,0,0,0,17,1.83,0,0,Defender
Callum Hudson-Odoi,27,2,0,16,0,0,0,0,16,1.77,0,0,Forward
Callum Hudson-Odoi,391,10,1,207,0,0,1,8,17,1.77,1,0,Forward
Callum Hudson-Odoi,851,22,5,412,1,0,11,10,18,1.77,1,1,Forward
Callum Hudson-Odoi,1054,23,3,576,0,0,11,23,19,1.77,1,1,Forward
Callum McManaman,274,12,1,77,2,0,2,6,24,1.74,1,1,Midfielder
Callum Paterson,1997,27,1,552,4,0,41,21,23,1.83,1,0,Forward
Callum Robinson,676,16,1,138,1,0,11,6,24,1.78,1,1,Forward
Callum Slattery,110,3,0,31,0,0,4,4,19,1.8,0,0,Midfielder
Callum Wilson,770,13,0,131,0,0,12,5,23,1.8,1,0,Forward
Callum Wilson,1366,20,0,191,0,0,30,6,24,1.8,1,1,Forward
Callum Wilson,2535,30,9,440,3,0,41,9,26,1.8,1,0,Forward
Callum Wilson,2897,35,1,510,10,0,55,12,27,1.8,1,1,Forward
Calum Chambers,312,12,0,195,2,0,6,8,20,1.82,0,0,Defender
Calum Chambers,2250,25,1,1116,4,0,23,49,21,1.82,1,0,Defender
Calum Chambers,869,12,0,600,1,0,10,17,22,1.82,1,1,Defender
Calum Chambers,2586,31,0,1484,9,0,34,63,23,1.82,1,1,Defender
Calum Chambers,1102,14,1,796,5,0,18,26,24,1.82,1,1,Defender
Calum Chambers,752,10,2,479,0,0,7,7,25,1.82,0,1,Defender
Cameron Borthwick-Jackson,692,10,1,353,0,0,8,8,18,1.89,0,0,Defender
Cameron Brannagan,112,3,0,124,0,0,0,5,19,1.8,0,0,Midfielder
Cameron Carter-Vickers,0,0,0,0,0,0,0,0,18,1.83,1,0,Defender
Cameron Carter-Vickers,0,0,0,0,0,0,0,0,19,1.83,0,1,Defender
Cameron Jerome,1776,34,2,405,2,0,36,11,28,1.85,0,0,Forward
Caoimhin Kelleher,0,0,0,0,0,0,0,0,20,1.88,0,0,Goalkeeper
Caoimhin Kelleher,180,2,0,52,0,0,0,0,21,1.88,0,0,Goalkeeper
Carl Jenkinson,1224,20,0,505,3,1,13,24,23,1.85,1,1,Defender
Carl Jenkinson,83,1,0,35,0,0,1,4,24,1.85,0,1,Defender
Carl Jenkinson,165,3,0,75,0,0,1,3,26,1.85,1,1,Defender
Carles Gil,1440,23,0,730,3,0,3,22,22,1.71,0,1,Midfielder
Carlos Vinícius,303,9,0,46,2,0,11,3,25,1.9,0,1,Forward
Carney Chukwuemeka,18,2,0,9,0,0,2,2,16,1.85,0,0,Midfielder
Cengiz Ünder,274,9,2,111,0,0,1,4,23,1.73,1,1,Midfielder
Cenk Tosun,991,14,0,263,0,0,25,6,26,1.83,0,0,Forward
Cenk Tosun,1050,25,3,258,3,0,17,13,27,1.83,1,0,Forward
Cenk Tosun,466,10,0,98,0,0,8,4,28,1.83,1,1,Forward
Cenk Tosun,43,5,0,14,1,0,1,0,29,1.83,1,1,Forward
Cesc Fàbregas,2897,37,7,2829,5,0,38,103,28,1.79,0,0,Midfielder
Cesc Fàbregas,1328,29,12,1326,8,0,23,30,29,1.79,1,0,Midfielder
Cesc Fàbregas,2310,32,4,2189,4,1,25,68,30,1.79,1,1,Midfielder
Cesc Fàbregas,175,6,0,193,1,0,1,6,31,1.79,1,1,Midfielder
Chancel Mbemba,2924,33,0,1147,5,0,21,77,20,1.82,1,1,Defender
Chancel Mbemba,673,9,0,213,0,0,5,16,22,1.82,0,0,Defender
Charles N Zogbia,41,2,0,9,0,0,1,1,29,1.71,0,0,Midfielder
Charlie Adam,1041,22,1,546,6,1,30,18,29,1.85,1,0,Midfielder
Charlie Adam,1495,24,3,868,7,0,41,19,30,1.85,0,1,Midfielder
Charlie Adam,408,11,0,246,2,1,8,9,31,1.85,0,0,Midfielder
Charlie Austin,209,7,0,50,0,0,3,5,26,1.88,1,0,Forward
Charlie Austin,939,15,1,255,1,0,14,14,27,1.88,1,1,Forward
Charlie Austin,1030,24,0,244,2,0,16,7,28,1.88,1,1,Forward
Charlie Austin,979,25,2,197,1,0,14,13,29,1.88,1,1,Forward
Charlie Colkett,0,0,0,0,0,0,0,0,18,1.76,0,0,Midfielder
Charlie Cresswell,0,0,0,0,0,0,0,0,17,1.9,0,0,Defender
Charlie Daniels,3285,37,5,1692,2,0,10,75,28,1.78,1,0,Defender
Charlie Daniels,3060,34,3,1616,1,0,12,58,29,1.78,1,1,Defender
Charlie Daniels,3004,35,3,1568,0,0,7,48,30,1.78,0,1,Defender
Charlie Daniels,1583,21,0,840,4,0,7,25,31,1.78,1,0,Defender
Charlie Daniels,127,2,0,37,0,0,0,1,32,1.78,0,1,Defender
Charlie Rowan,0,0,0,0,0,0,0,0,18,1.92,0,0,Defender
Cheikh Diaby,0,0,0,0,0,0,0,0,20,1.75,0,0,Forward
Cheikhou Kouyaté,3010,34,2,1234,5,1,36,95,25,1.89,0,1,Midfielder
Cheikhou Kouyaté,2728,31,0,1071,3,0,44,76,26,1.89,1,0,Midfielder
Cheikhou Kouyaté,2802,33,3,955,5,0,45,71,27,1.89,1,1,Midfielder
Cheikhou Kouyaté,1897,31,2,765,3,0,34,58,28,1.89,1,1,Midfielder
Cheikhou Kouyaté,2535,35,1,851,4,0,33,67,29,1.89,1,1,Midfielder
Cheikhou Kouyaté,3122,36,0,1279,4,0,36,58,30,1.89,0,1,Midfielder
Chicharito,23,1,0,14,0,0,0,0,27,1.75,1,0,Forward
Chicharito,1543,28,0,373,3,0,15,11,29,1.75,1,1,Forward
Chicharito,1334,25,1,322,2,0,9,3,30,1.75,1,1,Forward
Chicharito,107,2,0,20,0,0,0,0,31,1.75,1,1,Forward
Chris Basham,3255,38,1,1316,4,0,26,85,31,1.9,0,0,Defender
Chris Basham,2586,31,1,1057,5,0,25,69,32,1.9,0,0,Defender
Chris Brunt,1802,22,3,621,7,0,18,28,30,1.87,0,0,Midfielder
Chris Brunt,2477,31,4,910,5,0,17,36,31,1.87,1,0,Midfielder
Chris Brunt,1922,26,7,882,5,0,15,41,32,1.87,0,1,Midfielder
Chris Löwe,1595,23,0,619,1,0,13,43,28,1.73,0,0,Defender
Chris Löwe,2056,29,2,840,2,0,14,34,29,1.73,1,0,Defender
Chris Mepham,849,13,1,405,1,0,7,9,20,1.9,0,0,Defender
Chris Mepham,910,12,0,500,1,0,11,20,21,1.9,1,0,Defender
Chris Smalling,3150,35,1,1533,8,0,47,55,25,1.94,0,0,Defender
Chris Smalling,1213,18,1,464,0,0,8,12,26,1.94,1,0,Defender
Chris Smalling,2535,29,0,1137,4,0,24,40,27,1.94,0,1,Defender
Chris Smalling,2128,24,0,954,1,0,22,30,28,1.94,1,0,Defender
Chris Wood,1634,24,1,415,1,0,18,7,25,1.91,1,0,Forward
Chris Wood,2595,38,2,599,2,0,26,13,26,1.91,0,1,Forward
Chris Wood,2446,32,1,460,1,0,34,7,27,1.91,1,0,Forward
Chris Wood,2751,33,3,653,0,0,38,12,28,1.91,1,1,Forward
Christian Atsu,1782,28,2,448,1,0,10,17,25,1.65,1,0,Midfielder
Christian Atsu,1487,28,0,383,2,0,13,24,26,1.65,0,1,Midfielder
Christian Atsu,739,19,3,198,2,0,11,10,27,1.65,1,0,Midfielder
Christian Benteke,1518,29,3,516,2,0,29,8,24,1.9,1,1,Forward
Christian Benteke,3137,36,2,920,10,0,81,9,25,1.9,0,1,Forward
Christian Benteke,2234,31,5,672,6,0,48,11,26,1.9,1,0,Forward
Christian Benteke,813,16,1,241,1,0,18,5,27,1.9,1,1,Forward
Christian Benteke,1257,24,1,337,4,1,25,9,28,1.9,1,1,Forward
Christian Benteke,1817,30,1,575,1,1,35,15,29,1.9,1,1,Forward
Christian Eriksen,2942,35,13,1841,2,0,13,47,23,1.82,1,0,Midfielder
Christian Eriksen,3167,36,15,1977,0,0,20,45,24,1.82,0,1,Midfielder
Christian Eriksen,3226,37,10,2258,0,0,14,51,25,1.82,0,0,Midfielder
Christian Eriksen,2772,35,12,1872,3,0,17,41,26,1.82,1,0,Midfielder
Christian Eriksen,1091,20,2,674,5,0,9,19,27,1.82,1,1,Midfielder
Christian Fuchs,2710,32,4,1180,4,0,33,99,29,1.87,1,0,Defender
Christian Fuchs,3103,36,4,1294,10,0,29,97,30,1.87,0,1,Defender
Christian Fuchs,1917,25,1,896,1,0,12,41,31,1.87,0,0,Defender
Christian Fuchs,206,3,0,118,0,0,3,4,32,1.87,0,0,Defender
Christian Fuchs,770,11,0,563,0,0,2,14,33,1.87,0,0,Defender
Christian Fuchs,702,9,0,524,4,0,14,18,34,1.87,1,0,Defender
Christian Kabasele,766,16,0,238,1,0,13,15,25,1.87,1,0,Defender
Christian Kabasele,2332,28,0,903,5,0,31,42,26,1.87,0,1,Defender
Christian Kabasele,1587,21,0,550,2,1,22,25,27,1.87,1,0,Defender
Christian Kabasele,2251,27,2,670,1,2,22,37,28,1.87,1,1,Defender
Christian Marques,0,0,0,0,0,0,0,0,17,1.87,0,0,Defender
Christian Pulisic,1727,25,4,668,0,0,14,23,20,1.77,1,1,Midfielder
Christian Pulisic,1735,27,2,662,2,0,13,19,21,1.77,1,1,Midfielder
Christian Saydee,0,0,0,0,0,0,0,0,17,1.81,0,0,Midfielder
Christian Walton,0,0,0,0,0,0,0,0,24,1.95,1,0,Goalkeeper
Christoph Zimmermann,1430,17,1,661,3,0,9,32,26,1.94,1,0,Defender
Christopher Schindler,3266,37,1,1389,6,1,30,83,27,1.88,0,0,Defender
Christopher Schindler,3262,37,0,1551,4,1,26,61,28,1.88,1,0,Defender
Chuba Akpom,0,0,0,0,0,0,0,0,20,1.86,1,0,Forward
Ciaran Clark,1440,18,0,559,6,0,14,24,25,1.85,0,1,Defender
Ciaran Clark,1745,20,1,699,3,0,17,25,27,1.85,1,0,Defender
Ciaran Clark,857,11,0,304,1,0,6,20,28,1.85,1,1,Defender
Ciaran Clark,1893,22,0,790,3,0,16,24,30,1.85,1,1,Defender
Claudio Bravo,1969,22,0,664,0,0,0,0,33,1.84,1,1,Goalkeeper
Claudio Bravo,225,3,0,55,0,0,0,0,34,1.84,0,1,Goalkeeper
Claudio Bravo,0,0,0,0,0,0,0,0,35,1.84,1,0,Goalkeeper
Claudio Bravo,346,4,0,119,0,0,0,0,36,1.84,0,1,Goalkeeper
Claudio Gomes,0,0,0,0,0,0,0,0,20,1.8,0,0,Midfielder
Claudio Yacob,2851,34,1,1092,8,0,62,108,28,1.82,0,0,Midfielder
Claudio Yacob,2422,33,0,933,9,0,39,94,29,1.82,0,0,Midfielder
Claudio Yacob,898,16,0,374,5,0,25,36,30,1.82,0,0,Midfielder
Clinton N Jie,184,8,1,72,0,0,4,7,21,1.75,1,0,Forward
Cody Drameh,0,0,0,0,0,0,0,0,18,1.75,0,0,Defender
Cole Palmer,0,0,0,0,0,0,0,0,18,1.82,0,0,Midfielder
Collin Quaner,1271,26,4,422,4,0,14,22,26,1.91,1,1,Forward
Collin Quaner,37,2,0,17,0,0,2,0,27,1.91,0,1,Forward
Connor Dymond,0,0,0,0,0,0,0,0,20,1.75,0,0,Midfielder
Connor Goldson,199,3,0,83,1,0,2,2,24,1.91,0,0,Defender
Connor Mahoney,0,0,0,0,0,0,0,0,20,1.75,0,0,Midfielder
Connor Randall,163,3,0,82,0,0,2,3,19,1.8,0,0,Defender
Connor Randall,0,0,0,0,0,0,0,0,20,1.8,0,0,Defender
Connor Wickham,1324,21,3,387,1,0,32,13,22,1.89,1,1,Forward
Connor Wickham,410,8,0,98,1,0,12,4,23,1.89,1,1,Forward
Connor Wickham,60,6,1,11,0,0,3,0,25,1.89,1,1,Forward
Connor Wickham,90,6,1,46,0,0,4,1,26,1.89,1,1,Forward
Connor Wickham,0,0,0,0,0,0,0,0,27,1.89,0,1,Forward
Conor Coady,3420,38,0,1688,5,0,10,31,25,1.85,0,0,Defender
Conor Coady,3420,38,0,1849,5,0,17,36,26,1.85,0,0,Defender
Conor Coady,3304,37,0,1857,5,0,22,35,27,1.85,0,0,Defender
Conor Coventry,0,0,0,0,0,0,0,0,18,1.77,0,0,Midfielder
Conor Coventry,0,0,0,0,0,0,0,0,19,1.77,0,0,Midfielder
Conor Coventry,0,0,0,0,0,0,0,0,20,1.77,0,0,Midfielder
Conor Gallagher,2532,30,2,890,11,0,43,81,20,1.82,0,0,Midfielder
Conor Hourihane,1539,27,5,612,4,0,14,16,28,1.81,0,0,Midfielder
Conor Hourihane,228,4,1,133,0,0,1,0,29,1.81,1,0,Midfielder
Conor Masterson,0,0,0,0,0,0,0,0,18,1.85,0,0,Defender
Conor McAleny,0,0,0,0,0,0,0,0,22,1.78,0,0,Forward
Corey Jordan,0,0,0,0,0,0,0,0,16,1.88,0,0,Defender
Costel Pantilimon,1530,17,0,497,3,0,2,0,28,2.03,0,1,Goalkeeper
Costel Pantilimon,81,2,0,33,0,0,0,0,29,2.03,1,0,Goalkeeper
Costel Pantilimon,0,0,0,0,0,0,0,0,30,2.03,1,1,Goalkeeper
Craig Cathcart,3033,35,0,1032,3,0,9,45,26,1.89,0,0,Defender
Craig Cathcart,1161,15,1,364,3,0,13,23,27,1.89,0,0,Defender
Craig Cathcart,495,7,0,185,1,0,2,8,28,1.89,1,0,Defender
Craig Cathcart,3098,36,0,1280,2,0,16,50,29,1.89,0,1,Defender
Craig Cathcart,2489,29,0,914,7,0,13,41,30,1.89,1,0,Defender
Craig Dawson,3385,38,0,1115,3,0,28,59,25,1.88,0,0,Defender
Craig Dawson,2509,28,0,906,6,0,35,38,27,1.88,1,0,Defender
Craig Dawson,2359,29,0,937,6,0,31,29,29,1.88,0,0,Defender
Craig Dawson,1926,22,0,764,3,1,14,11,30,1.88,0,0,Defender
Craig Gardner,2034,34,3,616,5,0,38,51,28,1.76,0,0,Midfielder
Craig Gardner,213,9,1,61,1,0,8,4,29,1.76,0,0,Midfielder
Cristhian Stuani,1359,23,0,383,4,0,21,35,29,1.84,0,0,Forward
Cristian Gamboa,27,1,0,12,1,0,1,2,25,1.75,1,0,Defender
Crysencio Summerville,0,0,0,0,0,0,0,0,18,1.74,0,0,Midfielder
Cuco Martina,1079,15,1,428,1,0,15,37,25,1.85,0,1,Defender
Cuco Martina,591,9,0,307,0,0,4,11,26,1.85,0,0,Defender
Cuco Martina,1830,21,2,780,1,0,26,61,27,1.85,0,0,Defender
Cuco Martina,0,0,0,0,0,0,0,0,29,1.85,0,0,Defender
Curtis Jones,0,0,0,0,0,0,0,0,16,1.85,0,0,Midfielder
Curtis Jones,0,0,0,0,0,0,0,0,17,1.85,0,0,Midfielder
Curtis Jones,122,6,0,123,0,0,3,4,18,1.85,0,0,Midfielder
Curtis Jones,1177,24,2,966,2,0,18,16,19,1.85,0,0,Midfielder
Cyrus Christie,1943,28,1,884,7,0,29,41,25,1.88,0,0,Defender
Cyrus Christie,0,0,0,0,0,0,0,0,27,1.88,0,0,Defender
Cédric Kipré,0,0,0,0,0,0,0,0,23,1.93,0,0,Defender
Cédric Soares,1971,24,2,786,3,0,18,70,23,1.71,1,1,Defender
Cédric Soares,2520,30,3,1256,7,0,22,83,24,1.71,1,1,Defender
Cédric Soares,2797,32,3,1275,3,0,16,54,25,1.71,1,1,Defender
Cédric Soares,1494,18,2,594,4,0,9,23,26,1.71,1,1,Defender
Cédric Soares,1559,21,1,593,1,0,16,53,27,1.71,1,1,Defender
Cédric Soares,745,10,1,365,1,0,6,12,28,1.71,1,1,Defender
César Azpilicueta,3201,37,3,1798,7,0,39,114,25,1.78,0,0,Defender
César Azpilicueta,3420,38,4,2459,4,0,27,84,26,1.78,0,0,Defender
César Azpilicueta,3330,37,6,2760,1,0,25,80,27,1.78,0,0,Defender
César Azpilicueta,3403,38,5,2483,4,0,39,105,28,1.78,0,0,Defender
César Azpilicueta,3230,36,6,2435,1,0,40,86,29,1.78,1,0,Defender
César Azpilicueta,2190,26,2,1887,5,1,32,53,30,1.78,0,1,Defender
Dael Fry,0,0,0,0,0,0,0,0,18,1.9,0,0,Defender
Dale Stephens,3240,36,3,1757,6,0,50,104,28,1.85,0,0,Midfielder
Dale Stephens,2487,30,1,1353,6,1,44,84,29,1.85,1,0,Midfielder
Dale Stephens,2529,33,1,1675,8,0,42,73,30,1.85,1,1,Midfielder
Dale Stephens,258,7,0,119,1,0,8,11,31,1.85,1,1,Midfielder
Daley Blind,3116,35,1,2029,2,0,27,95,25,1.8,0,1,Defender
Daley Blind,1828,23,2,1040,2,0,14,45,26,1.8,0,0,Defender
Daley Blind,360,7,0,224,0,0,4,6,27,1.8,1,0,Defender
Dame N Doye,566,11,0,187,2,0,20,12,30,1.86,0,0,Forward
Damien Delaney,2880,32,3,1055,2,0,18,31,34,1.9,1,0,Defender
Damien Delaney,2006,30,2,889,8,0,26,25,35,1.9,0,1,Defender
Damien Delaney,95,2,0,38,0,0,0,2,36,1.9,0,0,Defender
Dan Burn,0,0,0,0,0,0,0,0,26,2.01,0,0,Defender
Dan Burn,2881,34,0,1569,5,0,32,67,27,2.01,0,0,Defender
Dan Burn,2059,27,0,1100,5,0,35,50,28,2.01,0,0,Defender
Dan Gosling,2398,34,1,1194,6,0,31,73,25,1.8,0,0,Midfielder
Dan Gosling,1356,27,0,825,6,0,25,50,26,1.8,0,0,Midfielder
Dan Gosling,1941,28,1,1062,8,0,38,50,27,1.8,0,0,Midfielder
Dan Gosling,1737,25,1,970,8,0,29,58,28,1.8,1,0,Midfielder
Dan Gosling,1260,24,1,520,3,0,21,26,29,1.8,1,1,Midfielder
Dane Scarlett,0,1,0,0,0,0,0,0,16,1.8,0,0,Forward
Dani Ceballos,1699,24,2,1251,1,0,19,45,22,1.79,1,0,Midfielder
Dani Ceballos,1613,25,3,1272,4,0,23,37,23,1.79,1,1,Midfielder
Daniel Adshead,0,0,0,0,0,0,0,0,17,1.79,0,0,Midfielder
Daniel Amartey,101,5,0,66,0,0,0,1,20,1.86,0,0,Defender
Daniel Amartey,1666,24,1,782,3,0,30,41,21,1.86,0,0,Defender
Daniel Amartey,490,8,0,250,0,1,5,8,22,1.86,1,0,Defender
Daniel Amartey,640,9,0,371,2,0,6,18,23,1.86,0,1,Defender
Daniel Amartey,719,12,0,454,3,0,3,11,25,1.86,1,1,Defender
Daniel Ayala,916,14,0,380,3,0,15,11,25,1.9,1,0,Defender
Daniel Bachmann,0,0,0,0,0,0,0,0,21,1.91,0,0,Goalkeeper
Daniel Bachmann,0,0,0,0,0,0,0,0,23,1.91,0,0,Goalkeeper
Daniel Batty,0,0,0,0,0,0,0,0,18,1.78,0,0,Midfielder
Daniel Jebbison,284,4,0,35,0,0,6,6,17,1.9,0,0,Forward
Daniel Podence,286,9,0,95,0,0,5,3,23,1.65,0,0,Midfielder
Daniel Podence,1677,24,2,601,3,0,14,12,24,1.65,1,0,Midfielder
Daniel Pudil,0,0,0,0,0,0,0,0,29,1.84,0,0,Defender
Daniel Sturridge,980,14,1,317,0,0,2,3,25,1.82,0,0,Forward
Daniel Sturridge,769,20,1,278,1,0,5,1,26,1.82,1,0,Forward
Daniel Sturridge,547,15,1,158,0,0,1,0,27,1.82,1,1,Forward
Daniel Sturridge,496,18,1,190,1,0,5,3,28,1.82,0,1,Forward
Danilo,1340,23,2,1111,2,0,12,43,26,1.84,1,1,Defender
Danilo,806,11,0,767,1,0,10,20,27,1.84,1,1,Defender
Danny Graham,357,10,0,88,0,0,8,1,29,1.83,0,0,Forward
Danny Ings,339,6,0,80,1,0,7,1,23,1.77,1,1,Forward
Danny Ings,265,8,0,76,0,0,6,5,25,1.77,0,0,Forward
Danny Ings,1666,24,3,392,1,0,16,30,26,1.77,1,0,Forward
Danny Ings,2814,38,2,643,3,0,36,42,27,1.77,0,1,Forward
Danny Ings,2183,29,4,501,1,0,19,22,28,1.77,1,0,Forward
Danny Rose,2132,24,3,1062,7,0,41,67,25,1.73,0,1,Defender
Danny Rose,1533,18,2,783,8,0,26,50,26,1.73,1,0,Defender
Danny Rose,802,10,1,378,4,0,12,15,27,1.73,1,1,Defender
Danny Rose,1798,26,3,929,5,0,26,49,28,1.73,1,1,Defender
Danny Rose,1759,23,0,837,7,0,25,39,29,1.73,0,1,Defender
Danny Welbeck,578,11,2,148,1,0,6,11,24,1.85,1,1,Forward
Danny Welbeck,747,16,2,192,0,0,7,8,25,1.85,1,1,Forward
Danny Welbeck,1183,28,2,392,1,0,13,20,26,1.85,1,1,Forward
Danny Welbeck,147,8,1,54,0,0,3,3,27,1.85,1,1,Forward
Danny Welbeck,817,18,0,165,0,0,9,14,28,1.85,1,1,Forward
Danny Welbeck,1548,24,1,258,0,0,19,12,29,1.85,1,1,Forward
Dara O Shea,2103,28,0,810,3,0,13,45,21,1.89,1,0,Defender
Darnell Furlong,2929,35,3,816,5,0,34,45,24,1.83,0,0,Defender
Darnell Johnson,0,0,0,0,0,0,0,0,20,1.85,0,0,Defender
Darren Fletcher,2222,27,1,1048,0,0,14,47,33,1.84,0,0,Midfielder
Darren Randolph,540,6,0,164,0,0,0,0,28,1.87,1,0,Goalkeeper
Darren Randolph,1980,22,0,625,1,0,0,0,29,1.87,0,1,Goalkeeper
Darren Randolph,180,2,0,36,0,0,0,0,32,1.87,0,0,Goalkeeper
Darren Randolph,270,3,0,61,0,0,0,0,33,1.87,0,0,Goalkeeper
Darron Gibson,238,7,1,181,3,0,4,4,27,1.83,1,1,Midfielder
Darron Gibson,641,12,0,387,4,0,12,13,28,1.83,1,1,Midfielder
Daryl Janmaat,2755,32,4,1252,5,1,29,80,26,1.85,0,0,Defender
Daryl Janmaat,1615,27,1,604,2,0,17,45,27,1.85,1,0,Defender
Daryl Janmaat,1822,23,0,768,3,0,14,46,28,1.85,1,1,Defender
Daryl Janmaat,1521,18,2,599,3,0,16,36,29,1.85,1,1,Defender
Daryl Janmaat,608,8,1,267,1,0,5,14,30,1.85,1,1,Defender
David Brooks,2279,30,5,855,3,0,15,38,21,1.73,1,0,Midfielder
David Brooks,511,9,0,153,1,0,4,5,22,1.73,1,1,Midfielder
David Button,360,4,0,99,0,0,0,0,29,1.91,1,0,Goalkeeper
David Button,0,0,0,0,0,0,0,0,30,1.91,0,1,Goalkeeper
David Button,90,1,0,36,0,0,0,0,31,1.91,0,0,Goalkeeper
David Jones,87,1,0,37,1,0,1,0,31,1.83,0,0,Midfielder
David Luiz,2956,33,0,1570,6,0,29,42,29,1.89,0,1,Defender
David Luiz,839,10,0,492,4,1,12,18,30,1.89,1,0,Defender
David Luiz,3239,36,2,2620,3,0,34,41,31,1.89,0,1,Defender
David Luiz,2811,33,1,1799,5,2,30,28,32,1.89,0,0,Defender
David Luiz,1396,20,0,998,1,1,15,12,33,1.89,1,0,Defender
David Marshall,1440,16,0,410,0,0,0,0,31,1.87,0,0,Goalkeeper
David Martin,0,0,0,0,0,0,0,0,34,1.88,0,1,Goalkeeper
David McGoldrick,1824,28,2,610,2,0,30,41,31,1.84,1,0,Forward
David McGoldrick,2402,35,1,909,7,0,45,33,32,1.84,1,1,Forward
David Meyler,954,20,0,509,2,0,9,27,27,1.89,0,0,Midfielder
David Nugent,39,4,0,14,0,0,2,1,31,1.8,0,0,Forward
David Ospina,360,4,0,110,0,0,0,0,26,1.83,0,0,Goalkeeper
David Ospina,142,2,0,44,0,0,0,0,27,1.83,1,0,Goalkeeper
David Ospina,380,5,0,117,0,0,0,0,28,1.83,1,1,Goalkeeper
David Silva,1801,24,11,1386,1,0,19,36,29,1.7,1,0,Midfielder
David Silva,2767,34,7,2075,6,0,29,43,30,1.7,0,1,Midfielder
David Silva,2437,29,11,2429,5,0,21,32,31,1.7,0,0,Midfielder
David Silva,2411,33,8,2015,3,0,26,30,32,1.7,1,0,Midfielder
David Silva,1833,27,10,1483,0,0,20,26,33,1.7,1,1,Midfielder
David de Gea,3060,34,0,854,0,0,0,0,24,1.89,1,1,Goalkeeper
David de Gea,3150,35,0,849,2,0,0,0,25,1.89,0,1,Goalkeeper
David de Gea,3330,37,0,942,0,0,0,0,26,1.89,0,0,Goalkeeper
David de Gea,3420,38,0,948,1,0,1,0,27,1.89,0,0,Goalkeeper
David de Gea,3420,38,0,786,2,0,0,0,28,1.89,1,0,Goalkeeper
David de Gea,2295,26,0,501,0,0,0,0,29,1.89,1,1,Goalkeeper
Davide Zappacosta,1094,22,1,445,0,0,7,26,25,1.82,0,1,Defender
Davide Zappacosta,125,4,0,75,0,0,2,0,26,1.82,1,0,Defender
Davy Klaassen,249,7,0,99,0,0,5,3,24,1.79,1,1,Midfielder
Davy Pröpper,3120,35,4,1387,2,1,41,73,25,1.85,0,0,Midfielder
Davy Pröpper,2551,30,1,1213,2,0,33,50,26,1.85,1,0,Midfielder
Davy Pröpper,2828,35,2,1784,4,0,31,64,27,1.85,1,1,Midfielder
Davy Pröpper,210,7,0,93,0,0,1,6,28,1.85,1,1,Midfielder
DeAndre Yedlin,1812,23,1,519,2,0,21,39,22,1.73,0,0,Defender
DeAndre Yedlin,2842,34,2,1000,5,0,32,57,24,1.73,1,1,Defender
DeAndre Yedlin,2475,29,2,732,6,1,41,54,25,1.73,1,1,Defender
DeAndre Yedlin,934,16,0,246,3,0,8,18,26,1.73,1,1,Defender
DeAndre Yedlin,437,6,0,135,0,0,4,9,27,1.73,1,1,Defender
Dean Hammond,0,0,0,0,0,0,0,0,32,1.82,0,0,Midfielder
Dean Marney,1770,96,10,2854,26,1,110,181,32,1.83,1,0,Midfielder
Dean Marney,0,0,0,0,0,0,0,0,33,1.83,1,1,Midfielder
Dean Whitehead,67,4,0,50,0,0,0,0,35,1.83,0,0,Midfielder
Declan Rice,0,1,0,6,0,0,0,0,17,1.88,0,0,Midfielder
Declan Rice,1422,26,0,573,1,0,5,36,18,1.88,0,0,Midfielder
Declan Rice,3004,34,0,1518,4,0,17,98,19,1.88,0,0,Midfielder
Declan Rice,3420,38,3,1733,6,0,41,116,20,1.88,0,0,Midfielder
Declan Rice,2880,32,1,1526,2,0,21,59,21,1.88,0,0,Midfielder
Declan Rudd,990,11,0,295,2,0,2,0,24,1.91,0,0,Goalkeeper
Dejan Lovren,1896,24,0,1052,2,0,23,34,26,1.88,0,0,Defender
Dejan Lovren,2554,29,1,2001,6,0,25,41,27,1.88,0,0,Defender
Dejan Lovren,2124,29,1,1803,4,0,15,26,28,1.88,1,0,Defender
Dejan Lovren,985,13,0,821,1,0,3,15,29,1.88,1,1,Defender
Dejan Lovren,777,10,1,680,1,0,4,13,30,1.88,1,1,Defender
Dele Alli,2480,33,9,1083,7,0,50,71,19,1.88,0,1,Midfielder
Dele Alli,3044,37,7,1328,4,0,50,52,20,1.88,1,0,Midfielder
Dele Alli,2971,36,10,1251,7,0,43,46,21,1.88,1,1,Midfielder
Dele Alli,1832,25,3,1028,4,0,23,33,22,1.88,1,1,Midfielder
Dele Alli,1852,25,4,810,2,0,12,34,23,1.88,1,1,Midfielder
Dele Alli,617,15,1,330,0,0,10,18,24,1.88,1,1,Midfielder
Demarai Gray,1692,35,1,557,2,0,7,17,21,1.83,0,0,Midfielder
Demarai Gray,1992,34,1,657,2,0,14,25,22,1.83,1,0,Midfielder
Demarai Gray,607,21,3,291,1,0,2,12,23,1.83,0,1,Midfielder
Demarai Gray,18,1,0,9,0,0,0,1,24,1.83,0,0,Forward
Demeaco Duhaney,45,1,0,19,0,0,0,1,19,1.8,0,0,Defender
Demetri Mitchell,90,1,0,50,0,0,0,5,19,1.79,0,0,Defender
Denis Odoi,2593,31,1,1332,4,0,37,48,30,1.78,0,0,Defender
Denis Odoi,270,3,0,168,1,0,7,3,32,1.78,0,1,Defender
Denis Suárez,67,4,0,34,0,0,0,1,24,1.76,1,1,Midfielder
Dennis Cirkin,0,0,0,0,0,0,0,0,17,1.82,0,0,Defender
Dennis Praet,1130,27,2,521,2,0,18,33,25,1.81,1,1,Midfielder
Dennis Praet,722,15,1,294,0,0,12,14,26,1.81,1,1,Midfielder
Dennis Srbeny,39,8,0,18,0,0,1,5,25,1.9,1,0,Forward
Didier Ndong,2519,31,0,1008,5,0,37,82,22,1.79,0,0,Midfielder
Didier Ndong,0,0,0,0,0,0,0,0,23,1.79,0,0,Midfielder
Diego Cavalieri,0,0,0,0,0,0,0,0,34,1.89,0,0,Goalkeeper
Diego Costa,2377,28,6,824,8,0,43,21,26,1.86,0,0,Forward
Diego Costa,3090,35,7,1034,10,0,43,18,27,1.86,0,0,Forward
Diego Llorente,1205,15,0,718,1,0,15,34,26,1.86,1,1,Defender
Diego Poyet,0,0,0,0,0,0,0,0,20,1.8,0,0,Midfielder
Diego Rico,607,12,0,285,1,0,10,14,25,1.83,1,0,Defender
Diego Rico,2335,27,4,1085,6,0,18,61,26,1.83,0,1,Defender
Dimitri Foulquier,58,3,0,10,0,0,0,1,26,1.83,0,1,Defender
Dimitri Payet,2573,30,12,1269,3,0,13,24,28,1.75,1,0,Midfielder
Dimitri Payet,1515,18,6,763,2,0,7,9,29,1.75,0,1,Midfielder
Dimitrios Konstantopoulos,0,0,0,0,0,0,0,0,37,1.93,0,0,Goalkeeper
Diogo Dalot,1014,16,2,423,3,0,12,24,19,1.83,0,1,Defender
Diogo Dalot,65,4,0,51,0,0,1,3,20,1.83,1,0,Defender
Diogo Jota,2369,33,5,745,11,0,42,28,21,1.78,1,0,Forward
Diogo Jota,2298,34,1,840,4,0,42,28,22,1.78,1,1,Forward
Diogo Jota,1112,19,0,426,2,0,25,12,23,1.78,1,1,Forward
Dion Henry,0,0,0,0,0,0,0,0,19,1.92,0,0,Goalkeeper
Dion Pereira,23,2,0,6,0,0,0,0,17,1.8,0,0,Forward
Dionatan Teixeira,44,1,0,7,0,0,0,1,23,1.93,0,1,Defender
Divock Origi,663,16,1,164,0,0,11,5,20,1.89,1,0,Forward
Divock Origi,1457,34,3,391,0,0,22,11,21,1.89,1,1,Forward
Divock Origi,9,1,0,2,0,0,0,0,22,1.89,1,1,Forward
Divock Origi,366,12,1,108,0,0,2,6,23,1.89,0,1,Forward
Divock Origi,703,28,1,196,1,0,12,12,24,1.89,1,0,Forward
Divock Origi,181,9,0,56,0,0,0,3,25,1.89,0,1,Forward
Djair Parfitt-Williams,0,0,0,0,0,0,0,0,18,1.72,0,0,Forward
Djibril Sidibé,1820,25,4,948,3,0,24,83,27,1.82,1,1,Defender
Dodi Lukébakio,15,1,0,6,0,0,0,1,19,1.87,1,0,Forward
Domingos Quina,0,0,0,0,0,0,0,0,16,1.73,0,0,Midfielder
Domingos Quina,0,0,0,0,0,0,0,0,17,1.73,0,0,Midfielder
Domingos Quina,335,8,0,227,0,0,7,9,18,1.73,1,0,Midfielder
Domingos Quina,18,4,0,10,0,0,1,2,19,1.73,1,1,Midfielder
Dominic Calvert-Lewin,345,11,0,87,1,0,4,7,19,1.89,1,0,Forward
Dominic Calvert-Lewin,1873,32,6,493,4,0,43,15,20,1.89,1,1,Forward
Dominic Calvert-Lewin,1774,35,2,430,3,0,34,13,21,1.89,1,1,Forward
Dominic Calvert-Lewin,2630,36,1,553,9,0,57,7,22,1.89,0,1,Forward
Dominic Calvert-Lewin,2876,33,0,675,3,0,37,17,23,1.89,1,0,Forward
Dominic Solanke,0,0,0,0,0,0,0,0,18,1.86,0,1,Forward
Dominic Solanke,581,21,1,197,0,0,13,7,19,1.86,0,0,Forward
Dominic Solanke,341,10,1,99,0,0,2,8,20,1.86,1,0,Forward
Dominic Solanke,1643,32,1,431,1,0,15,8,21,1.86,0,1,Forward
Donald Love,53,1,0,26,0,0,1,4,20,1.78,1,0,Defender
Donald Love,606,12,1,215,1,0,9,20,21,1.78,0,1,Defender
Doneil Henry,0,0,0,0,0,0,0,0,22,1.88,0,0,Defender
Donny van de Beek,511,19,1,273,1,0,5,15,23,1.84,1,1,Midfielder
Douglas Luiz,2608,36,2,1208,8,0,51,46,21,1.77,0,1,Midfielder
Douglas Luiz,2791,33,2,1415,8,1,59,49,22,1.77,0,0,Midfielder
Dujon Sterling,0,0,0,0,0,0,0,0,17,1.86,0,0,Defender
Duncan Watmore,906,23,1,156,0,0,5,7,21,1.75,1,0,Forward
Duncan Watmore,1029,14,2,192,1,0,10,13,22,1.75,1,1,Forward
Dusan Kuciak,0,0,0,0,0,0,0,0,31,1.94,0,0,Goalkeeper
Dwight Gayle,767,16,0,144,1,1,20,11,25,1.74,1,0,Forward
Dwight Gayle,1958,35,3,433,3,0,23,12,27,1.74,0,1,Forward
Dwight Gayle,847,20,2,145,2,0,6,12,29,1.74,1,0,Forward
Dwight Gayle,503,18,1,108,0,0,6,2,30,1.74,1,1,Forward
Dwight McNeil,0,1,0,1,0,0,0,0,17,1.83,0,0,Midfielder
Dwight McNeil,1598,21,5,453,2,0,15,36,18,1.83,0,0,Midfielder
Dwight McNeil,3345,38,6,1029,5,0,29,47,19,1.83,1,0,Midfielder
Dwight McNeil,3071,36,5,1106,1,0,11,47,20,1.83,1,1,Midfielder
Eberechi Eze,2563,34,6,1088,3,0,18,27,22,1.78,1,0,Midfielder
Eddie Nketiah,17,3,0,7,0,0,1,1,18,1.75,0,0,Forward
Eddie Nketiah,62,5,0,20,0,0,1,1,19,1.75,0,0,Forward
Eddie Nketiah,633,13,0,140,0,1,16,7,20,1.75,0,0,Forward
Eddie Nketiah,413,17,1,91,0,0,10,3,21,1.75,0,0,Forward
Eden Hazard,2191,31,3,1415,2,0,15,21,24,1.75,0,0,Forward
Eden Hazard,3005,36,5,1750,3,0,19,18,25,1.75,0,0,Forward
Eden Hazard,2433,34,4,1369,2,0,13,6,26,1.75,0,0,Forward
Eden Hazard,2926,37,15,1819,2,0,12,14,27,1.75,0,0,Forward
Ederson,3195,36,0,928,1,0,0,0,23,1.88,0,1,Goalkeeper
Ederson,3420,38,1,920,2,0,2,0,24,1.88,0,0,Goalkeeper
Ederson,3072,35,0,899,3,1,2,0,25,1.88,1,0,Goalkeeper
Ederson,3240,36,1,959,3,0,1,0,26,1.88,0,1,Goalkeeper
Edimilson Fernandes,982,28,0,473,4,0,16,22,20,1.87,0,0,Midfielder
Edimilson Fernandes,847,14,1,268,1,0,5,17,21,1.87,1,0,Midfielder
Edinson Cavani,1366,26,3,336,4,0,21,12,33,1.84,1,1,Forward
Eduardo,0,0,0,0,0,0,0,0,33,1.88,0,0,Goalkeeper
Eduardo,0,0,0,0,0,0,0,0,34,1.88,0,0,Goalkeeper
Eldin Jakupovic,1980,22,0,636,0,0,0,0,31,1.91,0,0,Goalkeeper
Eldin Jakupovic,180,2,0,43,0,0,0,0,32,1.91,0,0,Goalkeeper
Elia Caprile,0,0,0,0,0,0,0,0,18,1.91,0,0,Goalkeeper
Eliaquim Mangala,2010,23,0,1003,8,0,36,32,24,1.87,1,0,Defender
Eliaquim Mangala,617,11,0,413,0,0,3,7,26,1.87,1,1,Defender
Elias Kachunga,1338,19,1,339,1,0,20,30,25,1.78,1,1,Forward
Elias Kachunga,1181,20,0,296,2,0,24,22,26,1.78,0,1,Forward
Elliot Anderson,3,1,0,1,0,0,0,0,17,1.79,0,0,Midfielder
Elliot Embleton,0,0,0,0,0,0,0,0,17,1.73,0,0,Midfielder
Ellis Simms,0,0,0,0,0,0,0,0,18,1.91,0,0,Forward
Ellis Simms,0,0,0,0,0,0,0,0,19,1.91,0,0,Forward
Emanuele Giaccherini,0,0,0,0,0,0,0,0,30,1.67,1,1,Midfielder
Emerson,279,5,1,131,0,0,3,6,22,1.76,1,1,Defender
Emerson,660,10,0,436,0,0,8,14,23,1.76,0,1,Defender
Emerson,1025,15,0,718,3,0,4,23,24,1.76,1,0,Defender
Emerson,88,2,0,56,0,0,3,3,25,1.76,0,1,Defender
Emerson Hyndman,59,1,0,24,0,0,0,0,21,1.7,0,1,Midfielder
Emerson Hyndman,37,1,0,23,0,0,0,6,22,1.7,1,0,Midfielder
Emil Krafth,1018,17,1,329,0,0,4,18,25,1.84,1,0,Defender
Emil Krafth,1291,16,0,455,4,0,12,19,26,1.84,1,1,Defender
Emile Smith Rowe,0,0,0,0,0,0,0,0,18,1.82,1,0,Midfielder
Emile Smith Rowe,97,2,0,35,0,0,0,1,19,1.82,1,1,Midfielder
Emile Smith Rowe,1449,20,4,726,0,0,5,14,20,1.82,1,1,Midfielder
Emiliano Buendía,2463,36,7,1407,6,1,36,82,22,1.72,1,0,Midfielder
Emiliano Martínez,180,16,0,397,2,0,1,0,23,1.95,0,0,Goalkeeper
Emiliano Martínez,0,0,0,0,0,0,0,0,25,1.95,0,0,Goalkeeper
Emiliano Martínez,770,9,0,245,2,0,0,0,26,1.95,0,0,Goalkeeper
Emiliano Martínez,3420,38,0,1134,1,0,1,0,27,1.95,0,0,Goalkeeper
Emmanuel Adebayor,616,12,1,230,1,0,10,2,31,1.92,0,0,Forward
Emmanuel Emenike,508,13,0,142,0,0,5,5,28,1.82,0,1,Forward
Emmanuel Rivière,63,3,0,19,0,0,2,3,25,1.82,1,0,Forward
Emre Can,2492,30,0,1793,9,0,36,79,21,1.86,0,0,Midfielder
Emre Can,2368,32,2,1659,6,0,70,66,22,1.86,1,0,Midfielder
Emre Can,2094,26,4,1543,8,0,27,67,23,1.86,1,1,Midfielder
Enda Stevens,3346,38,4,1469,7,0,39,81,29,1.83,1,0,Defender
Enner Valencia,918,24,1,228,1,0,26,16,26,1.77,0,1,Forward
Erdal Rakip,0,0,0,0,0,0,0,0,21,1.79,0,0,Midfielder
Eric Bailly,2060,25,0,876,4,0,28,60,22,1.87,0,0,Defender
Eric Bailly,999,13,0,426,2,0,10,17,23,1.87,1,0,Defender
Eric Bailly,637,12,0,302,0,1,5,15,24,1.87,1,1,Defender
Eric Bailly,147,4,0,78,0,0,2,0,25,1.87,1,1,Defender
Eric Bailly,915,12,0,562,3,0,10,5,26,1.87,1,1,Defender
Eric Dier,3268,37,2,2084,10,0,52,80,21,1.88,0,0,Midfielder
Eric Dier,3044,36,0,1981,6,0,24,48,22,1.88,0,0,Midfielder
Eric Dier,2827,34,2,2248,4,0,23,61,23,1.88,0,0,Midfielder
Eric Dier,1509,20,0,1082,4,0,24,27,24,1.88,1,0,Midfielder
Eric Dier,1341,19,2,914,5,0,19,21,25,1.88,1,1,Midfielder
Eric Dier,2520,28,0,1789,3,0,16,23,26,1.88,1,1,Midfielder
Eric García,788,13,0,728,1,0,9,6,18,1.82,0,0,Defender
Eric García,380,6,0,339,0,0,4,8,19,1.82,0,0,Defender
Eric Maxim Choupo-Moting,2248,30,5,641,3,0,21,42,28,1.91,1,1,Forward
Erik Durm,2050,28,1,774,0,0,13,35,26,1.83,1,0,Defender
Erik Lamela,2384,34,9,985,9,0,66,81,23,1.84,0,1,Midfielder
Erik Lamela,593,9,1,305,1,0,13,13,24,1.84,1,0,Midfielder
Erik Lamela,832,25,2,446,4,0,24,23,25,1.84,0,1,Midfielder
Erik Lamela,971,19,2,422,2,0,23,17,26,1.84,1,0,Midfielder
Erik Lamela,1210,25,1,541,3,0,30,24,27,1.84,1,1,Midfielder
Erik Lamela,703,23,0,338,4,1,24,17,28,1.84,1,1,Midfielder
Erik Pieters,3097,35,1,1504,10,0,58,116,26,1.83,0,0,Defender
Erik Pieters,3150,36,1,1331,4,0,60,106,27,1.83,0,0,Defender
Erik Pieters,2720,31,1,1000,5,0,58,71,28,1.83,1,0,Defender
Erik Pieters,1878,24,4,745,2,0,21,54,30,1.83,0,0,Defender
Erik Pieters,1262,20,1,472,1,0,26,30,31,1.83,1,0,Defender
Erwin Mulder,0,0,0,0,0,0,0,0,28,1.93,0,0,Goalkeeper
Ethan Ampadu,10,1,0,19,0,0,0,1,16,1.83,1,0,Defender
Ethan Ampadu,0,0,0,0,0,0,0,0,17,1.83,1,1,Defender
Ethan Ampadu,2091,25,0,1006,3,0,25,57,19,1.83,1,1,Defender
Ethan Robson,0,0,0,0,0,0,0,0,19,1.78,0,0,Midfielder
Eunan O Kane,749,16,1,379,2,0,6,9,25,1.68,0,0,Midfielder
Evandro,576,11,0,279,1,0,14,17,29,1.79,0,0,Midfielder
Ezequiel Schelotto,1315,20,0,455,3,0,8,20,28,1.87,0,0,Defender
Ezequiel Schelotto,361,8,0,121,2,0,7,4,30,1.87,0,1,Defender
Ezgjan Alioski,2460,36,3,1377,7,0,39,74,28,1.71,0,0,Midfielder
Fabian Delph,750,17,0,483,0,0,7,26,25,1.74,0,0,Midfielder
Fabian Delph,218,7,0,225,1,0,6,7,26,1.74,1,0,Midfielder
Fabian Delph,1746,22,2,1614,2,0,15,46,27,1.74,1,1,Midfielder
Fabian Delph,725,11,1,693,1,1,6,23,28,1.74,1,1,Midfielder
Fabian Delph,1190,16,0,781,3,1,18,26,29,1.74,1,1,Midfielder
Fabian Delph,261,8,0,217,1,0,3,5,30,1.74,1,1,Midfielder
Fabian Schär,2002,24,1,994,12,0,28,60,26,1.86,1,1,Defender
Fabian Schär,1671,22,0,761,5,0,29,39,27,1.86,1,1,Defender
Fabian Schär,1243,18,0,581,4,1,22,13,28,1.86,1,1,Defender
Fabinho,2013,28,2,1610,6,0,29,59,24,1.88,1,0,Midfielder
Fabinho,2074,28,3,1578,6,0,32,62,25,1.88,1,1,Midfielder
Fabinho,2566,30,0,2108,6,0,29,58,26,1.88,1,1,Midfielder
Fabio Borini,1898,26,2,550,6,0,31,24,24,1.8,1,0,Forward
Fabio Borini,1741,24,0,503,5,0,27,20,25,1.8,1,1,Forward
Fabián Balbuena,2014,23,0,832,2,0,19,40,26,1.88,0,0,Defender
Fabián Balbuena,1173,17,0,503,2,0,6,17,27,1.88,0,0,Defender
Fabián Balbuena,1198,14,0,482,1,1,12,24,28,1.88,1,0,Defender
Fabri,180,2,0,47,0,0,0,0,30,1.84,0,0,Goalkeeper
Fabri,0,0,0,0,0,0,0,0,32,1.84,0,1,Goalkeeper
Fabricio Coloccini,2293,26,0,849,2,1,9,43,33,1.84,0,0,Defender
Federico Fazio,0,0,0,0,0,0,0,0,28,1.95,1,0,Defender
Federico Fernández,2880,32,1,1697,3,0,31,58,26,1.9,0,0,Defender
Federico Fernández,2430,27,2,1133,7,0,26,44,27,1.9,1,0,Defender
Federico Fernández,2677,30,1,1210,5,0,29,40,28,1.9,0,1,Defender
Federico Fernández,1482,19,1,611,2,0,12,16,29,1.9,1,0,Defender
Federico Fernández,2618,32,2,1110,8,0,17,42,30,1.9,0,1,Defender
Federico Fernández,2082,24,0,834,4,0,15,29,31,1.9,1,0,Defender
Felipe Anderson,3053,36,4,1667,3,0,27,89,25,1.75,1,1,Midfielder
Felipe Anderson,1504,25,4,895,1,0,17,46,26,1.75,1,1,Midfielder
Felipe Anderson,1,2,0,5,0,0,0,1,27,1.75,0,1,Midfielder
Felix Nmecha,0,0,0,0,0,0,0,0,19,1.9,0,0,Midfielder
Femi Seriki,0,1,0,0,0,0,0,0,18,1.8,0,0,Midfielder
Fernandinho,2731,33,2,1872,8,0,55,105,30,1.79,0,0,Midfielder
Fernandinho,2755,32,1,2180,4,2,48,82,31,1.79,0,0,Midfielder
Fernandinho,2885,34,3,2975,7,0,41,62,32,1.79,1,0,Midfielder
Fernandinho,2381,29,3,2050,5,0,40,57,33,1.79,1,1,Midfielder
Fernandinho,2398,30,1,2222,7,2,26,50,34,1.79,0,1,Midfielder
Fernandinho,1181,21,2,1014,6,0,22,31,35,1.79,0,0,Midfielder
Fernando,1695,24,0,915,4,0,27,60,28,1.83,1,1,Midfielder
Fernando,558,15,0,370,3,0,11,21,29,1.83,0,1,Midfielder
Fernando Forestieri,0,0,0,0,0,0,0,0,25,1.72,0,0,Forward
Fernando Llorente,2451,33,1,900,2,0,51,18,31,1.95,0,1,Forward
Fernando Llorente,223,16,0,88,1,0,4,6,32,1.95,1,0,Forward
Fernando Llorente,683,20,4,223,2,0,12,4,33,1.95,0,1,Forward
Ferran Torres,1307,24,2,406,1,0,16,12,20,1.84,0,0,Forward
Fikayo Tomori,30,1,0,13,0,0,0,1,17,1.85,0,0,Defender
Fikayo Tomori,0,0,0,0,0,0,0,0,19,1.85,0,0,Defender
Fikayo Tomori,1293,15,0,1151,3,0,7,29,21,1.85,1,0,Defender
Fikayo Tomori,44,1,0,29,0,0,1,2,22,1.85,0,1,Defender
Filip Benkovic,0,0,0,0,0,0,0,0,22,1.94,0,1,Defender
Filip Krovinovic,542,11,0,360,0,0,5,13,24,1.75,0,0,Midfielder
Filip Lesniak,4,1,1,6,0,0,1,1,20,1.76,0,0,Midfielder
Florent Hadergjonaj,1671,23,1,618,3,0,17,21,23,1.82,0,0,Defender
Florent Hadergjonaj,1841,24,0,726,1,0,11,30,24,1.82,0,0,Defender
Florian Lejeune,2104,24,2,1071,3,0,17,33,26,1.9,1,1,Defender
Florian Lejeune,1055,12,0,563,0,0,11,25,27,1.9,1,1,Defender
Florian Lejeune,441,6,0,197,0,0,6,8,28,1.9,1,1,Defender
Florian Thauvin,420,13,0,172,1,0,5,8,22,1.79,0,0,Midfielder
Florin Andone,872,23,0,165,5,0,28,10,25,1.8,0,1,Forward
Florin Andone,72,3,0,12,0,1,2,1,26,1.8,1,0,Forward
Florin Andone,0,0,0,0,0,0,0,0,27,1.8,1,1,Forward
Florin Gardos,0,0,0,0,0,0,0,0,27,1.93,1,1,Defender
Floyd Ayité,465,16,0,192,0,0,6,4,29,1.75,1,1,Forward
Fousseni Diabaté,581,14,1,227,1,0,1,9,21,1.75,0,0,Forward
Fousseni Diabaté,55,1,0,14,0,0,0,2,22,1.75,0,0,Forward
Francis Coquelin,1646,26,0,1116,5,1,24,72,24,1.77,0,0,Midfielder
Francis Coquelin,1784,29,0,1180,5,0,33,71,25,1.77,1,0,Midfielder
Francis Coquelin,155,7,0,96,0,0,2,5,26,1.77,1,1,Midfielder
Franck Tabanou,0,0,0,0,0,0,0,0,26,1.78,1,0,Defender
Fraser Forster,1620,18,0,459,0,0,0,0,27,2.01,0,1,Goalkeeper
Fraser Forster,3420,38,0,859,3,0,0,0,28,2.01,1,0,Goalkeeper
Fraser Forster,1800,20,0,444,0,0,0,0,29,2.01,0,1,Goalkeeper
Fraser Forster,90,1,0,19,0,0,0,0,30,2.01,0,0,Goalkeeper
Fraser Forster,0,0,0,0,0,0,0,0,31,2.01,0,0,Goalkeeper
Fraser Forster,720,8,0,243,0,0,1,0,32,2.01,0,0,Goalkeeper
Fred,1044,17,1,769,2,0,25,29,25,1.69,0,0,Midfielder
Fred,2159,29,0,1668,8,0,42,60,26,1.69,0,0,Midfielder
Fred,2395,30,0,1806,5,0,45,81,27,1.69,0,0,Midfielder
Freddie Ladapo,0,0,0,0,0,0,0,0,23,1.83,0,0,Forward
Freddie Ladapo,16,1,0,7,0,0,0,0,24,1.83,0,0,Forward
Freddie Woodman,0,0,0,0,0,0,0,0,18,1.88,0,0,Goalkeeper
Freddie Woodman,0,0,0,0,0,0,0,0,20,1.88,0,0,Goalkeeper
Freddie Woodman,0,0,0,0,0,0,0,0,21,1.88,0,0,Goalkeeper
Frederik Alves,0,0,0,0,0,0,0,0,20,1.95,0,0,Defender
Fredrik Ulvestad,0,0,0,0,0,0,0,0,24,1.83,0,0,Midfielder
Fredrik Ulvestad,0,0,0,0,0,0,0,0,25,1.83,0,0,Midfielder
Frédéric Guilbert,2041,25,2,749,7,0,36,74,24,1.78,1,0,Defender
Frédéric Guilbert,0,0,0,0,0,0,0,0,25,1.78,1,1,Defender
Fábio Silva,1353,32,3,323,2,0,20,6,18,1.85,0,0,Forward
Gabriel Agbonlahor,1035,15,2,223,0,0,21,6,28,1.83,1,1,Forward
Gabriel Jesus,651,10,4,242,2,0,11,5,19,1.75,1,0,Forward
Gabriel Jesus,1671,29,3,591,6,0,28,23,20,1.75,1,1,Forward
Gabriel Jesus,1019,29,3,357,1,0,12,10,21,1.75,1,1,Forward
Gabriel Jesus,2026,34,7,609,3,0,27,17,22,1.75,1,1,Forward
Gabriel Jesus,2059,29,4,732,2,0,28,17,23,1.75,0,1,Forward
Gabriel Magalhães,1996,23,0,1550,2,1,23,25,22,1.9,0,1,Defender
Gabriel Martinelli,656,14,0,116,1,0,9,20,18,1.76,1,0,Forward
Gabriel Martinelli,586,14,1,144,0,0,9,7,19,1.76,1,1,Forward
Gabriel Obertan,279,5,1,97,1,0,2,6,26,1.86,1,1,Midfielder
Gabriel Paulista,1761,21,0,1110,4,1,9,43,24,1.87,0,1,Defender
Gabriel Paulista,1515,19,0,872,6,0,20,25,25,1.87,1,0,Defender
Gabriele Angella,0,0,0,0,0,0,0,0,26,1.93,0,0,Defender
Gaetano Berardi,113,2,0,55,0,0,1,2,31,1.79,0,1,Defender
Gareth Bale,920,20,2,366,1,0,9,17,31,1.85,1,1,Forward
Gareth Barry,2836,33,1,2061,5,1,42,96,34,1.84,0,1,Midfielder
Gareth Barry,2110,33,1,1376,10,0,48,70,35,1.84,0,0,Midfielder
Gareth Barry,1926,25,1,927,4,0,28,35,36,1.84,1,0,Midfielder
Gareth McAuley,3060,34,0,849,4,1,32,45,35,1.91,0,0,Defender
Gareth McAuley,3143,36,1,742,5,0,27,50,36,1.91,1,0,Defender
Gareth McAuley,456,9,0,125,0,0,2,8,37,1.91,0,1,Defender
Gary Cahill,1955,23,1,773,2,0,17,22,29,1.93,1,0,Defender
Gary Cahill,3298,37,0,1849,5,0,34,53,30,1.93,0,1,Defender
Gary Cahill,2084,27,0,1330,1,1,17,29,31,1.93,0,0,Defender
Gary Cahill,22,2,0,18,0,0,0,0,32,1.93,1,0,Defender
Gary Cahill,2168,25,1,1004,1,0,14,15,33,1.93,1,1,Defender
Gary Cahill,1800,20,1,746,3,0,12,13,34,1.93,1,1,Defender
Gary Hooper,11,2,0,5,0,0,0,0,27,1.77,1,0,Forward
Gary Madine,32,5,0,12,0,0,2,1,27,1.91,0,0,Forward
Gary O Neil,1750,27,0,943,7,1,40,41,32,1.74,0,0,Midfielder
Gastón Ramírez,28,3,1,15,0,0,0,2,24,1.83,1,1,Midfielder
Gastón Ramírez,1549,24,3,625,8,1,36,46,25,1.83,1,1,Midfielder
Gavin Kilkenny,0,0,0,0,0,0,0,0,19,1.75,0,0,Midfielder
Gaël Clichy,1087,14,1,693,0,0,10,28,30,1.76,1,1,Defender
Gaël Clichy,2125,25,0,1454,2,0,12,44,31,1.76,1,1,Defender
Gaëtan Bong,2239,25,0,772,2,0,16,39,29,1.83,0,0,Defender
Gaëtan Bong,1805,22,0,602,0,0,11,16,30,1.83,1,0,Defender
Gaëtan Bong,55,4,0,27,0,0,0,1,31,1.83,0,1,Defender
Gedson Fernandes,61,7,0,39,0,0,0,2,20,1.83,1,0,Midfielder
Gedson Fernandes,0,0,0,0,0,0,0,0,21,1.83,0,1,Midfielder
Geoff Cameron,2361,30,0,1128,0,1,27,60,30,1.9,0,0,Midfielder
Geoff Cameron,1628,19,1,787,1,0,17,48,31,1.9,1,0,Midfielder
Geoff Cameron,1524,20,0,506,2,0,16,34,32,1.9,0,1,Midfielder
George Baldock,3420,38,3,1118,7,0,47,62,26,1.78,0,0,Defender
George Baldock,2789,32,2,897,7,0,46,47,27,1.78,1,0,Defender
George Boyd,2845,36,1,550,3,0,31,87,30,1.86,0,0,Midfielder
George Dobson,0,0,0,0,0,0,0,0,17,1.85,0,0,Midfielder
George Evans,0,0,0,0,0,0,0,0,20,1.84,0,0,Midfielder
George Friend,1960,24,2,780,4,0,28,62,28,1.88,1,0,Defender
George Hirst,9,2,0,5,0,0,0,0,20,1.91,0,1,Forward
George Honeyman,38,1,0,5,0,0,0,0,20,1.73,0,0,Midfielder
George Honeyman,233,5,0,108,1,0,4,9,21,1.73,0,0,Midfielder
George Marsh,0,0,0,0,0,0,0,0,19,1.77,0,0,Midfielder
George Thomas,0,0,0,0,0,0,0,0,20,1.73,0,0,Midfielder
Georginio Wijnaldum,3167,38,5,1252,1,0,16,38,24,1.75,0,1,Midfielder
Georginio Wijnaldum,2978,36,9,1625,2,0,22,46,25,1.75,1,0,Midfielder
Georginio Wijnaldum,2387,33,2,1266,1,0,13,34,26,1.75,1,1,Midfielder
Georginio Wijnaldum,2735,35,0,1769,3,0,18,40,27,1.75,1,1,Midfielder
Georginio Wijnaldum,2948,37,0,1625,0,0,15,38,28,1.75,0,1,Midfielder
Georginio Wijnaldum,2947,38,0,1757,1,0,15,23,29,1.75,0,0,Midfielder
Gerard Deulofeu,1384,26,8,523,2,0,3,16,21,1.77,0,0,Forward
Gerard Deulofeu,456,11,0,164,1,0,2,6,22,1.77,0,0,Forward
Gerard Deulofeu,438,7,0,142,0,0,3,5,23,1.77,1,0,Forward
Gerard Deulofeu,2082,30,5,718,3,0,14,11,24,1.77,1,1,Forward
Gerard Deulofeu,2106,28,5,721,3,0,27,33,25,1.77,1,1,Forward
Gerhard Tremmel,0,0,0,0,0,0,0,0,36,1.9,0,0,Goalkeeper
Gerhard Tremmel,0,0,0,0,0,0,0,0,37,1.9,0,0,Goalkeeper
Giannelli Imbula,1260,14,0,772,4,0,17,14,22,1.86,0,0,Midfielder
Giannelli Imbula,796,12,0,384,1,0,3,11,23,1.86,0,0,Midfielder
Giedrius Arlauskis,23,1,0,5,0,0,0,0,27,1.91,1,1,Goalkeeper
Giedrius Arlauskis,0,0,0,0,0,0,0,0,28,1.91,0,1,Goalkeeper
Giovani Lo Celso,1486,28,2,965,6,0,28,51,23,1.77,1,0,Midfielder
Giovani Lo Celso,949,18,1,570,5,0,19,28,24,1.77,1,1,Midfielder
Giovanni McGregor,0,0,0,0,0,0,0,0,20,1.76,0,0,Midfielder
Glen Johnson,1955,23,0,740,1,0,12,49,31,1.82,1,1,Defender
Glenn Murray,795,21,0,203,2,0,26,7,31,1.86,0,0,Forward
Glenn Murray,2198,35,0,664,9,0,60,18,33,1.86,1,0,Forward
Glenn Murray,2514,38,1,606,5,0,80,17,34,1.86,1,1,Forward
Glenn Murray,786,23,1,167,0,0,15,5,35,1.86,0,1,Forward
Glenn Whelan,3173,37,1,2070,6,0,25,71,31,1.8,0,0,Midfielder
Glenn Whelan,2278,30,1,1408,5,0,18,46,32,1.8,0,0,Midfielder
Gonzalo Higuaín,1092,14,0,316,0,0,6,10,30,1.84,1,1,Forward
Gonçalo Cardoso,0,0,0,0,0,0,0,0,18,1.86,0,0,Defender
Grady Diangana,0,0,0,0,0,0,0,0,19,1.8,0,0,Midfielder
Grady Diangana,603,17,1,244,0,0,4,20,20,1.8,0,0,Midfielder
Grady Diangana,1237,20,0,336,0,0,11,35,22,1.8,1,1,Midfielder
Graham Dorrans,1287,21,1,724,2,0,15,23,28,1.77,0,0,Midfielder
Granit Xhaka,2486,32,2,2298,5,2,37,77,23,1.86,1,1,Midfielder
Granit Xhaka,3266,38,7,3116,10,0,57,78,24,1.86,1,1,Midfielder
Granit Xhaka,2501,29,2,2245,10,0,45,52,25,1.86,1,1,Midfielder
Granit Xhaka,2590,31,2,1903,10,0,56,45,26,1.86,1,1,Midfielder
Granit Xhaka,2526,31,2,2189,7,1,39,50,27,1.86,0,1,Midfielder
Grant Hanley,1262,15,0,658,4,0,12,24,27,1.88,1,0,Defender
Grant Leadbitter,707,13,0,340,1,0,8,14,30,1.77,0,0,Midfielder
Graziano Pellè,2171,30,6,872,6,0,40,13,30,1.94,1,0,Forward
Greg Cunningham,630,7,0,179,3,0,8,18,27,1.83,0,0,Defender
Greg Luer,0,0,0,0,0,0,0,0,21,1.8,1,0,Forward
Greg Olley,0,0,0,0,0,0,0,0,20,1.77,0,0,Midfielder
Grzegorz Krychowiak,1642,27,2,813,2,0,31,40,27,1.87,0,1,Midfielder
Guido Carrillo,451,7,1,123,0,0,7,5,26,1.91,1,1,Forward
Guillermo Varela,314,4,0,146,1,0,5,13,22,1.73,0,0,Defender
Gylfi Sigurdsson,2916,36,3,1193,6,0,26,42,25,1.86,0,1,Midfielder
Gylfi Sigurdsson,3327,38,13,1038,2,0,18,45,26,1.86,0,0,Midfielder
Gylfi Sigurdsson,2262,27,3,700,2,0,19,38,27,1.86,1,0,Midfielder
Gylfi Sigurdsson,3134,38,6,990,3,0,33,55,28,1.86,0,1,Midfielder
Gylfi Sigurdsson,2563,35,3,1019,3,0,34,50,29,1.86,1,0,Midfielder
Gylfi Sigurdsson,2253,36,5,853,2,0,22,30,30,1.86,0,1,Midfielder
Gökhan Inler,195,5,0,124,0,0,3,10,31,1.83,0,0,Midfielder
Gökhan Töre,239,5,1,56,0,0,4,4,24,1.76,0,0,Midfielder
Hakim Ziyech,1177,23,3,666,3,0,19,14,27,1.81,1,1,Midfielder
Hal Robson-Kanu,679,29,2,166,3,0,28,5,27,1.83,0,0,Forward
Hal Robson-Kanu,820,21,0,184,2,1,20,5,28,1.83,1,0,Forward
Hal Robson-Kanu,547,19,0,79,2,0,15,2,31,1.83,1,0,Forward
Hamza Choudhury,375,8,1,164,1,0,5,9,19,1.78,0,0,Midfielder
Hamza Choudhury,597,9,0,240,0,0,7,24,20,1.78,0,0,Midfielder
Hamza Choudhury,889,20,1,496,2,1,12,17,21,1.78,0,0,Midfielder
Hamza Choudhury,313,10,0,235,1,0,6,8,22,1.78,0,0,Midfielder
Hannibal Mejbri,8,1,0,3,0,0,0,0,17,1.84,0,0,Midfielder
Harrison Reed,10,1,0,9,0,0,0,1,20,1.81,0,0,Midfielder
Harrison Reed,62,3,0,38,0,0,1,2,21,1.81,0,0,Midfielder
Harrison Reed,2249,31,2,1477,5,0,40,63,25,1.81,1,1,Midfielder
Harry Arter,1671,21,0,1034,7,0,23,57,25,1.77,1,0,Midfielder
Harry Arter,2959,35,4,2004,11,1,34,83,26,1.77,1,1,Midfielder
Harry Arter,962,13,0,586,4,0,9,19,27,1.77,0,1,Midfielder
Harry Arter,2008,25,1,658,10,0,25,62,28,1.77,1,0,Midfielder
Harry Kane,3370,38,1,962,5,0,42,29,22,1.88,0,0,Forward
Harry Kane,3083,37,2,657,5,0,34,17,24,1.88,1,1,Forward
Harry Kane,3086,35,14,908,1,0,26,22,27,1.88,1,1,Forward
Harry Lewis,0,0,0,0,0,0,0,0,18,1.91,0,0,Goalkeeper
Harry Maguire,2306,29,2,1182,5,0,24,54,23,1.94,0,0,Defender
Harry Maguire,3420,38,4,1740,7,0,34,63,24,1.94,0,0,Defender
Harry Maguire,2599,31,0,1747,6,1,20,31,25,1.94,1,0,Defender
Harry Maguire,3420,38,1,2519,6,0,33,37,26,1.94,0,1,Defender
Harry Maguire,3048,34,1,2227,11,0,40,29,27,1.94,1,0,Defender
Harry Souttar,0,0,0,0,0,0,0,0,18,1.98,0,0,Defender
Harry Tyrer,0,0,0,0,0,0,0,0,18,1.94,0,0,Goalkeeper
Harry Winks,0,0,0,0,0,0,0,0,19,1.78,0,0,Midfielder
Harry Winks,477,21,1,366,1,0,10,10,20,1.78,1,0,Midfielder
Harry Winks,770,16,1,642,0,0,8,15,21,1.78,1,1,Midfielder
Harry Winks,1591,26,0,1388,4,0,16,22,22,1.78,1,1,Midfielder
Harry Winks,2226,31,0,1694,9,0,24,40,23,1.78,1,1,Midfielder
Harry Winks,860,15,0,681,5,0,11,16,24,1.78,0,1,Midfielder
Harvey Elliott,18,2,0,11,0,0,0,0,15,1.7,0,0,Midfielder
Harvey Elliott,6,2,0,11,0,0,0,0,16,1.7,0,0,Midfielder
Henri Lansbury,187,10,0,82,0,0,4,6,28,1.83,1,0,Midfielder
Henri Saivet,147,4,0,82,0,0,1,13,24,1.75,0,1,Midfielder
Henri Saivet,84,1,0,24,0,0,0,5,26,1.75,0,0,Midfielder
Henrikh Mkhitaryan,1349,24,1,775,1,0,19,23,27,1.77,1,1,Midfielder
Henrikh Mkhitaryan,1726,26,9,980,2,0,23,33,28,1.77,1,1,Midfielder
Henrikh Mkhitaryan,1642,25,4,796,1,0,27,28,29,1.77,1,1,Midfielder
Henrikh Mkhitaryan,111,3,0,69,1,0,2,0,30,1.77,1,1,Midfielder
Heurelho Gomes,3397,38,0,957,4,0,2,0,34,1.91,0,0,Goalkeeper
Heurelho Gomes,3339,38,0,1034,1,0,1,0,35,1.91,0,0,Goalkeeper
Heurelho Gomes,2129,24,0,630,0,0,1,0,36,1.91,0,0,Goalkeeper
Heurelho Gomes,0,0,0,0,0,0,0,0,37,1.91,0,0,Goalkeeper
Heurelho Gomes,0,0,0,0,0,0,0,0,38,1.91,0,0,Goalkeeper
Hiram Boateng,18,1,0,4,0,0,2,0,19,1.82,0,0,Midfielder
Hiram Boateng,0,0,0,0,0,0,0,0,20,1.82,0,0,Midfielder
Hugo Bueno,0,0,0,0,0,0,0,0,17,1.8,0,0,Defender
Hugo Lloris,3330,37,0,1047,0,0,0,0,28,1.88,1,1,Goalkeeper
Hugo Lloris,3005,34,0,1060,0,0,0,0,29,1.88,1,1,Goalkeeper
Hugo Lloris,3240,36,0,996,1,0,1,0,30,1.88,1,1,Goalkeeper
Hugo Lloris,2970,33,0,1047,0,0,0,0,31,1.88,1,1,Goalkeeper
Hugo Lloris,1808,21,0,474,0,0,0,0,32,1.88,1,1,Goalkeeper
Hugo Lloris,3420,38,0,898,0,0,0,0,33,1.88,0,1,Goalkeeper
Héctor Bellerín,3240,36,5,1689,3,0,19,58,20,1.77,1,0,Defender
Héctor Bellerín,2498,33,4,1392,4,0,20,24,21,1.77,1,1,Defender
Héctor Bellerín,3051,35,3,1842,5,0,36,57,22,1.77,0,1,Defender
Héctor Bellerín,1533,19,5,785,3,0,16,15,23,1.77,1,0,Defender
Héctor Bellerín,1159,15,0,570,2,0,15,20,24,1.77,1,1,Defender
Héctor Bellerín,2093,25,2,1114,8,0,21,29,25,1.77,0,1,Defender
Hélder Costa,1345,25,2,442,3,0,20,18,24,1.79,0,0,Forward
Hélder Costa,1153,22,3,303,0,0,20,25,26,1.79,0,0,Forward
Ibrahim Afellay,2105,31,2,1274,3,1,19,27,29,1.81,1,0,Midfielder
Ibrahim Afellay,377,12,0,189,0,0,3,3,30,1.81,0,1,Midfielder
Ibrahim Afellay,162,6,0,81,1,0,1,3,31,1.81,0,0,Midfielder
Ibrahim Amadou,756,11,0,369,1,0,8,18,26,1.83,0,1,Midfielder
Ibrahima Cissé,87,3,0,34,0,0,1,0,24,1.84,0,0,Midfielder
Ibrahima Diallo,1010,22,0,588,3,0,22,29,21,1.79,0,1,Midfielder
Idrissa Gueye,3075,35,1,1869,10,0,68,144,25,1.74,0,0,Midfielder
Idrissa Gueye,2686,33,1,1885,11,0,51,135,26,1.74,0,0,Midfielder
Idrissa Gueye,2757,33,1,1566,6,1,50,117,27,1.74,0,0,Midfielder
Idrissa Gueye,2825,33,2,1739,6,0,54,142,28,1.74,1,0,Midfielder
Ignacio Pussetto,67,7,0,29,1,0,3,7,23,1.8,1,1,Midfielder
Ikechi Anya,1680,28,1,660,0,0,1,16,27,1.66,0,0,Midfielder
Ikechi Anya,9,1,0,3,0,0,0,0,28,1.66,0,0,Midfielder
Iliman Ndiaye,11,1,0,3,0,0,0,1,20,1.8,0,0,Midfielder
Ilkay Gündogan,710,10,1,505,0,0,2,10,25,1.8,1,1,Midfielder
Ilkay Gündogan,1508,30,1,1402,3,0,14,27,26,1.8,0,1,Midfielder
Ilkay Gündogan,2135,31,3,1994,3,0,13,19,27,1.8,1,0,Midfielder
Ilkay Gündogan,2015,31,1,1953,7,0,16,27,28,1.8,0,1,Midfielder
Ilkay Gündogan,2031,28,2,1714,1,0,8,25,29,1.8,1,0,Midfielder
Illan Meslier,3150,35,0,1080,0,0,1,0,20,1.97,0,0,Goalkeeper
Indiana Vassilev,47,4,0,11,0,0,0,0,18,1.75,0,0,Forward
Isaac Hayden,1370,26,0,527,7,0,30,40,22,1.87,0,0,Midfielder
Isaac Hayden,1862,25,4,720,3,1,32,73,23,1.87,1,0,Midfielder
Isaac Mbenza,979,22,1,232,1,0,8,10,22,1.88,0,0,Forward
Isaac Price,0,0,0,0,0,0,0,0,16,1.88,0,0,Midfielder
Isaac Success,503,19,1,131,2,0,12,16,20,1.82,1,1,Forward
Isaac Success,0,0,0,0,0,0,0,0,21,1.82,1,1,Forward
Isaac Success,1036,30,1,349,4,0,24,15,22,1.82,1,1,Forward
Isaac Success,65,5,0,17,1,0,2,0,23,1.82,1,1,Forward
Islam Slimani,1277,23,4,423,1,0,27,12,28,1.88,1,0,Forward
Islam Slimani,369,16,1,157,1,0,3,2,29,1.88,1,1,Forward
Islam Slimani,19,1,0,9,0,0,0,0,32,1.88,0,1,Forward
Issa Diop,2970,33,0,1134,4,0,18,68,21,1.94,0,1,Defender
Issa Diop,2766,32,1,974,8,0,31,27,22,1.94,0,0,Defender
Issa Diop,1378,18,0,583,3,0,8,20,23,1.94,1,0,Defender
Ivan Cavaleiro,682,23,1,294,1,0,13,5,24,1.75,1,0,Forward
Ivan Cavaleiro,2475,36,0,724,2,0,30,23,26,1.75,1,1,Forward
Ivan Toney,10,2,0,3,0,0,0,0,19,1.85,1,0,Forward
Ivo Pinto,810,10,0,306,0,0,9,17,25,1.82,0,0,Defender
Jack Butland,2790,31,0,883,0,0,1,0,22,1.96,1,0,Goalkeeper
Jack Butland,450,5,0,140,0,0,0,0,23,1.96,0,1,Goalkeeper
Jack Butland,3150,35,0,1169,0,0,0,0,24,1.96,1,0,Goalkeeper
Jack Butland,90,1,0,19,0,0,0,0,27,1.96,0,0,Goalkeeper
Jack Colback,2396,29,1,1066,11,0,49,81,25,1.77,1,0,Midfielder
Jack Cork,2542,35,2,1712,3,0,29,77,26,1.85,0,1,Midfielder
Jack Cork,2233,30,0,1285,7,0,25,59,27,1.85,1,0,Midfielder
Jack Cork,3420,38,1,1584,7,0,23,60,28,1.85,0,1,Midfielder
Jack Cork,3313,37,2,1329,6,0,30,51,29,1.85,0,0,Midfielder
Jack Cork,2618,30,0,923,1,0,33,35,30,1.85,1,0,Midfielder
Jack Cork,1352,16,0,500,2,0,21,26,31,1.85,0,1,Midfielder
Jack Grealish,831,16,0,316,1,0,6,6,19,1.8,1,0,Midfielder
Jack Grealish,3234,36,6,1371,8,0,34,29,23,1.8,1,1,Midfielder
Jack Grealish,2185,26,10,996,6,0,40,31,24,1.8,1,1,Midfielder
Jack Harrison,2854,36,8,989,2,0,28,63,23,1.75,0,0,Midfielder
Jack Jenkins,0,0,0,0,0,0,0,0,18,1.9,0,0,Midfielder
Jack O Connell,2915,33,1,1557,4,0,22,23,25,1.9,1,0,Defender
Jack O Connell,180,2,0,77,0,0,0,3,26,1.9,0,1,Defender
Jack Rodwell,1157,22,0,446,5,0,17,25,24,1.88,0,0,Midfielder
Jack Rodwell,1493,20,1,570,4,0,23,38,25,1.88,1,0,Midfielder
Jack Rodwell,15,1,0,2,0,0,0,0,28,1.88,0,0,Midfielder
Jack Simpson,72,1,0,5,0,0,0,1,20,1.9,0,0,Defender
Jack Simpson,403,6,0,236,0,0,3,9,21,1.9,0,0,Defender
Jack Simpson,238,4,0,93,0,0,1,5,22,1.9,0,0,Defender
Jack Stacey,1550,19,2,601,2,0,10,21,23,1.8,1,0,Defender
Jack Stephens,1469,17,1,729,1,0,15,22,22,1.85,0,0,Defender
Jack Wilshere,141,3,0,83,0,0,1,3,23,1.72,1,1,Midfielder
Jack Wilshere,1950,29,2,1068,4,0,21,27,24,1.72,1,1,Midfielder
Jack Wilshere,1187,20,3,808,6,0,15,15,25,1.72,0,1,Midfielder
Jack Wilshere,389,8,1,217,2,0,7,7,26,1.72,1,0,Midfielder
Jack Wilshere,210,8,0,75,0,0,1,1,27,1.72,1,1,Midfielder
Jacob Maddox,0,0,0,0,0,0,0,0,20,1.79,0,0,Midfielder
Jacob Murphy,1621,26,3,458,3,0,23,39,25,1.73,0,0,Midfielder
Jacob Ramsey,614,22,0,221,0,0,13,10,19,1.8,0,0,Midfielder
Jaden Philogene-Bidace,0,1,0,4,0,0,0,0,18,1.81,0,0,Midfielder
Jairo Riedewald,434,12,0,155,0,0,3,11,20,1.82,0,1,Midfielder
Jairo Riedewald,0,0,0,0,0,0,0,0,21,1.82,1,0,Midfielder
Jairo Riedewald,761,17,0,329,0,0,3,14,22,1.82,1,1,Midfielder
Jairo Riedewald,1815,33,0,630,4,0,21,34,23,1.82,0,1,Midfielder
Jake Cain,0,0,0,0,0,0,0,0,18,1.76,0,0,Midfielder
Jake Clarke-Salter,16,1,0,6,0,0,0,2,17,1.88,0,0,Defender
Jake Eastwood,0,0,0,0,0,0,0,0,22,1.93,0,0,Goalkeeper
Jake Gray,0,0,0,0,0,0,0,0,19,1.8,0,0,Midfielder
Jake Hesketh,0,0,0,0,0,0,0,0,20,1.68,1,0,Midfielder
Jake Livermore,2977,37,1,1606,5,1,33,79,26,1.8,0,0,Midfielder
Jake Livermore,2675,34,2,1103,5,0,42,72,27,1.8,0,0,Midfielder
Jake Livermore,1246,18,0,383,2,1,30,33,30,1.8,0,0,Midfielder
Jake Vokins,90,1,0,58,0,0,0,2,19,1.8,0,0,Defender
Jake Vokins,67,1,0,13,0,0,2,0,20,1.8,0,0,Defender
Jakob Haugaard,404,5,0,128,0,0,0,0,23,1.99,0,0,Goalkeeper
Jakob Haugaard,0,0,0,0,0,0,0,0,24,1.99,0,0,Goalkeeper
Jakob Haugaard,0,0,0,0,0,0,0,0,25,1.99,0,0,Goalkeeper
Jakub Moder,646,12,0,263,0,0,12,15,21,1.91,0,0,Midfielder
Jakub Ojrzynski,0,0,0,0,0,0,0,0,17,1.96,0,0,Goalkeeper
Jamaal Lascelles,1145,18,0,486,1,1,11,12,21,1.88,0,0,Defender
Jamaal Lascelles,2928,33,0,1184,5,0,16,31,23,1.88,1,0,Defender
Jamaal Lascelles,2745,32,1,1104,4,0,16,32,24,1.88,1,1,Defender
Jamaal Lascelles,2079,24,0,847,5,0,22,14,25,1.88,1,1,Defender
Jamaal Lascelles,1627,19,0,621,4,0,17,14,26,1.88,1,1,Defender
Jamal Baptiste,0,0,0,0,0,0,0,0,16,1.91,0,0,Defender
Jamal Blackman,0,0,0,0,0,0,0,0,21,1.99,0,0,Goalkeeper
James Chester,961,13,0,327,5,0,11,32,26,1.77,0,1,Defender
James Chester,0,0,0,0,0,0,0,0,30,1.77,1,1,Defender
James Collins,1439,19,0,574,3,1,12,18,31,1.88,1,0,Defender
James Collins,1653,22,0,580,3,0,7,21,32,1.88,0,1,Defender
James Daly,0,0,0,0,0,0,0,0,17,1.78,0,0,Forward
James Daly,0,0,0,0,0,0,0,0,19,1.78,0,0,Forward
James Garner,0,1,0,1,0,0,0,0,17,1.82,0,0,Midfielder
James Garner,8,1,0,14,0,0,0,0,18,1.82,0,0,Midfielder
James Horsfield,0,0,0,0,0,0,0,0,19,1.78,0,0,Defender
James Husband,59,1,0,28,0,0,0,0,22,1.79,1,0,Defender
James Justin,1010,13,1,682,1,0,8,36,21,1.83,0,0,Defender
James Justin,2070,23,1,1054,4,0,16,61,22,1.83,1,0,Defender
James Maddison,2849,36,7,1404,3,1,25,48,21,1.75,1,0,Midfielder
James Maddison,2628,31,3,1473,4,0,36,59,22,1.75,1,1,Midfielder
James Maddison,2105,31,5,1020,4,0,19,32,23,1.75,1,1,Midfielder
James McArthur,2192,28,2,1058,5,0,41,55,27,1.78,1,0,Midfielder
James McArthur,2009,29,3,854,5,0,41,59,28,1.78,1,1,Midfielder
James McArthur,2434,33,1,1070,5,0,45,58,29,1.78,0,1,Midfielder
James McArthur,3072,38,6,1400,7,0,61,84,30,1.78,0,0,Midfielder
James McArthur,3104,37,3,1428,6,0,57,88,31,1.78,1,0,Midfielder
James McArthur,1471,18,2,772,3,0,32,57,32,1.78,0,1,Midfielder
James McCarthy,206,4,0,97,0,0,3,9,26,1.8,1,1,Midfielder
James McCarthy,14,1,0,6,0,0,0,2,27,1.8,0,1,Midfielder
James McCarthy,1667,33,0,783,9,0,31,82,28,1.8,0,0,Midfielder
James McCarthy,822,16,0,331,1,0,6,16,29,1.8,1,0,Midfielder
James McClean,2413,35,2,598,7,1,36,70,26,1.8,0,0,Midfielder
James McClean,1464,34,2,350,9,0,31,55,27,1.8,0,0,Midfielder
James McClean,1395,30,0,359,7,0,35,40,28,1.8,0,0,Midfielder
James Milner,2416,28,11,1377,9,1,47,68,29,1.75,0,0,Midfielder
James Milner,3159,36,3,2168,5,0,38,94,30,1.75,1,0,Midfielder
James Milner,1763,32,3,1480,3,0,29,58,31,1.75,0,1,Midfielder
James Milner,1785,31,4,1401,5,1,28,43,32,1.75,1,0,Midfielder
James Milner,926,22,2,747,4,0,11,16,33,1.75,1,1,Midfielder
James Milner,1060,26,1,857,3,0,19,26,34,1.75,1,1,Midfielder
James Morrison,1342,18,3,593,3,0,7,26,29,1.83,1,0,Midfielder
James Morrison,1733,31,2,764,3,0,19,26,30,1.83,0,1,Midfielder
James Morrison,206,4,0,88,0,0,0,2,31,1.83,1,0,Midfielder
James Tarkowski,553,19,0,263,1,0,10,19,23,1.85,0,0,Defender
James Tarkowski,2790,31,0,1091,5,0,25,46,24,1.85,1,0,Defender
James Tarkowski,3087,35,1,1135,8,0,35,71,25,1.85,1,1,Defender
James Tarkowski,3420,38,2,1350,10,0,49,66,26,1.85,0,1,Defender
James Tarkowski,3240,36,0,1259,6,0,27,66,27,1.85,1,0,Defender
James Tomkins,1963,25,0,835,4,0,17,62,26,1.92,1,1,Defender
James Tomkins,1976,24,0,728,4,0,10,28,27,1.92,1,1,Defender
James Tomkins,2388,28,0,888,8,0,20,47,28,1.92,0,1,Defender
James Tomkins,2563,29,1,1111,6,0,16,33,29,1.92,1,0,Defender
James Tomkins,1586,18,1,671,5,0,14,29,30,1.92,1,1,Defender
James Tomkins,552,8,0,182,1,0,3,4,31,1.92,1,1,Defender
James Trafford,0,0,0,0,0,0,0,0,17,1.92,0,0,Goalkeeper
James Ward-Prowse,1533,33,4,699,5,0,21,14,20,1.77,0,1,Midfielder
James Ward-Prowse,1884,30,4,966,4,0,27,29,21,1.77,1,0,Midfielder
James Ward-Prowse,1714,30,3,747,3,0,18,23,22,1.77,0,1,Midfielder
James Ward-Prowse,1942,26,0,720,4,0,22,36,23,1.77,0,0,Midfielder
James Ward-Prowse,3420,38,3,1666,9,0,57,92,24,1.77,1,0,Midfielder
James Ward-Prowse,3420,38,7,2434,5,0,45,75,25,1.77,1,1,Midfielder
James Weir,0,1,0,0,0,0,0,0,19,1.77,0,0,Midfielder
James Weir,0,0,0,0,0,0,0,0,20,1.77,0,0,Midfielder
Jamie Murphy,165,4,0,43,0,0,1,2,27,1.78,0,0,Forward
Jamie Shackleton,452,13,0,192,0,0,3,10,20,1.68,0,0,Midfielder
Jamie Sterry,6,1,0,0,0,0,0,0,19,1.8,0,0,Defender
Jamie Sterry,0,0,0,0,0,0,0,0,22,1.8,0,0,Defender
Jamie Vardy,3139,36,6,625,5,1,42,35,28,1.79,1,0,Forward
Jamie Vardy,2808,35,5,529,2,1,26,15,29,1.79,0,1,Forward
Jamie Vardy,3258,37,1,463,3,0,29,15,30,1.79,0,0,Forward
Jamie Vardy,2732,34,4,416,3,1,19,14,31,1.79,1,0,Forward
Jamie Vardy,3034,35,5,442,2,0,20,15,32,1.79,1,1,Forward
Jamie Vardy,2844,34,9,434,1,0,26,18,33,1.79,1,1,Forward
Jan Bednarek,428,5,0,181,1,0,3,6,21,1.89,0,0,Defender
Jan Bednarek,2150,25,1,822,7,0,22,41,22,1.89,0,0,Defender
Jan Bednarek,3058,34,1,1537,4,0,33,65,23,1.89,0,0,Defender
Jan Bednarek,3101,36,1,2068,5,1,30,37,24,1.89,0,0,Defender
Jan Kirchhoff,1084,15,0,553,0,0,20,51,24,1.95,0,1,Midfielder
Jan Kirchhoff,436,7,0,199,1,0,8,14,25,1.95,1,0,Midfielder
Jan Vertonghen,2595,29,0,1474,5,0,17,48,28,1.89,1,0,Defender
Jan Vertonghen,2897,33,0,2051,5,0,21,43,29,1.89,1,1,Defender
Jan Vertonghen,3206,36,0,2488,4,0,20,64,30,1.89,0,1,Defender
Jan Vertonghen,1914,22,0,1531,3,1,10,38,31,1.89,1,0,Defender
Jan Vertonghen,1643,23,1,1101,2,0,7,40,32,1.89,1,1,Defender
Jannik Vestergaard,2030,23,0,845,2,0,17,53,25,1.99,1,1,Defender
Jannik Vestergaard,1496,19,0,822,3,0,9,19,26,1.99,0,1,Defender
Jannik Vestergaard,2574,30,0,1763,3,1,19,50,27,1.99,1,0,Defender
Japhet Tanganga,526,6,0,201,1,0,8,17,20,1.84,1,0,Defender
Japhet Tanganga,488,6,0,199,2,0,11,5,21,1.84,1,1,Defender
Jaroslaw Jach,0,0,0,0,0,0,0,0,23,1.92,0,0,Defender
Jarrad Branthwaite,298,4,0,223,0,0,4,8,17,1.95,0,0,Defender
Jarrad Branthwaite,0,0,0,0,0,0,0,0,18,1.95,1,0,Defender
Jarrod Bowen,177,7,0,70,0,0,3,2,19,1.82,0,0,Forward
Jarrod Bowen,921,13,4,213,0,0,4,19,22,1.82,0,0,Forward
Jarrod Bowen,2576,38,5,620,0,0,15,26,23,1.82,0,0,Forward
Jason Denayer,0,0,0,0,0,0,0,0,20,1.84,1,1,Defender
Jason Denayer,1879,24,0,586,2,0,17,35,21,1.84,1,1,Defender
Jason Lokilo,0,0,0,0,0,0,0,0,18,1.75,0,0,Midfielder
Jason Puncheon,2624,31,3,1240,3,0,34,54,29,1.73,1,0,Midfielder
Jason Puncheon,3096,36,5,1468,9,0,62,74,30,1.73,0,1,Midfielder
Jason Puncheon,570,10,0,238,5,0,14,13,31,1.73,1,0,Midfielder
Jason Puncheon,391,11,0,212,1,0,12,8,32,1.73,0,1,Midfielder
Jason Steele,0,0,0,0,0,0,0,0,27,1.88,0,0,Goalkeeper
Jason Steele,0,0,0,0,0,0,0,0,29,1.88,0,0,Goalkeeper
Javier Manquillo,1427,20,0,425,2,0,14,30,22,1.78,0,0,Defender
Javier Manquillo,1759,21,1,540,2,0,24,36,23,1.78,0,0,Defender
Javier Manquillo,1096,18,3,352,2,0,13,27,24,1.78,1,0,Defender
Javier Manquillo,1599,21,1,475,5,0,18,39,25,1.78,1,1,Defender
Javier Manquillo,826,13,0,290,1,0,7,24,26,1.78,1,1,Defender
Jay Fulton,691,11,0,323,2,0,11,31,22,1.85,0,0,Midfielder
Jay Fulton,17,2,0,8,1,0,2,0,23,1.85,0,0,Midfielder
Jayden Bogle,1108,16,0,312,2,0,15,33,20,1.78,0,0,Defender
Jayson Molumby,0,0,0,0,0,0,0,0,17,1.76,0,0,Midfielder
Jayson Molumby,0,0,0,0,0,0,0,0,18,1.76,0,0,Midfielder
Jayson Molumby,0,1,0,1,0,0,0,0,20,1.76,0,0,Midfielder
Jazz Richards,128,4,0,26,0,0,0,0,27,1.74,1,1,Defender
Jean-Philippe Gbamin,135,2,0,70,0,0,2,4,23,1.86,1,1,Midfielder
Jean-Philippe Gbamin,11,1,0,9,0,0,0,1,24,1.86,1,1,Midfielder
Jean-Philippe Mateta,218,7,0,47,0,0,3,1,23,1.92,0,1,Forward
Jed Steer,8,1,0,2,0,0,0,0,26,1.83,1,0,Goalkeeper
Jed Steer,0,0,0,0,0,0,0,0,27,1.83,0,1,Goalkeeper
Jeff Hendrick,2695,32,1,1004,6,1,43,33,24,1.85,0,1,Midfielder
Jeff Hendrick,2339,34,2,802,1,0,19,16,25,1.85,1,0,Midfielder
Jeff Hendrick,2068,32,0,659,4,0,17,24,26,1.85,0,1,Midfielder
Jeff Hendrick,1935,24,2,545,8,0,17,18,27,1.85,0,0,Midfielder
Jeff Hendrick,1424,22,1,538,1,1,15,8,28,1.85,0,0,Midfielder
Jeff Reine-Adélaïde,0,0,0,0,0,0,0,0,17,1.84,0,0,Midfielder
Jeff Reine-Adélaïde,0,0,0,0,0,0,0,0,18,1.84,0,0,Midfielder
Jefferson Lerma,2510,30,0,1561,12,0,43,45,23,1.79,1,1,Midfielder
Jefferson Lerma,2708,33,2,1398,11,1,42,54,24,1.79,1,1,Midfielder
Jefferson Montero,1354,23,2,365,0,0,11,21,25,1.7,1,1,Midfielder
Jefferson Montero,373,13,1,94,0,0,1,7,26,1.7,1,1,Midfielder
Jeffrey Schlupp,1379,24,2,461,4,0,15,46,22,1.78,1,1,Midfielder
Jeffrey Schlupp,1137,19,0,349,0,0,4,35,23,1.78,1,1,Midfielder
Jeffrey Schlupp,1748,24,1,654,3,0,18,57,24,1.78,1,1,Midfielder
Jeffrey Schlupp,1665,30,1,630,1,0,25,41,25,1.78,1,1,Midfielder
Jeffrey Schlupp,1035,17,1,314,2,0,17,18,26,1.78,1,1,Midfielder
Jeffrey Schlupp,1426,27,3,398,3,0,25,29,27,1.78,1,1,Midfielder
Jensen Weir,0,0,0,0,0,0,0,0,18,1.84,0,0,Midfielder
Jeremain Lens,1294,20,3,385,3,1,27,36,27,1.78,0,0,Midfielder
Jeremain Lens,67,2,0,20,0,0,1,2,28,1.78,1,0,Midfielder
Jeremy Ngakia,441,5,0,106,0,0,4,15,18,1.84,0,0,Defender
Jermain Defoe,2551,33,1,425,3,0,17,17,32,1.71,0,0,Forward
Jermain Defoe,3323,37,2,456,1,0,24,20,33,1.71,0,0,Forward
Jermain Defoe,1083,24,1,131,1,0,12,12,34,1.71,1,0,Forward
Jermain Defoe,21,4,0,3,0,0,0,0,35,1.71,0,1,Forward
Jerome Sinclair,113,5,0,24,0,0,4,1,19,1.81,0,0,Forward
Jerome Sinclair,27,4,0,8,0,0,1,0,20,1.81,0,0,Forward
Jesse Lingard,1634,25,1,712,4,0,24,38,22,1.74,0,1,Midfielder
Jesse Lingard,1366,25,2,727,3,0,26,17,23,1.74,1,0,Midfielder
Jesse Lingard,1822,33,5,932,2,0,34,30,24,1.74,0,1,Midfielder
Jesse Lingard,1668,27,2,761,3,0,27,29,25,1.74,1,0,Midfielder
Jesse Lingard,931,22,0,391,3,0,28,15,26,1.74,1,1,Midfielder
Jesse Lingard,1425,16,4,633,3,0,21,12,27,1.74,0,1,Midfielder
Jesurun Rak-Sakyi,0,0,0,0,0,0,0,0,17,1.78,0,0,Midfielder
Jesé,615,13,1,146,0,0,5,10,24,1.78,0,0,Forward
Jesús Gámez,97,2,0,45,0,0,0,4,32,1.77,1,0,Defender
Jesús Navas,2278,34,7,1268,1,0,18,29,29,1.72,1,0,Defender
Jesús Navas,1056,24,0,582,2,0,6,19,30,1.72,0,1,Defender
Jesús Vallejo,162,2,0,118,1,0,2,1,22,1.84,0,1,Defender
Jetro Willems,1501,19,2,429,0,0,10,37,25,1.77,1,0,Defender
Jimmy Dunne,0,0,0,0,0,0,0,0,21,1.91,0,1,Defender
Jimmy Dunne,270,3,0,153,1,0,2,3,22,1.91,0,0,Defender
Jindrich Stanek,0,0,0,0,0,0,0,0,19,1.92,0,0,Goalkeeper
Jiri Skalak,0,0,0,0,0,0,0,0,25,1.77,0,0,Midfielder
Joachim Andersen,2730,31,1,1958,7,1,39,33,24,1.92,1,0,Defender
Joe Allen,727,19,1,410,0,0,14,28,25,1.68,1,1,Midfielder
Joe Allen,2936,36,2,1286,9,0,27,86,26,1.68,0,1,Midfielder
Joe Allen,3142,36,6,1358,8,0,49,96,27,1.68,0,0,Midfielder
Joe Bennett,0,0,0,0,0,0,0,0,25,1.78,0,0,Defender
Joe Bennett,2641,30,1,694,5,0,20,50,28,1.78,1,0,Defender
Joe Bryan,2350,28,1,951,5,0,25,61,24,1.73,1,0,Defender
Joe Bryan,662,16,0,314,2,0,10,15,26,1.73,0,1,Defender
Joe Cole,0,0,0,0,0,0,0,0,33,1.76,0,1,Midfielder
Joe Gelhardt,0,0,0,0,0,0,0,0,18,1.79,0,0,Forward
Joe Hart,3110,35,0,721,0,0,0,0,28,1.96,1,0,Goalkeeper
Joe Hart,1710,19,1,544,0,0,1,0,30,1.96,0,0,Goalkeeper
Joe Hart,1710,19,0,565,0,0,0,0,31,1.96,0,0,Goalkeeper
Joe Hart,0,0,0,0,0,0,0,0,32,1.96,0,0,Goalkeeper
Joe Hart,0,0,0,0,0,0,0,0,33,1.96,0,0,Goalkeeper
Joe Ledley,979,19,0,399,1,0,12,16,28,1.83,1,0,Midfielder
Joe Ledley,1160,18,0,563,1,0,7,25,29,1.83,0,1,Midfielder
Joe Lolley,219,6,0,65,1,0,3,2,24,1.79,0,1,Forward
Joe Powell,0,0,0,0,0,0,0,0,19,1.78,0,0,Midfielder
Joe Ralls,1959,28,0,778,4,1,29,45,24,1.78,1,1,Midfielder
Joe Riley,0,0,0,0,0,0,0,0,18,1.83,0,0,Defender
Joe Rodon,0,0,0,0,0,0,0,0,19,1.92,0,0,Defender
Joe Rodon,729,12,0,429,0,0,2,14,22,1.92,0,1,Defender
Joe Rothwell,0,0,0,0,0,0,0,0,20,1.85,0,0,Midfielder
Joe Tupper,0,0,0,0,0,0,0,0,20,1.84,0,0,Goalkeeper
Joel Asoro,9,1,0,1,0,0,0,0,17,1.75,0,0,Forward
Joel Campbell,883,19,2,342,0,0,9,26,23,1.78,0,0,Forward
Joel Matip,2455,29,0,1699,3,0,14,47,24,1.95,1,0,Defender
Joel Matip,1994,25,0,1655,3,0,19,35,25,1.95,1,1,Defender
Joel Matip,1532,22,0,1341,3,0,11,39,26,1.95,0,1,Defender
Joel Matip,703,9,0,553,0,0,7,13,27,1.95,1,0,Defender
Joel Matip,691,10,2,546,2,0,11,14,28,1.95,1,1,Defender
Joel Mumbongo,0,0,0,0,0,0,0,0,20,1.88,0,0,Forward
Joel Mumbongo,36,4,0,5,1,0,1,0,21,1.88,0,0,Forward
Joel Pereira,90,1,0,27,0,0,0,0,20,1.89,0,0,Goalkeeper
Joel Pereira,0,0,0,0,0,0,0,0,21,1.89,0,0,Goalkeeper
Joel Robles,1170,13,0,421,1,0,0,0,25,1.97,0,0,Goalkeeper
Joel Robles,1736,20,1,570,2,0,1,0,26,1.97,0,0,Goalkeeper
Joel Robles,0,0,0,0,0,0,0,0,27,1.97,0,0,Goalkeeper
Joel Ward,2255,26,1,819,5,0,32,43,30,1.86,1,1,Defender
Joelinton,2697,38,2,820,7,0,32,34,22,1.86,1,1,Forward
Joelinton,1988,31,2,582,3,0,24,33,23,1.86,0,1,Forward
Joey Barton,1104,14,0,576,4,0,20,43,33,1.8,0,0,Midfielder
Joey O Brien,0,0,0,0,0,0,0,0,29,1.8,1,1,Defender
John Egan,3189,36,0,1290,3,1,34,44,26,1.85,0,0,Defender
John Egan,2630,31,1,1123,7,1,29,41,27,1.85,0,0,Defender
John Fleck,2516,30,2,999,8,0,25,36,27,1.69,1,0,Midfielder
John Fleck,2576,31,2,1139,4,0,33,51,28,1.69,1,1,Midfielder
John Lundstram,2455,34,3,1176,5,0,27,46,25,1.81,1,0,Midfielder
John Lundstram,2032,28,2,999,8,1,24,25,26,1.81,0,1,Midfielder
John McGinn,2317,28,3,715,3,0,37,53,24,1.78,1,1,Midfielder
John McGinn,3330,37,5,1367,12,0,43,61,25,1.78,0,1,Midfielder
John O Shea,2007,28,0,590,2,0,19,32,34,1.92,0,1,Defender
John O Shea,2160,28,1,686,5,0,17,29,35,1.92,1,0,Defender
John Ruddy,2430,27,0,772,0,0,0,0,28,1.92,0,0,Goalkeeper
John Ruddy,90,1,0,19,0,0,0,0,31,1.92,0,0,Goalkeeper
John Ruddy,0,0,0,0,0,0,0,0,32,1.92,0,0,Goalkeeper
John Ruddy,90,2,0,14,0,0,0,0,33,1.92,0,0,Goalkeeper
John Stones,2778,33,0,1566,3,0,11,46,21,1.88,1,1,Defender
John Stones,2013,27,0,1464,1,0,8,26,22,1.88,0,1,Defender
John Stones,1305,18,0,1246,0,0,6,15,23,1.88,1,0,Defender
John Stones,1762,24,0,1751,1,0,6,16,24,1.88,1,1,Defender
John Stones,1118,16,0,1035,0,0,5,16,25,1.88,1,1,Defender
John Stones,1934,22,0,1727,0,1,7,21,26,1.88,1,1,Defender
John Terry,1991,24,0,924,2,2,10,21,34,1.87,1,0,Defender
John Terry,492,9,0,320,1,0,5,3,35,1.87,1,1,Defender
John-Kymani Gordon,0,0,0,0,0,0,0,0,16,1.81,0,0,Forward
Joleon Lescott,2810,32,0,1061,2,0,16,35,32,1.91,0,0,Defender
Joleon Lescott,123,2,0,34,0,0,2,0,33,1.91,0,0,Defender
Jon Flanagan,421,5,1,254,1,0,7,11,22,1.81,0,1,Defender
Jon Flanagan,359,6,0,136,2,0,9,23,23,1.81,0,0,Defender
Jon Flanagan,0,0,0,0,0,0,0,0,24,1.81,0,0,Defender
Jon Gorenc Stankovic,0,0,0,0,0,0,0,0,21,1.9,0,1,Defender
Jon Gorenc Stankovic,717,11,0,294,2,0,9,26,22,1.9,0,0,Defender
Jonas Lössl,3420,38,1,1284,1,0,0,0,28,1.95,0,1,Goalkeeper
Jonas Lössl,2777,31,1,1006,1,0,0,0,29,1.95,0,0,Goalkeeper
Jonas Lössl,0,0,0,0,0,0,0,0,30,1.95,1,0,Goalkeeper
Jonas Lössl,0,0,0,0,0,0,0,0,31,1.95,0,1,Goalkeeper
Jonathan Calleri,531,16,0,119,0,0,10,5,22,1.81,0,0,Forward
Jonathan Hogg,2410,30,0,1413,8,1,32,93,28,1.76,1,1,Midfielder
Jonathan Hogg,2377,29,1,1546,8,1,58,78,29,1.76,1,1,Midfielder
Jonathan Kodjia,111,6,0,27,1,0,1,0,29,1.89,0,0,Forward
Jonathan Leko,271,5,1,49,0,0,7,9,16,1.82,0,0,Midfielder
Jonathan Leko,110,9,1,16,0,0,0,0,17,1.82,0,0,Midfielder
Jonathan Leko,0,0,0,0,0,0,0,0,18,1.82,0,0,Midfielder
Jonathan Walters,1724,27,3,492,1,0,14,8,31,1.83,1,1,Forward
Jonathan Walters,1296,23,2,331,1,0,13,8,32,1.83,0,1,Forward
Jonathan Walters,36,3,0,9,0,0,0,0,33,1.83,1,0,Forward
Jonathan Walters,0,0,0,0,0,0,0,0,34,1.83,1,1,Forward
Jonathan Williams,10,1,0,5,0,0,0,0,21,1.68,0,0,Midfielder
Jonjo Shelvey,2268,31,5,1473,8,0,21,37,23,1.84,0,0,Midfielder
Jonjo Shelvey,2267,30,3,1382,2,2,23,39,25,1.84,0,0,Midfielder
Jonjo Shelvey,944,16,1,629,1,0,16,22,26,1.84,1,0,Midfielder
Jonjo Shelvey,2124,26,2,1044,3,0,19,29,27,1.84,1,1,Midfielder
Jonjo Shelvey,2617,30,3,1401,7,0,31,39,28,1.84,1,1,Midfielder
Jonjoe Kenny,61,1,0,22,0,0,0,1,18,1.76,0,0,Defender
Jonjoe Kenny,12,1,0,9,0,0,1,0,19,1.76,0,0,Defender
Jonjoe Kenny,1588,19,1,587,2,0,17,41,20,1.76,0,0,Defender
Jonjoe Kenny,790,10,1,427,1,0,10,22,21,1.76,0,0,Defender
Jonjoe Kenny,77,4,0,42,0,0,0,2,23,1.76,1,1,Defender
Jonny Evans,2638,31,1,942,8,0,31,42,28,1.88,1,0,Defender
Jonny Evans,2272,28,2,961,7,0,26,29,29,1.88,1,1,Defender
Jonny Evans,1995,24,0,1029,2,0,21,24,30,1.88,1,1,Defender
Jonny Evans,3386,38,1,2491,8,1,35,48,31,1.88,1,1,Defender
Jonny Evans,2476,28,2,1850,7,0,18,25,32,1.88,1,1,Defender
Jonny Maddison,0,0,0,0,0,0,0,0,20,1.83,0,0,Goalkeeper
Jordan Amavi,836,10,2,368,2,0,18,36,21,1.76,1,0,Defender
Jordan Ayew,2353,30,0,800,6,1,48,40,23,1.82,0,0,Forward
Jordan Ayew,864,14,3,240,1,0,18,14,24,1.82,0,0,Forward
Jordan Ayew,2859,36,2,835,2,1,63,82,25,1.82,0,0,Forward
Jordan Ayew,1186,20,2,265,3,0,31,38,26,1.82,0,0,Forward
Jordan Ayew,3162,37,2,814,6,0,59,48,27,1.82,0,0,Forward
Jordan Ayew,2097,33,3,633,4,0,45,38,28,1.82,0,0,Forward
Jordan Henderson,1293,17,3,939,1,0,10,41,25,1.87,0,0,Midfielder
Jordan Henderson,2118,24,4,2057,8,0,28,88,26,1.87,0,0,Midfielder
Jordan Henderson,2172,27,1,2085,1,0,26,51,27,1.87,1,0,Midfielder
Jordan Henderson,1982,32,3,1740,1,1,26,46,28,1.87,1,1,Midfielder
Jordan Holmes,0,0,0,0,0,0,0,0,18,1.88,0,0,Goalkeeper
Jordan Hugill,22,3,0,9,0,0,3,0,25,1.83,0,0,Forward
Jordan Lyden,152,4,0,67,0,0,1,2,19,1.83,0,0,Midfielder
Jordan Pickford,180,2,0,70,0,0,0,0,21,1.85,0,0,Goalkeeper
Jordan Pickford,2610,29,0,954,0,0,0,0,22,1.85,1,0,Goalkeeper
Jordan Pickford,3420,38,0,1162,0,0,1,0,23,1.85,0,1,Goalkeeper
Jordan Pickford,3420,38,0,1118,1,0,1,0,24,1.85,0,0,Goalkeeper
Jordan Pickford,3420,38,0,1184,2,0,1,0,25,1.85,0,0,Goalkeeper
Jordan Pickford,2743,31,0,998,1,0,1,0,26,1.85,1,0,Goalkeeper
Jordan Rhodes,208,6,0,42,0,0,3,1,26,1.85,0,0,Forward
Jordan Rossiter,14,1,0,5,0,0,0,1,18,1.78,1,1,Midfielder
Jordan Veretout,1824,25,5,991,4,0,19,32,22,1.77,0,0,Midfielder
Jordi Amat,461,8,0,193,0,0,4,7,23,1.84,0,1,Defender
Jordi Amat,1407,17,0,658,5,0,26,36,24,1.84,0,0,Defender
Jordi Gómez,354,6,0,156,0,0,4,9,30,1.78,0,1,Midfielder
Jordi Osei-Tutu,0,0,0,0,0,0,0,0,18,1.76,0,0,Defender
Jordon Ibe,1173,27,2,481,0,0,10,10,19,1.76,1,0,Midfielder
Jordon Ibe,1055,25,0,378,0,0,7,12,20,1.76,0,1,Midfielder
Jordon Ibe,2003,32,6,695,1,0,10,14,21,1.76,0,0,Midfielder
Jordon Ibe,794,19,1,250,1,0,8,6,22,1.76,0,0,Midfielder
Jordon Ibe,47,2,0,17,0,0,0,2,23,1.76,0,0,Midfielder
Jordon Mutch,793,20,0,307,0,0,11,18,23,1.84,0,1,Midfielder
Jordon Mutch,49,4,0,41,0,0,0,2,24,1.84,0,0,Midfielder
Jordon Mutch,0,0,0,0,0,0,0,0,25,1.84,1,0,Midfielder
Jordy Clasie,1550,22,0,768,5,0,18,42,24,1.69,1,1,Midfielder
Jordy Clasie,1026,16,1,623,3,0,14,18,25,1.69,1,1,Midfielder
Jores Okore,1080,12,0,330,1,0,8,37,22,1.83,0,0,Defender
Jorginho,3165,37,0,3118,8,0,33,76,26,1.8,0,0,Midfielder
Jorginho,2382,31,2,2257,10,0,27,66,27,1.8,0,0,Midfielder
Jorginho,2013,28,1,1783,2,0,32,57,28,1.8,0,0,Midfielder
Joselu,1090,22,1,379,0,0,19,14,25,1.92,0,0,Forward
Joselu,1655,30,1,593,2,0,30,22,27,1.92,0,1,Forward
Joselu,586,16,0,208,1,0,5,14,28,1.92,0,0,Forward
Joseph Anang,0,0,0,0,0,0,0,0,19,1.9,0,0,Goalkeeper
Joseph Dodoo,19,1,0,6,0,0,2,0,20,1.86,0,0,Forward
Josh Benson,0,0,0,0,0,0,0,0,18,1.75,0,0,Midfielder
Josh Benson,0,0,0,0,0,0,0,0,19,1.75,0,0,Midfielder
Josh Benson,261,6,0,79,0,0,4,5,20,1.75,0,0,Midfielder
Josh Brownhill,805,10,0,331,2,0,6,14,23,1.79,0,0,Midfielder
Josh Brownhill,2813,33,1,1172,2,0,36,45,24,1.79,1,0,Midfielder
Josh Clackstone,0,0,0,0,0,0,0,0,19,1.71,0,0,Defender
Josh Cullen,0,1,0,0,0,0,0,0,19,1.75,0,0,Midfielder
Josh Cullen,6,2,0,4,0,0,0,0,21,1.75,0,0,Midfielder
Josh Harrop,90,1,0,41,0,0,4,6,20,1.75,0,0,Midfielder
Josh Knight,0,0,0,0,0,0,0,0,20,1.85,0,0,Defender
Josh Maja,0,0,0,0,0,0,0,0,17,1.8,0,0,Forward
Josh Maja,809,15,0,180,0,0,8,7,21,1.8,0,1,Forward
Josh Martin,32,5,0,15,0,0,1,1,17,1.76,0,0,Midfielder
Josh Onomah,75,8,0,44,0,0,1,4,18,1.85,0,0,Midfielder
Josh Onomah,17,5,0,19,0,0,0,2,19,1.85,0,0,Midfielder
Josh Onomah,370,11,0,170,1,0,12,11,23,1.85,1,1,Midfielder
Josh Pask,0,0,0,0,0,0,0,0,19,1.87,0,0,Defender
Josh Robson,0,0,0,0,0,0,0,0,18,1.8,0,0,Defender
Josh Sims,206,7,1,81,0,0,2,3,19,1.74,0,0,Midfielder
Josh Sims,159,6,0,62,0,0,1,4,20,1.74,0,0,Midfielder
Josh Sims,208,7,1,44,0,0,1,1,21,1.74,0,0,Midfielder
Josh Tymon,325,5,0,135,1,0,4,8,17,1.8,0,0,Defender
Josh Tymon,162,3,0,81,0,0,0,5,18,1.8,0,0,Defender
Josh Vickers,0,0,0,0,0,0,0,0,19,1.93,0,0,Goalkeeper
Joshua King,1922,31,2,444,1,0,37,29,23,1.87,0,0,Forward
Joshua King,2720,36,2,715,1,0,58,49,24,1.87,1,0,Forward
Joshua King,2456,33,3,689,3,0,45,36,25,1.87,1,1,Forward
Joshua King,2974,35,3,802,3,0,53,30,26,1.87,1,1,Forward
Joshua King,2020,26,4,499,0,0,37,16,27,1.87,1,1,Forward
Joshua King,137,11,0,49,0,0,4,4,28,1.87,0,1,Forward
Josip Drmic,634,21,0,160,0,1,6,3,26,1.84,1,1,Forward
José Crespo,90,1,0,27,0,0,1,0,28,1.85,1,1,Defender
José Fonte,3168,37,1,1622,4,1,21,53,31,1.91,0,0,Defender
José Fonte,2935,33,0,1604,4,0,27,47,32,1.91,0,0,Defender
José Fonte,690,8,1,347,0,0,6,11,33,1.91,1,0,Defender
José Izquierdo,1986,32,3,523,2,0,20,23,25,1.71,0,1,Forward
José Izquierdo,794,15,1,205,1,0,6,15,26,1.71,1,0,Forward
José Izquierdo,8,1,0,7,0,0,0,0,28,1.71,1,0,Forward
José Manuel Jurado,2025,27,0,956,3,0,12,37,29,1.76,1,0,Midfielder
Joy Mukena,0,0,0,0,0,0,0,0,18,1.9,0,0,Defender
João Cancelo,1204,17,0,1010,4,0,17,40,25,1.82,0,1,Defender
João Cancelo,2302,28,3,1854,5,1,36,68,26,1.82,1,0,Defender
João Moutinho,3040,38,8,1863,4,0,53,113,31,1.7,0,1,Midfielder
João Moutinho,3108,38,6,1839,7,0,40,93,32,1.7,0,0,Midfielder
João Moutinho,2533,33,1,1721,3,1,44,75,33,1.7,0,0,Midfielder
João Mário,1026,13,1,442,0,0,14,14,24,1.79,0,1,Midfielder
João Pedro,22,3,0,9,0,0,1,0,17,1.82,1,0,Forward
João Virgínia,0,0,0,0,0,0,0,0,19,1.92,0,0,Goalkeeper
João Virgínia,47,1,0,12,0,0,0,0,20,1.92,0,0,Goalkeeper
Joël Veltman,2280,28,1,1249,3,0,34,67,28,1.84,0,1,Defender
Juan Carlos Paredes,766,17,0,264,1,0,10,15,28,1.78,1,0,Defender
Juan Cuadrado,26,1,0,9,0,0,0,0,27,1.76,0,0,Midfielder
Juan Foyth,0,0,0,0,0,0,0,0,19,1.87,0,0,Defender
Juan Foyth,888,12,0,586,3,1,16,31,20,1.87,1,0,Defender
Juan Foyth,65,4,0,56,1,0,2,7,21,1.87,1,1,Defender
Juan Iturbe,55,2,0,23,0,0,0,0,22,1.73,0,1,Forward
Juan Mata,2898,38,5,1803,4,1,22,30,27,1.7,0,0,Midfielder
Juan Mata,1626,25,3,990,3,0,10,22,28,1.7,0,0,Midfielder
Juan Mata,1931,28,5,1215,1,0,12,18,29,1.7,0,0,Midfielder
Juan Mata,1293,22,2,700,3,0,10,9,30,1.7,1,0,Midfielder
Juan Mata,752,19,2,511,1,0,7,7,31,1.7,0,1,Midfielder
Juan Mata,511,9,2,286,0,0,1,1,32,1.7,1,0,Midfielder
Juanmi,161,12,0,48,0,0,1,1,22,1.72,0,0,Forward
Julien Ngoy,44,5,0,11,0,0,0,2,18,1.85,0,0,Forward
Julien Ngoy,19,1,0,5,0,0,1,1,19,1.85,1,0,Forward
Julien de Sart,0,0,0,0,0,0,0,0,21,1.87,0,0,Midfielder
Junior Stanislas,1439,21,2,662,1,0,11,29,25,1.83,1,0,Midfielder
Junior Stanislas,1475,21,5,615,1,0,8,14,26,1.83,1,1,Midfielder
Junior Stanislas,1293,19,2,489,1,0,6,16,27,1.83,1,1,Midfielder
Junior Stanislas,1027,23,3,496,1,0,6,12,28,1.83,1,1,Midfielder
Junior Stanislas,710,15,0,261,1,0,5,10,29,1.83,1,1,Midfielder
Jérémy Pied,126,4,0,70,0,0,1,3,27,1.73,0,0,Defender
Jérémy Pied,180,2,1,96,0,0,1,9,28,1.73,0,0,Defender
Jürgen Locadia,223,6,1,51,0,0,2,1,23,1.86,1,1,Forward
Jürgen Locadia,1228,26,0,331,1,0,22,15,24,1.86,1,1,Forward
Jürgen Locadia,86,2,0,19,0,0,0,0,25,1.86,0,1,Forward
Kadeem Harris,365,13,0,88,1,0,4,12,25,1.74,1,0,Midfielder
Kai Havertz,1519,27,3,766,2,0,27,18,21,1.9,0,1,Midfielder
Kalvin Phillips,2428,29,2,1404,10,0,46,74,24,1.79,1,0,Midfielder
Kamil Grosicki,1145,15,4,251,1,0,12,4,28,1.8,1,1,Midfielder
Kamil Grosicki,149,3,1,40,0,0,1,2,32,1.8,1,0,Midfielder
Karl Darlow,810,9,0,215,0,0,0,0,24,1.9,1,0,Goalkeeper
Karl Darlow,900,10,0,297,0,0,0,0,26,1.9,1,0,Goalkeeper
Karl Darlow,0,0,0,0,0,0,0,0,27,1.9,0,1,Goalkeeper
Karl Darlow,0,0,0,0,0,0,0,0,28,1.9,0,0,Goalkeeper
Karl Darlow,2250,25,0,628,3,0,0,0,29,1.9,1,0,Goalkeeper
Karlan Grant,874,13,0,212,0,0,8,5,20,1.83,0,0,Forward
Karlo Ziger,0,0,0,0,0,0,0,0,19,1.87,0,0,Goalkeeper
Kasey Palmer,0,0,0,0,0,0,0,0,18,1.75,0,0,Midfielder
Kasey Palmer,168,4,0,53,2,0,4,6,20,1.75,1,1,Midfielder
Kasper Schmeichel,3420,38,0,1146,2,0,0,0,28,1.89,0,1,Goalkeeper
Kasper Schmeichel,2667,30,0,888,1,0,0,0,29,1.89,1,0,Goalkeeper
Kasper Schmeichel,2966,33,0,1032,3,0,0,0,30,1.89,1,1,Goalkeeper
Kasper Schmeichel,3420,38,0,1118,3,0,0,0,31,1.89,0,1,Goalkeeper
Kasper Schmeichel,3420,38,0,1033,2,0,0,0,32,1.89,0,0,Goalkeeper
Kasper Schmeichel,3420,38,0,1067,0,0,0,0,33,1.89,0,0,Goalkeeper
Kayne Ramsay,90,1,0,14,0,0,0,0,17,1.79,0,0,Defender
Kayne Ramsay,90,1,0,19,1,0,1,5,19,1.79,0,0,Defender
Keinan Davis,0,0,0,0,0,0,0,0,17,1.89,0,0,Forward
Keinan Davis,538,18,0,136,0,0,12,1,21,1.89,1,0,Forward
Keinan Davis,263,15,1,73,0,0,4,2,22,1.89,1,1,Forward
Kelechi Iheanacho,753,26,1,346,1,0,17,14,18,1.85,1,0,Forward
Kelechi Iheanacho,525,20,3,192,0,0,8,6,19,1.85,0,1,Forward
Kelechi Iheanacho,822,21,3,246,2,0,17,9,20,1.85,1,0,Forward
Kelechi Iheanacho,926,30,3,276,2,0,14,6,21,1.85,0,1,Forward
Kelechi Iheanacho,960,20,3,267,1,0,24,3,22,1.85,0,0,Forward
Kelechi Iheanacho,1456,25,2,504,1,0,26,12,23,1.85,0,0,Forward
Ken Sema,755,17,2,236,1,0,13,16,24,1.8,0,0,Midfielder
Ken Sema,0,0,0,0,0,0,0,0,25,1.8,1,0,Midfielder
Kenedy,547,14,0,290,0,0,6,14,19,1.82,0,0,Forward
Kenedy,90,2,0,29,0,0,2,3,20,1.82,1,0,Forward
Kenedy,1030,13,2,351,1,0,15,31,21,1.82,0,1,Forward
Kenedy,1343,25,1,462,1,0,19,30,22,1.82,1,0,Forward
Kenedy,0,0,0,0,0,0,0,0,23,1.82,1,1,Forward
Kenji Gorré,0,0,0,0,0,0,0,0,20,1.78,0,0,Forward
Kenneth Zohore,746,19,1,136,1,0,13,3,24,1.9,1,1,Forward
Kenny McLean,2966,37,1,1680,5,0,24,44,27,1.8,1,0,Midfielder
Kenny Tete,1482,22,1,690,3,0,28,48,24,1.8,1,0,Defender
Kepa Arrizabalaga,3240,36,0,1003,2,0,0,0,23,1.86,1,1,Goalkeeper
Kepa Arrizabalaga,2970,33,0,938,0,0,0,0,24,1.86,0,1,Goalkeeper
Kepa Arrizabalaga,584,7,0,205,1,0,0,0,25,1.86,1,0,Goalkeeper
Kevin Danso,275,6,1,131,0,1,4,6,20,1.9,0,0,Defender
Kevin De Bruyne,2003,25,9,1127,2,0,16,28,24,1.81,0,0,Midfielder
Kevin De Bruyne,2884,36,18,1801,4,0,37,50,25,1.81,1,0,Midfielder
Kevin De Bruyne,3085,37,16,2693,2,0,30,62,26,1.81,0,1,Midfielder
Kevin De Bruyne,974,19,2,725,2,0,10,22,27,1.81,1,0,Midfielder
Kevin De Bruyne,2800,35,20,1907,3,0,26,45,28,1.81,1,1,Midfielder
Kevin De Bruyne,2001,25,12,1265,1,0,27,34,29,1.81,1,1,Midfielder
Kevin Long,270,3,0,108,0,0,1,4,25,1.88,1,0,Defender
Kevin Long,1440,16,2,541,1,0,15,32,26,1.88,0,1,Defender
Kevin Long,513,6,1,168,0,0,3,18,27,1.88,0,0,Defender
Kevin Long,562,8,0,200,0,0,9,7,28,1.88,1,0,Defender
Kevin Long,636,8,0,265,2,0,7,11,29,1.88,1,1,Defender
Kevin Mbabu,143,3,0,41,0,0,3,11,20,1.84,1,0,Defender
Kevin McDonald,841,15,0,578,4,1,12,15,29,1.92,1,1,Midfielder
Kevin Mirallas,1004,23,2,329,0,2,14,14,27,1.82,0,1,Midfielder
Kevin Mirallas,2080,35,6,720,2,0,27,18,28,1.82,0,0,Midfielder
Kevin Mirallas,136,5,0,54,1,0,1,4,29,1.82,0,0,Midfielder
Kevin Nolan,56,2,0,15,0,0,0,1,33,1.83,0,1,Midfielder
Kevin Stewart,564,7,0,450,1,0,9,19,21,1.82,1,0,Midfielder
Kevin Stewart,16,4,0,20,0,0,1,0,22,1.82,0,1,Midfielder
Kevin Toner,314,4,1,97,0,0,2,10,19,1.8,0,0,Defender
Kevin Wimmer,812,10,0,541,2,0,12,5,22,1.87,0,0,Defender
Kevin Wimmer,356,5,0,225,3,0,4,3,23,1.87,1,0,Defender
Kevin Wimmer,1320,17,0,504,5,0,20,24,24,1.87,0,1,Defender
Kgaogelo Chauke,0,0,0,0,0,0,0,0,17,1.77,0,0,Midfielder
Ki-Jana Hoever,0,0,0,0,0,0,0,0,17,1.83,0,0,Defender
Ki-Jana Hoever,571,12,0,291,1,0,4,14,18,1.83,0,0,Defender
Kieran Dowell,72,2,0,30,0,0,1,0,17,1.83,0,0,Midfielder
Kieran Dowell,0,0,0,0,0,0,0,0,20,1.83,0,0,Midfielder
Kieran Gibbs,381,15,0,198,0,0,3,12,25,1.81,0,1,Defender
Kieran Gibbs,703,11,1,372,3,0,11,12,26,1.81,1,0,Defender
Kieran Gibbs,2830,33,1,1014,3,0,22,41,27,1.81,0,1,Defender
Kieran Gibbs,809,10,0,264,1,1,6,15,30,1.81,0,0,Defender
Kieran O Hara,0,0,0,0,0,0,0,0,20,1.91,0,0,Goalkeeper
Kieran Richardson,723,11,1,269,4,0,18,18,30,1.77,0,1,Defender
Kieran Tierney,992,15,1,441,2,0,8,20,22,1.8,1,1,Defender
Kieran Tierney,2301,27,3,1180,4,0,14,27,23,1.8,1,1,Defender
Kieran Trippier,458,6,1,265,1,0,3,14,24,1.73,0,0,Defender
Kieran Trippier,564,12,5,346,1,0,8,17,25,1.73,0,0,Defender
Kieran Trippier,1914,24,5,1266,1,0,18,52,26,1.73,1,0,Defender
Kieran Trippier,2278,27,3,1542,2,0,20,67,27,1.73,1,1,Defender
Kieron Freeman,5,2,0,1,0,0,1,0,27,1.78,0,0,Defender
Kiko Casilla,270,3,0,78,0,0,0,0,33,1.9,1,0,Goalkeeper
Kiko Femenía,1716,23,1,794,2,0,7,36,26,1.71,1,1,Defender
Kiko Femenía,2045,29,1,925,1,0,12,48,27,1.71,1,1,Defender
Kiko Femenía,2241,28,0,953,5,0,26,68,28,1.71,1,1,Defender
Kolo Touré,856,14,0,465,1,0,2,22,34,1.78,1,0,Defender
Konstantinos Mavropanos,195,3,0,103,0,1,2,1,19,1.94,0,0,Defender
Konstantinos Mavropanos,149,4,0,137,1,0,2,1,20,1.94,1,0,Defender
Konstantinos Mavropanos,0,0,0,0,0,0,0,0,21,1.94,1,1,Defender
Konstantinos Stafylidis,334,5,0,94,0,0,4,12,23,1.78,1,1,Defender
Konstantinos Tsimikas,5,2,0,5,0,0,1,0,24,1.79,1,0,Defender
Kortney Hause,0,0,0,0,0,0,0,0,23,1.91,1,0,Defender
Kortney Hause,1544,18,0,799,3,0,24,21,24,1.91,1,1,Defender
Kortney Hause,630,7,0,232,2,0,5,4,25,1.91,1,1,Defender
Kristoffer Nordfeldt,90,1,0,25,0,0,0,0,26,1.9,0,0,Goalkeeper
Kristoffer Nordfeldt,90,1,0,22,0,0,0,0,27,1.9,0,0,Goalkeeper
Kristoffer Nordfeldt,0,0,0,0,0,0,0,0,28,1.9,0,0,Goalkeeper
Kurt Zouma,1917,23,1,736,0,0,9,30,20,1.9,1,1,Defender
Kurt Zouma,245,9,1,128,0,0,2,8,21,1.9,0,1,Defender
Kurt Zouma,2887,34,0,1021,1,0,19,50,22,1.9,1,0,Defender
Kurt Zouma,2610,32,2,1442,3,1,20,32,23,1.9,0,1,Defender
Kurt Zouma,2341,28,0,2080,6,0,30,23,24,1.9,0,0,Defender
Kurt Zouma,2027,24,0,1775,3,0,17,16,25,1.9,0,0,Defender
Kyle Bartley,284,5,0,127,2,0,4,9,24,1.94,0,1,Defender
Kyle Bartley,233,5,0,115,2,0,5,3,26,1.94,1,0,Defender
Kyle Bartley,2583,30,1,827,4,0,30,27,29,1.94,1,0,Defender
Kyle Edwards,114,5,0,34,0,0,1,3,22,1.78,0,0,Midfielder
Kyle Jameson,0,0,0,0,0,0,0,0,18,1.83,0,0,Defender
Kyle John,0,0,0,0,0,0,0,0,19,1.76,0,0,Defender
Kyle Knoyle,0,0,0,0,0,0,0,0,18,1.73,0,0,Defender
Kyle Lafferty,13,1,0,4,0,0,0,0,27,1.93,1,0,Forward
Kyle Naughton,1764,27,3,1081,2,1,23,40,26,1.81,0,1,Defender
Kyle Naughton,2718,31,0,1392,5,0,25,76,27,1.81,0,0,Defender
Kyle Naughton,3033,34,2,1638,1,0,31,92,28,1.81,0,0,Defender
Kyle Scott,0,0,0,0,0,0,0,0,19,1.72,0,0,Midfielder
Kyle Taylor,0,0,0,0,0,0,0,0,17,1.67,0,0,Midfielder
Kyle Taylor,0,0,0,0,0,0,0,0,18,1.67,1,0,Midfielder
Kyle Walker,2943,33,3,1250,7,0,29,87,25,1.83,0,1,Defender
Kyle Walker,2704,33,5,1464,8,0,36,72,26,1.83,1,0,Defender
Kyle Walker,2787,32,6,2362,2,1,17,47,27,1.83,0,1,Defender
Kyle Walker,2777,33,1,2389,3,0,15,40,28,1.83,1,0,Defender
Kyle Walker,2395,29,4,1939,5,0,27,28,29,1.83,0,1,Defender
Kyle Walker-Peters,0,0,0,0,0,0,0,0,18,1.73,0,0,Defender
Kyle Walker-Peters,188,3,2,97,0,0,1,5,20,1.73,1,0,Defender
Kyle Walker-Peters,374,6,3,188,1,0,4,7,21,1.73,0,1,Defender
Kyle Walker-Peters,943,13,0,532,1,0,7,21,22,1.73,1,0,Defender
Kyle Walker-Peters,2649,30,2,1323,4,0,33,83,23,1.73,1,1,Defender
Laurent Depoitre,1808,33,1,482,1,0,28,14,28,1.91,0,0,Forward
Laurent Depoitre,1060,23,1,274,1,0,19,6,29,1.91,0,0,Forward
Laurent Koscielny,2846,33,0,1691,3,0,31,47,29,1.86,1,1,Defender
Laurent Koscielny,2823,33,0,1667,4,1,19,48,30,1.86,1,1,Defender
Laurent Koscielny,2227,25,0,1745,4,0,14,43,31,1.86,1,1,Defender
Laurent Koscielny,1328,17,0,891,1,0,9,19,32,1.86,1,1,Defender
Layton Ndukwu,0,0,0,0,0,0,0,0,18,1.77,0,0,Forward
Lazar Markovic,1012,12,0,334,4,0,17,18,22,1.75,1,1,Forward
Lazar Markovic,44,1,0,29,0,0,1,0,24,1.75,1,0,Forward
Leander Dendoncker,1469,19,0,607,1,0,11,53,23,1.88,0,0,Midfielder
Leander Dendoncker,2793,38,0,1323,5,0,31,68,24,1.88,0,0,Midfielder
Leandro Bacuna,2419,31,0,1133,8,0,36,48,23,1.8,0,0,Midfielder
Leandro Bacuna,554,11,0,145,2,0,13,15,26,1.8,0,0,Midfielder
Leandro Trossard,2012,31,3,710,0,0,14,22,24,1.72,1,1,Forward
Leandro Trossard,2618,35,5,998,2,0,27,33,25,1.72,1,1,Forward
Lee Cattermole,2216,31,0,929,8,0,40,57,27,1.78,1,0,Midfielder
Lee Cattermole,640,8,0,281,4,0,14,13,28,1.78,1,1,Midfielder
Lee Grant,2520,28,0,881,1,0,0,0,33,1.93,0,0,Goalkeeper
Lee Grant,270,3,0,78,0,0,0,0,34,1.93,1,0,Goalkeeper
Lee Grant,0,0,0,0,0,0,0,0,36,1.93,0,0,Goalkeeper
Lee Grant,0,0,0,0,0,0,0,0,37,1.93,0,0,Goalkeeper
Lee Peltier,1542,20,0,342,4,0,15,39,31,1.78,1,1,Defender
Lee Peltier,228,4,0,65,1,0,4,9,33,1.78,0,0,Defender
Lee Tomlin,289,6,0,116,1,0,2,6,26,1.8,0,0,Forward
Leighton Baines,1477,18,1,756,0,0,6,34,30,1.7,0,1,Defender
Leighton Baines,2821,32,3,1309,4,0,35,63,31,1.7,0,0,Defender
Leighton Baines,1911,22,3,754,1,0,7,25,32,1.7,1,0,Defender
Leighton Baines,376,6,0,191,0,0,2,8,33,1.7,0,1,Defender
Leighton Baines,400,8,0,155,0,0,1,10,34,1.7,0,0,Defender
Leighton Clarkson,0,0,0,0,0,0,0,0,18,1.75,0,0,Midfielder
Leon Balogun,591,8,0,216,2,0,5,12,30,1.9,1,1,Defender
Leon Britton,1525,25,0,1000,4,0,14,41,32,1.67,0,1,Midfielder
Leon Britton,1177,16,0,727,3,0,6,23,33,1.67,1,0,Midfielder
Leon Britton,305,5,0,137,1,0,7,6,34,1.67,1,1,Midfielder
Leon Osman,217,9,0,142,0,0,2,3,34,1.73,0,1,Midfielder
Leonardo Campana,0,0,0,0,0,0,0,0,19,1.88,0,0,Forward
Leonardo Ulloa,966,29,2,399,0,0,20,27,29,1.88,0,0,Forward
Leonardo Ulloa,435,16,0,233,0,0,20,11,30,1.88,1,0,Forward
Leonardo Ulloa,278,14,0,134,0,0,7,4,31,1.88,0,1,Forward
Leroy Fer,757,11,2,441,2,0,14,21,25,1.88,0,1,Midfielder
Leroy Fer,2404,34,2,1230,9,0,48,55,26,1.88,0,0,Midfielder
Leroy Fer,1397,20,1,632,5,0,28,44,27,1.88,0,0,Midfielder
Leroy Sané,1787,26,3,691,4,0,14,35,20,1.83,1,1,Midfielder
Leroy Sané,2424,32,15,1091,4,0,24,27,21,1.83,1,1,Midfielder
Leroy Sané,1867,31,10,847,1,0,9,24,22,1.83,0,1,Midfielder
Leroy Sané,11,1,0,7,0,0,0,0,23,1.83,1,0,Midfielder
Levi Lumeka,25,1,0,7,0,0,0,1,18,1.7,0,0,Forward
Lewis Bate,0,0,0,0,0,0,0,0,16,1.7,0,0,Midfielder
Lewis Cass,0,0,0,0,0,0,0,0,18,1.85,0,0,Defender
Lewis Cook,431,6,2,279,1,0,2,10,19,1.75,1,0,Midfielder
Lewis Cook,2238,29,2,1228,5,0,33,67,20,1.75,0,1,Midfielder
Lewis Cook,721,13,0,391,2,0,12,13,21,1.75,1,0,Midfielder
Lewis Cook,1344,27,0,720,5,0,23,27,22,1.75,0,1,Midfielder
Lewis Dunk,3420,38,1,1496,7,0,36,67,25,1.92,0,0,Defender
Lewis Dunk,3153,36,1,1490,5,1,22,42,26,1.92,1,0,Defender
Lewis Dunk,3231,36,3,2251,9,0,19,40,27,1.92,0,1,Defender
Lewis Dunk,2933,33,0,2223,5,2,22,30,28,1.92,0,0,Defender
Lewis Grabban,817,21,0,309,2,0,9,11,27,1.83,0,0,Forward
Lewis Grabban,57,3,1,19,0,0,0,1,28,1.83,0,0,Forward
Lewis Richardson,2,2,0,1,0,0,0,0,17,1.78,0,0,Midfielder
Liam Bridcutt,0,0,0,0,0,0,0,0,26,1.75,0,0,Midfielder
Liam Cooper,2187,25,0,1650,4,1,23,68,28,1.86,1,1,Defender
Liam Delap,39,1,0,6,0,0,1,0,17,1.86,0,0,Forward
Liam Hughes,0,0,0,0,0,0,0,0,18,1.93,0,0,Goalkeeper
Liam Rosenior,162,3,0,65,0,0,1,4,33,1.78,0,0,Defender
Lloyd Isgrove,0,0,0,0,0,0,0,0,23,1.78,0,0,Midfielder
Lloyd Kelly,638,8,0,201,2,0,7,7,20,1.89,1,0,Defender
Loris Karius,900,10,0,268,0,0,0,0,23,1.91,1,0,Goalkeeper
Loris Karius,1710,19,0,521,1,0,2,0,24,1.91,0,1,Goalkeeper
Loris Karius,0,0,0,0,0,0,0,0,25,1.91,1,0,Goalkeeper
Lovre Kalinic,0,0,0,0,0,0,0,0,29,2.01,1,1,Goalkeeper
Loïc Damour,21,2,0,11,0,0,1,0,27,1.81,0,0,Midfielder
Loïc Rémy,284,13,0,101,0,0,1,0,28,1.85,0,0,Forward
Loïc Rémy,131,5,0,45,0,0,2,0,29,1.85,0,0,Forward
Luca de la Torre,0,0,0,0,0,0,0,0,20,1.77,0,0,Midfielder
Lucas Digne,2966,35,4,1457,5,1,39,72,25,1.78,1,1,Defender
Lucas Digne,3036,35,7,1374,6,0,43,73,26,1.78,1,1,Defender
Lucas Digne,2682,30,7,1266,2,1,33,63,27,1.78,1,1,Defender
Lucas Leiva,1952,27,1,1485,8,0,49,108,28,1.79,1,1,Midfielder
Lucas Leiva,1103,24,3,887,4,0,18,37,29,1.79,1,1,Midfielder
Lucas Moura,208,6,1,113,0,0,4,4,24,1.72,1,0,Forward
Lucas Moura,2127,32,0,723,3,0,25,34,25,1.72,1,1,Forward
Lucas Moura,2246,35,4,773,3,0,30,57,26,1.72,0,1,Forward
Lucas Moura,1401,30,4,569,1,0,23,32,27,1.72,0,0,Forward
Lucas Pérez,265,11,0,116,0,0,2,3,27,1.8,1,0,Forward
Lucas Pérez,465,15,0,143,0,0,5,6,29,1.8,1,1,Forward
Lucas Torreira,2376,34,2,1590,7,1,38,65,22,1.66,1,0,Midfielder
Lucas Torreira,1507,29,1,903,7,0,24,31,23,1.66,1,1,Midfielder
Luciano Narsingh,408,13,3,123,0,0,3,3,25,1.75,1,1,Forward
Luciano Narsingh,619,18,0,194,0,0,3,7,26,1.75,0,1,Forward
Luciano Vietto,981,20,4,386,1,0,13,14,24,1.73,0,0,Forward
Luka Milivojevic,1227,14,0,490,4,0,27,29,25,1.86,0,0,Midfielder
Luka Milivojevic,3081,36,1,1652,8,0,69,85,26,1.86,0,0,Midfielder
Luka Milivojevic,3420,38,2,1986,10,0,60,89,27,1.86,0,0,Midfielder
Luka Milivojevic,2514,31,1,1433,12,0,50,61,28,1.86,1,0,Midfielder
Luka Milivojevic,2364,31,1,1294,8,1,38,65,29,1.86,0,1,Midfielder
Lukas Jensen,0,0,0,0,0,0,0,0,20,1.98,0,0,Goalkeeper
Lukas Jutkiewicz,11,2,0,7,0,0,1,0,27,1.85,0,0,Forward
Lukas Nmecha,14,2,0,5,0,0,0,0,18,1.85,0,0,Forward
Lukas Rupp,698,12,0,265,1,0,10,15,28,1.78,0,1,Midfielder
Lukasz Fabianski,3330,37,1,1000,1,0,1,0,30,1.9,0,0,Goalkeeper
Lukasz Fabianski,3330,37,0,928,1,0,1,0,31,1.9,0,0,Goalkeeper
Lukasz Fabianski,3420,38,0,1113,0,0,1,0,32,1.9,0,0,Goalkeeper
Lukasz Fabianski,3420,38,0,1071,0,0,0,0,33,1.9,1,0,Goalkeeper
Lukasz Fabianski,2119,25,0,572,1,0,1,0,34,1.9,1,1,Goalkeeper
Lukasz Fabianski,3150,35,0,856,2,0,1,0,35,1.9,1,1,Goalkeeper
Luke Amos,2,1,0,3,0,0,0,1,21,1.79,0,0,Midfielder
Luke Ayling,3400,38,0,2381,7,0,29,108,28,1.83,0,0,Defender
Luke Croll,0,0,0,0,0,0,0,0,20,1.85,0,0,Defender
Luke Cundle,0,0,0,0,0,0,0,0,17,1.71,0,0,Midfielder
Luke Cundle,0,0,0,0,0,0,0,0,18,1.71,0,0,Midfielder
Luke Dreher,0,0,0,0,0,0,0,0,16,1.84,0,0,Midfielder
Luke Dreher,0,0,0,0,0,0,0,0,17,1.84,0,0,Midfielder
Luke Dreher,0,1,0,3,0,0,0,0,19,1.84,0,0,Midfielder
Luke Garbutt,0,0,0,0,0,0,0,0,24,1.8,0,0,Defender
Luke Mbete,0,0,0,0,0,0,0,0,16,1.85,0,0,Defender
Luke McGee,0,0,0,0,0,0,0,0,20,1.93,0,0,Goalkeeper
Luke Shaw,450,5,1,271,1,0,8,9,20,1.78,0,0,Defender
Luke Shaw,690,11,1,382,1,0,7,12,21,1.78,1,0,Defender
Luke Shaw,788,11,0,477,2,0,4,18,22,1.78,0,1,Defender
Luke Shaw,2592,29,4,1658,11,0,42,55,23,1.78,1,0,Defender
Luke Shaw,1735,24,0,1143,7,0,23,34,24,1.78,1,1,Defender
Luke Shaw,2654,32,5,1609,8,0,42,44,25,1.78,1,1,Defender
Lynden Gooch,0,0,0,0,0,0,0,0,19,1.73,1,0,Midfielder
Lynden Gooch,362,11,0,99,3,0,9,12,20,1.73,1,1,Midfielder
Lys Mousset,265,11,0,63,0,0,6,4,20,1.84,0,0,Forward
Lys Mousset,581,23,0,161,1,0,11,9,21,1.84,0,0,Forward
Lys Mousset,345,24,0,121,1,0,7,3,22,1.84,1,0,Forward
Lys Mousset,1232,30,4,240,1,0,24,9,23,1.84,1,1,Forward
Lys Mousset,289,11,0,44,0,0,7,1,24,1.84,1,1,Forward
Léo Bonatini,128,7,1,57,0,0,0,1,24,1.85,0,0,Forward
M Baye Niang,1254,16,2,405,2,0,24,11,21,1.88,0,1,Forward
Maarten Stekelenburg,1530,17,0,407,0,0,0,0,32,1.97,0,0,Goalkeeper
Maarten Stekelenburg,1684,19,0,472,2,0,0,0,33,1.97,1,0,Goalkeeper
Maarten Stekelenburg,0,0,0,0,0,0,0,0,34,1.97,1,1,Goalkeeper
Maarten Stekelenburg,0,0,0,0,0,0,0,0,35,1.97,0,1,Goalkeeper
Maarten Stekelenburg,0,0,0,0,0,0,0,0,36,1.97,0,0,Goalkeeper
Mace Goodridge,0,0,0,0,0,0,0,0,19,1.8,0,0,Midfielder
Mace Goodridge,0,0,0,0,0,0,0,0,20,1.8,0,0,Midfielder
Mamadou Sakho,1855,22,0,1243,1,0,9,30,25,1.87,1,1,Defender
Mamadou Sakho,687,8,0,225,0,0,1,3,26,1.87,1,1,Defender
Mamadou Sakho,1600,19,2,739,1,0,3,21,27,1.87,1,1,Defender
Mamadou Sakho,2417,27,0,1321,2,0,5,25,28,1.87,1,1,Defender
Mamadou Sakho,931,14,0,538,1,1,3,7,29,1.87,1,1,Defender
Mamadou Sakho,275,4,0,92,0,0,2,3,30,1.87,1,1,Defender
Manolo Gabbiadini,730,11,0,117,1,0,8,2,24,1.86,1,1,Forward
Manolo Gabbiadini,1071,28,0,223,2,0,14,3,25,1.86,0,1,Forward
Manolo Gabbiadini,470,12,0,121,0,0,9,6,26,1.86,1,0,Forward
Manu García,10,1,0,18,0,0,0,0,17,1.69,0,0,Midfielder
Manuel Lanzini,1918,26,2,1093,3,0,9,33,22,1.67,1,0,Midfielder
Manuel Lanzini,2714,35,2,1581,9,0,21,44,23,1.67,1,1,Midfielder
Manuel Lanzini,2047,27,6,1214,4,0,9,20,24,1.67,1,1,Midfielder
Manuel Lanzini,688,10,1,452,2,0,5,12,25,1.67,1,1,Midfielder
Manuel Lanzini,1377,24,2,756,1,0,6,14,26,1.67,1,1,Midfielder
Manuel Lanzini,560,17,1,370,1,0,7,9,27,1.67,1,1,Midfielder
Marc Albrighton,2766,38,6,912,4,0,21,65,25,1.75,0,0,Midfielder
Marc Albrighton,2423,33,6,874,5,0,21,50,26,1.75,0,0,Midfielder
Marc Albrighton,2543,34,7,1005,5,1,20,52,27,1.75,0,0,Midfielder
Marc Albrighton,1625,27,2,621,3,0,10,36,28,1.75,1,0,Midfielder
Marc Albrighton,863,20,3,407,2,0,7,24,29,1.75,0,1,Midfielder
Marc Albrighton,1739,31,5,749,2,0,9,33,30,1.75,0,0,Midfielder
Marc Muniesa,1111,15,0,530,2,0,10,28,23,1.8,1,1,Defender
Marc Muniesa,647,10,0,308,2,0,9,21,24,1.8,0,1,Defender
Marc Navarro,84,2,0,23,0,0,1,4,23,1.88,1,1,Defender
Marc Pugh,1333,26,2,501,1,0,10,32,28,1.8,1,0,Midfielder
Marc Pugh,1332,21,2,497,1,0,7,22,29,1.8,1,1,Midfielder
Marc Pugh,981,20,0,469,2,0,7,7,30,1.8,1,1,Midfielder
Marc Pugh,0,0,0,0,0,0,0,0,31,1.8,0,1,Midfielder
Marcin Wasilewski,302,4,0,73,2,0,4,10,35,1.86,0,0,Defender
Marcin Wasilewski,90,1,0,23,0,0,0,2,36,1.86,0,0,Defender
Marco Amelia,0,0,0,0,0,0,0,0,33,1.9,0,0,Goalkeeper
Marco Stiepermann,1186,24,0,404,6,0,22,20,28,1.9,0,0,Midfielder
Marco van Ginkel,752,17,0,372,0,0,14,28,22,1.86,0,1,Midfielder
Marcos Alonso,2694,31,3,1250,2,0,25,56,25,1.89,0,1,Defender
Marcos Alonso,2860,33,2,1347,6,0,26,51,26,1.89,0,0,Defender
Marcos Alonso,2761,31,4,1881,6,0,28,74,27,1.89,1,0,Defender
Marcos Alonso,1430,18,2,908,4,0,16,28,28,1.89,0,1,Defender
Marcos Alonso,959,13,0,508,2,0,13,13,29,1.89,0,0,Defender
Marcos Rojo,1252,16,1,700,3,0,20,43,25,1.87,0,0,Defender
Marcos Rojo,1660,21,0,951,5,0,24,29,26,1.87,0,0,Defender
Marcos Rojo,640,9,0,358,6,0,8,7,27,1.87,0,0,Defender
Marcos Rojo,211,5,0,124,2,0,3,5,28,1.87,1,0,Defender
Marcos Rojo,120,3,0,46,1,0,2,3,29,1.87,1,1,Defender
Marcus Bettinelli,630,7,0,211,1,0,0,0,26,1.93,1,1,Goalkeeper
Marcus Browne,0,0,0,0,0,0,0,0,17,1.78,0,0,Midfielder
Marcus Browne,0,0,0,0,0,0,0,0,18,1.78,0,0,Midfielder
Marcus Browne,0,0,0,0,0,0,0,0,19,1.78,0,0,Midfielder
Marcus Rashford,861,11,2,199,0,0,5,7,17,1.85,0,0,Forward
Marcus Rashford,1702,32,1,544,3,0,16,16,18,1.85,0,0,Forward
Marcus Rashford,1804,35,5,576,3,0,21,14,19,1.85,0,0,Forward
Marcus Rashford,2343,33,6,666,3,1,26,24,20,1.85,1,0,Forward
Marcus Rashford,2655,31,7,941,3,0,21,13,21,1.85,1,1,Forward
Marcus Rashford,2923,37,9,1189,4,0,25,18,22,1.85,1,1,Forward
Mario Lemina,1721,25,1,971,2,0,28,55,23,1.84,1,0,Midfielder
Mario Lemina,1614,21,1,809,5,0,31,49,24,1.84,1,1,Midfielder
Mario Lemina,1704,28,0,887,5,0,32,62,26,1.84,1,1,Midfielder
Mario Suárez,745,15,0,422,2,0,14,21,28,1.89,0,0,Midfielder
Mario Vrancic,626,20,0,452,3,0,13,27,30,1.87,1,1,Midfielder
Mark Bunn,900,10,0,241,2,0,1,0,30,1.83,0,0,Goalkeeper
Mark Gillespie,0,0,0,0,0,0,0,0,28,1.91,0,0,Goalkeeper
Mark Noble,3205,37,4,1923,8,1,36,103,28,1.8,0,1,Midfielder
Mark Noble,2398,30,0,1435,10,0,27,49,29,1.8,0,0,Midfielder
Mark Noble,2403,29,0,1324,6,0,28,61,30,1.8,1,0,Midfielder
Mark Noble,2308,31,5,1507,6,1,23,47,31,1.8,1,1,Midfielder
Mark Noble,2685,33,3,1504,5,0,28,52,32,1.8,1,1,Midfielder
Mark Noble,704,21,0,430,1,0,9,8,33,1.8,1,1,Midfielder
Mark Schwarzer,0,0,0,0,0,0,0,0,42,1.94,0,0,Goalkeeper
Mark Travers,180,2,0,43,0,0,0,0,19,1.91,0,0,Goalkeeper
Mark Travers,90,1,0,25,0,0,0,0,20,1.91,0,0,Goalkeeper
Marko Arnautovic,2819,34,6,1081,2,0,49,53,26,1.92,0,0,Forward
Marko Arnautovic,2725,32,5,861,9,1,41,32,27,1.92,0,0,Forward
Marko Arnautovic,2322,31,6,684,5,1,35,21,28,1.92,0,0,Forward
Marko Arnautovic,2000,28,4,640,3,0,30,9,29,1.92,1,0,Forward
Marko Grujic,39,5,0,33,1,0,2,1,20,1.91,1,0,Midfielder
Marko Grujic,13,3,0,14,0,0,0,2,21,1.91,0,1,Midfielder
Markus Henriksen,632,15,0,182,1,0,15,14,24,1.87,1,1,Midfielder
Markus Suttner,1177,14,0,438,0,0,5,25,30,1.79,0,1,Defender
Markus Suttner,0,0,0,0,0,0,0,0,31,1.79,1,0,Defender
Marouane Chamakh,250,10,0,93,1,0,7,7,31,1.88,0,1,Forward
Marouane Fellaini,1069,18,0,590,2,0,33,25,27,1.94,1,1,Midfielder
Marouane Fellaini,1598,28,0,1057,9,1,41,55,28,1.94,0,1,Midfielder
Marouane Fellaini,612,16,0,393,1,0,13,15,29,1.94,1,0,Midfielder
Marouane Fellaini,744,14,1,425,1,0,15,21,30,1.94,1,1,Midfielder
Marten de Roon,2777,33,0,1322,8,0,66,73,25,1.85,1,0,Midfielder
Martin Cranie,180,3,0,90,0,0,0,3,30,1.83,1,0,Defender
Martin Dubravka,1080,12,0,316,0,0,0,0,28,1.91,0,0,Goalkeeper
Martin Dubravka,3420,38,0,1033,1,0,0,0,29,1.91,1,0,Goalkeeper
Martin Dubravka,3420,38,0,969,0,0,0,0,30,1.91,1,1,Goalkeeper
Martin Kelly,1042,13,0,379,3,0,11,32,25,1.91,0,0,Defender
Martin Kelly,2128,29,2,626,4,0,19,46,26,1.91,0,0,Defender
Martin Kelly,1194,15,0,343,1,0,8,19,27,1.91,0,0,Defender
Martin Kelly,1110,13,0,357,2,0,6,21,28,1.91,1,0,Defender
Martin Kelly,1,1,0,3,0,0,0,1,30,1.91,1,1,Defender
Martin Olsson,1774,24,2,479,2,0,18,26,27,1.78,0,1,Defender
Martin Olsson,1253,15,0,496,2,0,12,10,28,1.78,0,0,Defender
Martin Olsson,3154,36,1,1144,7,0,27,34,29,1.78,1,0,Defender
Martin Samuelsen,0,0,0,0,0,0,0,0,18,1.89,0,0,Midfielder
Martin Skrtel,1885,22,0,1173,5,0,21,23,30,1.91,0,0,Defender
Martin Ødegaard,866,14,2,496,0,0,1,9,21,1.78,1,1,Midfielder
Martín Cáceres,90,1,0,50,0,0,0,1,29,1.8,1,1,Defender
Martín Demichelis,1012,20,0,551,3,0,12,20,34,1.84,0,0,Defender
Martín Montoya,2166,25,1,858,4,0,29,58,27,1.75,0,1,Defender
Martín Montoya,1901,27,1,1004,5,0,27,57,28,1.75,0,0,Defender
Marvelous Nakamba,1835,29,0,782,5,0,26,55,25,1.77,0,0,Midfielder
Marvelous Nakamba,749,13,0,285,3,0,8,22,26,1.77,0,0,Midfielder
Marvin Emnes,66,2,0,14,0,0,0,1,27,1.8,0,0,Forward
Marvin Zeegelaar,995,12,1,422,4,1,17,23,26,1.86,0,0,Defender
Marçal,620,13,0,301,2,0,12,13,31,1.78,1,1,Defender
Mason Greenwood,115,3,0,60,0,0,0,3,16,1.81,1,0,Forward
Mason Greenwood,1311,31,1,495,0,0,12,17,17,1.81,1,1,Forward
Mason Holgate,0,0,0,0,0,0,0,0,18,1.87,0,0,Defender
Mason Holgate,1371,18,1,643,2,0,12,41,19,1.87,0,0,Defender
Mason Holgate,1182,15,0,475,3,0,12,23,20,1.87,1,0,Defender
Mason Holgate,407,5,0,253,1,0,2,5,21,1.87,1,1,Defender
Mason Holgate,2053,27,3,1058,5,0,17,44,22,1.87,1,1,Defender
Mason Holgate,2288,28,0,1103,9,0,29,56,23,1.87,1,1,Defender
Mason Mount,2874,37,5,1241,3,0,37,37,20,1.8,1,1,Midfielder
Mason Mount,2893,36,5,1702,2,0,50,75,21,1.8,0,1,Midfielder
Massadio Haidara,555,7,0,230,1,0,9,12,22,1.79,1,1,Defender
Massadio Haidara,3,1,0,2,0,0,0,0,24,1.79,1,0,Defender
Matej Vydra,0,0,0,0,0,0,0,0,23,1.8,0,0,Forward
Matej Vydra,2,1,0,2,0,0,0,0,24,1.8,0,0,Forward
Matej Vydra,311,13,1,73,1,0,7,2,26,1.8,0,0,Forward
Matej Vydra,812,19,1,136,0,0,1,4,27,1.8,1,0,Forward
Matej Vydra,1367,28,2,236,0,0,6,9,28,1.8,1,1,Forward
Mateo Kovacic,1743,32,2,1468,3,0,19,45,24,1.76,1,1,Midfielder
Mateo Kovacic,2074,31,3,1868,8,0,20,63,25,1.76,1,1,Midfielder
Mateo Kovacic,1818,27,1,1762,4,0,16,46,26,1.76,1,1,Midfielder
Mateusz Bogusz,0,0,0,0,0,0,0,0,18,1.75,0,0,Midfielder
Mateusz Hewelt,0,0,0,0,0,0,0,0,19,1.91,0,0,Goalkeeper
Mateusz Klich,2397,35,5,1467,6,0,46,38,30,1.83,1,0,Midfielder
Matheus Pereira,2583,33,6,940,2,1,34,26,24,1.75,0,0,Forward
Mathieu Debuchy,144,2,0,79,0,0,3,9,30,1.77,1,0,Defender
Mathieu Debuchy,16,1,0,10,0,0,0,0,31,1.77,1,1,Defender
Mathieu Debuchy,0,0,0,0,0,0,0,0,32,1.77,1,1,Defender
Mathieu Flamini,1089,16,0,627,3,0,18,31,31,1.78,0,1,Midfielder
Mathieu Flamini,268,10,0,112,0,0,1,2,32,1.78,1,0,Midfielder
Matt Butcher,0,0,0,0,0,0,0,0,18,1.88,0,0,Midfielder
Matt Butcher,0,0,0,0,0,0,0,0,20,1.88,0,0,Midfielder
Matt Butcher,0,0,0,0,0,0,0,0,21,1.88,0,0,Midfielder
Matt Doherty,3147,38,5,1399,5,0,30,67,26,1.85,0,0,Defender
Matt Doherty,2840,36,3,1476,1,0,28,55,27,1.85,1,0,Defender
Matt Doherty,1238,17,2,676,2,1,20,29,28,1.85,1,1,Defender
Matt Grimes,90,1,0,44,0,0,3,1,20,1.78,0,0,Midfielder
Matt Macey,0,0,0,0,0,0,0,0,20,2.01,0,0,Goalkeeper
Matt Macey,0,0,0,0,0,0,0,0,21,2.01,0,0,Goalkeeper
Matt Macey,0,0,0,0,0,0,0,0,22,2.01,0,0,Goalkeeper
Matt Macey,0,0,0,0,0,0,0,0,24,2.01,0,0,Goalkeeper
Matt Macey,0,0,0,0,0,0,0,0,25,2.01,0,0,Goalkeeper
Matt Miazga,135,2,0,90,1,0,1,3,20,1.93,0,0,Defender
Matt Ritchie,2976,37,6,1429,5,0,41,54,25,1.73,0,0,Midfielder
Matt Ritchie,2812,35,5,1046,6,0,37,46,27,1.73,1,0,Midfielder
Matt Ritchie,2940,36,8,1100,9,0,55,70,28,1.73,1,1,Midfielder
Matt Ritchie,1314,18,1,526,4,0,26,22,29,1.73,1,1,Midfielder
Matt Ritchie,1351,18,2,437,2,0,12,10,30,1.73,1,1,Midfielder
Matt Targett,1068,14,1,404,1,0,4,20,19,1.83,0,0,Defender
Matt Targett,374,5,0,205,0,0,1,10,20,1.83,1,0,Defender
Matt Targett,167,2,0,80,0,0,1,6,21,1.83,1,1,Defender
Matt Targett,1185,16,3,443,2,0,6,27,22,1.83,1,1,Defender
Matt Targett,2295,28,2,947,4,0,27,52,23,1.83,1,1,Defender
Matt Targett,3405,38,2,1684,7,0,28,83,24,1.83,0,1,Defender
Matteo Darmian,1928,28,0,934,8,0,27,84,25,1.83,1,0,Defender
Matteo Darmian,1332,18,0,595,3,0,19,42,26,1.83,0,1,Defender
Matteo Darmian,442,8,0,195,0,0,5,16,27,1.83,0,0,Defender
Matteo Darmian,443,6,0,175,0,0,3,14,28,1.83,0,0,Defender
Matthew Lowton,3240,36,2,1086,9,0,34,101,27,1.8,0,0,Defender
Matthew Lowton,2294,26,3,823,1,0,19,55,28,1.8,0,0,Defender
Matthew Lowton,1748,21,0,638,7,0,22,56,29,1.8,1,0,Defender
Matthew Lowton,1530,17,1,551,2,0,14,41,30,1.8,1,1,Defender
Matthew Lowton,3060,34,1,1194,5,0,19,54,31,1.8,1,1,Defender
Matthew Pennington,299,4,0,169,1,0,2,1,20,1.85,0,0,Defender
Matthew Pennington,180,3,0,73,0,0,1,2,21,1.85,1,0,Defender
Matty James,0,1,0,0,0,0,0,0,25,1.81,0,0,Midfielder
Matty James,995,13,0,446,2,0,21,19,26,1.81,1,0,Midfielder
Mauro Zárate,789,15,0,263,1,0,12,25,28,1.75,1,1,Forward
Mauro Zárate,206,3,0,67,0,0,1,0,29,1.75,1,1,Forward
Max Aarons,3240,36,1,1339,7,0,29,48,19,1.71,1,0,Defender
Max Lowe,551,8,0,172,1,0,10,26,23,1.75,0,0,Defender
Max Melbourne,0,0,0,0,0,0,0,0,18,1.78,0,0,Defender
Max Meyer,1413,29,2,663,3,0,10,33,22,1.73,0,0,Midfielder
Max Meyer,649,17,0,201,1,0,6,19,23,1.73,1,0,Midfielder
Max Meyer,0,0,0,0,0,0,0,0,24,1.73,0,1,Midfielder
Max Sanders,0,0,0,0,0,0,0,0,19,1.75,0,0,Midfielder
Max Sanders,0,0,0,0,0,0,0,0,21,1.75,0,0,Midfielder
Max Stryjek,0,0,0,0,0,0,0,0,20,1.88,0,0,Goalkeeper
Max Thompson,0,0,0,0,0,0,0,0,18,1.82,0,0,Forward
Maxime Le Marchand,2251,26,1,1386,5,0,28,56,28,1.85,0,0,Defender
Maxime Le Marchand,122,2,0,85,2,0,3,2,30,1.85,0,1,Defender
Maya Yoshida,1013,20,0,485,0,0,7,13,26,1.89,0,1,Defender
Maya Yoshida,2070,23,0,1126,2,0,18,30,27,1.89,0,0,Defender
Maya Yoshida,2051,24,0,1062,2,1,19,27,28,1.89,1,0,Defender
Maya Yoshida,1520,17,1,556,0,0,4,16,29,1.89,0,1,Defender
Maya Yoshida,558,8,0,267,1,0,3,8,30,1.89,0,0,Defender
Mbaye Diagne,1192,16,2,235,2,0,17,4,28,1.91,1,0,Forward
Memphis Depay,1475,29,0,642,2,0,20,13,21,1.76,0,1,Forward
Memphis Depay,20,4,0,14,1,0,1,1,22,1.76,0,0,Forward
Meritan Shabani,0,0,0,0,0,0,0,0,21,1.85,1,1,Midfielder
Mesut Özil,3048,35,19,2276,4,0,20,35,26,1.8,0,0,Midfielder
Mesut Özil,2847,33,9,2110,2,0,14,26,27,1.8,0,0,Midfielder
Mesut Özil,2164,26,8,1809,4,0,18,20,28,1.8,0,0,Midfielder
Mesut Özil,1741,24,2,1118,2,0,10,12,29,1.8,0,0,Midfielder
Mesut Özil,1449,18,2,836,1,0,14,17,30,1.8,1,0,Midfielder
Micah Richards,2045,24,1,717,3,0,16,42,27,1.8,1,1,Defender
Michael Carrick,1973,28,0,1568,4,0,11,43,34,1.89,1,1,Midfielder
Michael Carrick,1598,23,0,1263,2,0,5,26,35,1.89,0,1,Midfielder
Michael Carrick,109,2,0,99,0,0,1,1,36,1.89,0,0,Midfielder
Michael Dawson,1719,22,0,656,4,0,13,15,32,1.89,1,0,Defender
Michael Folivi,9,1,0,3,0,0,1,0,18,1.78,0,0,Forward
Michael Folivi,0,0,0,0,0,0,0,0,19,1.78,0,0,Forward
Michael Hector,263,4,0,186,2,0,5,3,28,1.93,0,0,Defender
Michael Hefele,31,2,0,9,1,0,2,0,26,1.92,1,0,Defender
Michael Keane,3150,35,1,1127,4,0,14,28,23,1.88,0,0,Defender
Michael Keane,2560,30,1,1157,3,0,21,33,24,1.88,0,0,Defender
Michael Keane,2970,33,2,1592,2,0,22,41,25,1.88,0,0,Defender
Michael Keane,2556,31,0,1447,3,0,20,31,26,1.88,1,0,Defender
Michael Keane,2990,35,1,1939,4,0,15,28,27,1.88,0,1,Defender
Michael Kightly,101,5,0,28,0,0,2,4,30,1.73,0,0,Midfielder
Michael Ledger,0,0,0,0,0,0,0,0,18,1.86,0,0,Midfielder
Michael McGovern,158,2,0,40,0,0,0,0,35,1.9,0,0,Goalkeeper
Michael Obafemi,8,1,0,1,0,0,0,0,17,1.7,0,0,Forward
Michael Obafemi,134,6,1,18,1,0,2,1,18,1.7,1,0,Forward
Michael Obafemi,658,21,2,137,1,0,11,7,19,1.7,1,1,Forward
Michael Obafemi,57,4,0,12,0,0,1,1,20,1.7,0,1,Forward
Michael Phillips,0,0,0,0,0,0,0,0,18,1.74,0,0,Midfielder
Michael Verrips,0,0,0,0,0,0,0,0,22,1.96,0,0,Goalkeeper
Michael Verrips,0,0,0,0,0,0,0,0,23,1.96,0,0,Goalkeeper
Michail Antonio,2062,26,3,523,3,0,27,37,25,1.8,0,0,Forward
Michail Antonio,2440,29,3,638,4,1,31,32,26,1.8,1,0,Forward
Michail Antonio,1357,21,1,385,1,0,17,15,27,1.8,1,1,Forward
Michail Antonio,2098,33,4,668,3,0,34,23,28,1.8,1,1,Forward
Michail Antonio,1768,24,3,446,3,0,41,13,29,1.8,1,1,Forward
Michail Antonio,1983,26,5,453,3,0,29,7,30,1.8,1,1,Forward
Michal Karbownik,0,0,0,0,0,0,0,0,19,1.75,0,0,Defender
Michel Vorm,90,1,0,45,0,0,0,0,31,1.83,0,0,Goalkeeper
Michel Vorm,415,5,0,134,0,0,0,0,32,1.83,0,0,Goalkeeper
Michel Vorm,90,1,0,24,0,0,0,0,33,1.83,0,0,Goalkeeper
Michel Vorm,180,2,0,44,0,0,0,0,34,1.83,1,0,Goalkeeper
Michel Vorm,0,0,0,0,0,0,0,0,35,1.83,0,1,Goalkeeper
Michy Batshuayi,235,20,1,80,0,0,9,2,22,1.85,0,0,Forward
Michy Batshuayi,353,12,1,96,0,0,4,5,23,1.85,1,0,Forward
Michy Batshuayi,756,11,0,163,0,0,7,2,24,1.85,0,1,Forward
Michy Batshuayi,224,16,1,78,0,0,4,4,25,1.85,0,0,Forward
Michy Batshuayi,722,18,1,167,0,0,12,5,26,1.85,0,0,Forward
Miguel Almirón,763,10,0,241,0,0,6,20,24,1.74,1,1,Midfielder
Miguel Almirón,3034,36,2,829,5,0,30,60,25,1.74,1,1,Midfielder
Miguel Almirón,2437,34,1,850,3,0,18,49,26,1.74,1,1,Midfielder
Miguel Azeez,0,0,0,0,0,0,0,0,17,1.8,0,0,Midfielder
Miguel Britos,2076,24,0,786,7,0,19,25,30,1.89,0,0,Defender
Miguel Britos,2284,27,2,1025,6,2,36,34,31,1.89,0,0,Defender
Miguel Britos,797,12,0,388,3,1,8,15,32,1.89,1,0,Defender
Miguel Britos,185,3,0,59,0,0,3,4,33,1.89,0,1,Defender
Miguel Layún,132,3,0,52,0,0,1,2,27,1.8,0,0,Defender
Mika,0,0,0,0,0,0,0,0,25,1.95,0,0,Goalkeeper
Mikael Mandron,0,0,0,0,0,0,0,0,20,1.91,0,0,Forward
Mike Williamson,0,0,0,0,0,0,0,0,31,1.94,1,0,Defender
Mike van der Hoorn,661,8,0,324,1,0,12,9,23,1.9,0,1,Defender
Mike van der Hoorn,1949,24,0,858,4,0,22,32,24,1.9,0,0,Defender
Mikel Arteta,162,9,0,132,1,0,8,8,33,1.77,1,1,Midfielder
Mikel Merino,1343,24,1,812,4,0,30,56,21,1.89,1,1,Midfielder
Mile Jedinak,1531,27,0,830,6,0,36,50,30,1.87,1,0,Midfielder
Mile Jedinak,90,1,0,68,0,0,4,6,31,1.87,0,1,Midfielder
Modou Barrow,780,22,2,206,0,0,3,18,22,1.76,0,0,Forward
Modou Barrow,1148,18,2,299,1,0,15,22,23,1.76,0,0,Forward
Mohamed Diamé,2042,31,0,816,3,0,44,89,30,1.84,0,0,Midfielder
Mohamed Diamé,2165,29,0,733,3,0,36,78,31,1.84,1,0,Midfielder
Mohamed Elneny,794,11,1,738,3,0,9,10,23,1.79,0,0,Midfielder
Mohamed Elneny,694,14,1,616,1,0,10,22,24,1.79,1,0,Midfielder
Mohamed Elneny,870,13,1,837,3,1,4,12,25,1.79,1,1,Midfielder
Mohamed Elneny,379,8,0,278,0,0,1,13,26,1.79,1,1,Midfielder
Mohamed Elneny,1542,23,0,1010,3,0,10,14,28,1.79,0,0,Midfielder
Mohamed Elyounoussi,790,16,0,222,0,0,10,16,23,1.78,1,0,Midfielder
Mohamed Salah,2920,36,10,946,1,0,16,12,25,1.75,1,1,Forward
Mohamed Salah,3261,38,8,1079,1,0,25,21,26,1.75,1,1,Forward
Mohamed Salah,2888,34,10,979,1,0,17,16,27,1.75,1,1,Forward
Mohamed Salah,3082,37,5,1263,0,0,22,18,28,1.75,0,1,Forward
Mohammed Salisu,841,12,0,360,1,0,10,38,21,1.91,1,1,Defender
Moise Kean,834,29,2,125,1,0,27,6,19,1.83,1,0,Forward
Moise Kean,13,2,0,6,0,0,1,0,20,1.83,1,1,Forward
Moisés Caicedo,0,0,0,0,0,0,0,0,18,1.78,1,0,Midfielder
Molla Wagué,439,6,0,145,0,0,5,5,26,1.91,0,1,Defender
Morgan Gibbs-White,647,26,1,317,1,0,8,6,18,1.78,0,0,Midfielder
Morgan Gibbs-White,124,7,0,79,0,0,2,0,19,1.78,1,0,Midfielder
Morgan Gibbs-White,410,11,0,222,1,0,5,9,20,1.78,1,1,Midfielder
Morgan Sanson,291,9,0,138,3,0,6,7,25,1.8,1,0,Midfielder
Morgan Schneiderlin,2204,29,0,1459,3,0,52,71,25,1.86,0,1,Midfielder
Morgan Schneiderlin,1070,17,0,866,2,0,21,26,26,1.86,0,0,Midfielder
Morgan Schneiderlin,2126,30,0,1130,5,1,39,58,27,1.86,1,0,Midfielder
Morgan Schneiderlin,833,14,1,545,2,0,21,24,28,1.86,1,1,Midfielder
Morgan Schneiderlin,1004,15,0,561,4,1,18,31,29,1.86,1,1,Midfielder
Moritz Bauer,1309,15,0,286,4,0,19,24,25,1.81,0,0,Defender
Moritz Leitner,685,9,0,563,1,0,8,16,26,1.78,1,0,Midfielder
Moses Makasi,0,0,0,0,0,0,0,0,20,1.8,0,0,Midfielder
Moses Makasi,0,0,0,0,0,0,0,0,21,1.8,0,0,Midfielder
Mouez Hassen,0,0,0,0,0,0,0,0,21,1.86,0,1,Goalkeeper
Mousa Dembélé,2273,29,1,1378,3,0,48,104,28,1.85,1,0,Midfielder
Mousa Dembélé,2065,30,1,1479,5,0,45,64,29,1.85,0,1,Midfielder
Mousa Dembélé,1885,28,0,1422,6,0,48,36,30,1.85,1,0,Midfielder
Mousa Dembélé,516,10,0,308,1,0,12,13,31,1.85,1,1,Midfielder
Moussa Djenepo,925,18,2,239,4,1,23,27,21,1.77,1,0,Midfielder
Moussa Djenepo,1237,27,0,382,5,0,29,52,22,1.77,1,1,Midfielder
Moussa Sissoko,3222,37,7,1385,3,0,50,54,25,1.87,1,0,Midfielder
Moussa Sissoko,901,25,2,453,3,0,21,14,26,1.87,0,1,Midfielder
Moussa Sissoko,1395,33,1,869,3,0,23,23,27,1.87,0,0,Midfielder
Moussa Sissoko,2336,29,3,1348,2,0,24,36,28,1.87,1,0,Midfielder
Moussa Sissoko,2456,29,1,1246,8,0,44,39,29,1.87,0,1,Midfielder
Moussa Sissoko,1575,25,0,761,3,0,22,22,30,1.87,0,0,Midfielder
Muhamed Besic,554,12,0,337,1,0,5,26,22,1.8,1,0,Midfielder
Muhamed Besic,0,0,0,0,0,0,0,0,23,1.8,1,1,Midfielder
Muhamed Besic,44,2,0,28,0,0,1,1,24,1.8,0,1,Midfielder
Muhamed Besic,245,9,0,106,2,0,6,8,26,1.8,0,0,Midfielder
N Golo Kanté,3020,37,4,1449,3,0,43,175,24,1.68,0,0,Midfielder
N Golo Kanté,3139,35,1,2122,9,0,53,127,25,1.68,0,0,Midfielder
N Golo Kanté,2998,34,1,2150,3,0,41,113,26,1.68,0,0,Midfielder
N Golo Kanté,3095,36,4,2021,3,0,35,74,27,1.68,0,0,Midfielder
N Golo Kanté,1733,22,0,1134,4,0,45,44,28,1.68,1,0,Midfielder
N Golo Kanté,2145,30,2,1529,7,0,36,79,29,1.68,1,1,Midfielder
Nabil Bentaleb,167,5,0,97,1,0,3,2,20,1.87,1,1,Midfielder
Nabil Bentaleb,749,12,0,406,2,0,19,23,24,1.87,1,1,Midfielder
Naby Keïta,521,10,0,356,1,0,13,11,25,1.72,1,1,Midfielder
Nacer Chadli,933,29,2,378,1,0,16,11,26,1.87,1,0,Midfielder
Nacer Chadli,2149,124,5,662,2,0,17,29,27,1.87,0,1,Midfielder
Nacer Chadli,214,5,0,69,1,0,1,1,28,1.87,1,0,Midfielder
Nacho Monreal,3249,37,3,1844,1,0,28,80,29,1.79,0,1,Defender
Nacho Monreal,3153,36,2,1753,5,0,33,90,30,1.79,1,0,Defender
Nacho Monreal,2242,28,2,1719,3,0,19,54,31,1.79,1,1,Defender
Nacho Monreal,1861,22,3,1168,5,0,17,35,32,1.79,1,1,Defender
Nacho Monreal,270,3,0,177,0,0,1,1,33,1.79,1,1,Defender
Nahki Wells,45,9,0,16,0,0,4,4,27,1.7,1,0,Forward
Nampalys Mendy,271,4,0,95,1,0,4,2,24,1.67,1,0,Midfielder
Nampalys Mendy,2088,31,0,1092,5,0,22,33,26,1.67,1,0,Midfielder
Nampalys Mendy,291,7,0,209,0,0,4,7,27,1.67,1,1,Midfielder
Nathan Aké,1873,24,0,609,4,1,28,79,20,1.8,0,1,Defender
Nathan Aké,831,12,1,405,1,0,4,22,21,1.8,0,0,Defender
Nathan Aké,3353,38,3,1589,5,0,27,53,22,1.8,1,0,Defender
Nathan Aké,3412,38,0,1696,3,0,28,66,23,1.8,1,1,Defender
Nathan Aké,2505,29,2,1210,2,0,9,31,24,1.8,1,1,Defender
Nathan Aké,797,10,0,751,4,0,8,10,25,1.8,1,1,Defender
Nathan Baker,0,0,0,0,0,0,0,0,24,1.89,0,1,Defender
Nathan Bishop,0,0,0,0,0,0,0,0,20,1.85,0,0,Goalkeeper
Nathan Broadhead,2,1,0,2,0,0,0,1,22,1.78,0,0,Midfielder
Nathan Dyer,227,13,1,74,1,0,9,4,27,1.65,1,0,Midfielder
Nathan Dyer,1307,24,0,512,2,0,17,22,29,1.65,0,1,Midfielder
Nathan Ferguson,0,0,0,0,0,0,0,0,16,1.84,0,0,Defender
Nathan Holland,0,0,0,0,0,0,0,0,18,1.76,0,0,Midfielder
Nathan Holland,0,0,0,0,0,0,0,0,20,1.76,0,0,Midfielder
Nathan Holland,31,2,0,11,0,0,0,3,21,1.76,1,0,Midfielder
Nathan Redmond,2335,35,3,974,0,0,29,31,21,1.73,0,0,Midfielder
Nathan Redmond,2905,37,1,1136,2,1,38,39,22,1.73,0,0,Midfielder
Nathan Redmond,1945,31,3,799,3,0,19,32,23,1.73,0,0,Midfielder
Nathan Redmond,3276,38,4,1125,3,0,29,45,24,1.73,0,0,Midfielder
Nathan Redmond,2769,32,4,1021,2,0,23,49,25,1.73,1,0,Midfielder
Nathan Redmond,1730,29,3,697,1,0,31,30,26,1.73,1,1,Midfielder
Nathan Tella,2,1,0,1,0,0,0,0,20,1.73,1,0,Midfielder
Nathan Tella,741,18,1,135,2,0,16,8,21,1.73,1,1,Midfielder
Nathan Trott,0,0,0,0,0,0,0,0,18,1.88,0,0,Goalkeeper
Nathan Trott,0,0,0,0,0,0,0,0,21,1.88,0,0,Goalkeeper
Nathaniel Chalobah,159,10,1,103,2,0,2,5,21,1.85,1,0,Midfielder
Nathaniel Chalobah,448,6,0,182,1,0,3,9,22,1.85,0,1,Midfielder
Nathaniel Clyne,2970,33,0,1510,6,0,19,84,24,1.75,0,0,Defender
Nathaniel Clyne,3324,37,2,1795,0,0,14,80,25,1.75,0,0,Defender
Nathaniel Clyne,174,3,0,104,1,0,4,3,26,1.75,1,0,Defender
Nathaniel Clyne,1253,18,1,518,2,0,9,37,27,1.75,1,1,Defender
Nathaniel Clyne,1147,13,1,443,2,0,4,17,29,1.75,0,1,Defender
Nathaniel Mendez-Laing,984,20,1,255,0,0,7,34,26,1.78,1,0,Midfielder
Nathaniel Phillips,0,0,0,0,0,0,0,0,22,1.9,0,0,Defender
Neal Maupay,2770,37,3,668,3,0,38,20,22,1.73,1,0,Forward
Neal Maupay,2520,33,2,650,1,1,27,20,23,1.73,1,1,Forward
Neco Williams,248,6,0,157,1,0,3,6,19,1.77,1,1,Defender
Neeskens Kebano,101,7,0,29,0,0,0,3,26,1.7,1,0,Midfielder
Neeskens Kebano,116,5,0,36,0,0,3,0,28,1.7,1,0,Midfielder
Neil Etheridge,3420,38,0,1144,2,0,0,0,28,1.88,0,0,Goalkeeper
Neil Taylor,1089,14,0,419,2,0,8,16,30,1.76,1,0,Defender
Neil Taylor,15,1,0,9,1,0,1,1,31,1.76,0,1,Defender
Niall Huggins,37,1,0,17,0,0,0,0,19,1.73,0,0,Forward
Niall Mason,0,0,0,0,0,0,0,0,18,1.8,0,0,Defender
Nick Pope,0,0,0,0,0,0,0,0,24,1.98,0,0,Goalkeeper
Nick Pope,3114,35,0,1099,3,0,1,0,25,1.98,0,0,Goalkeeper
Nick Pope,3420,38,0,1007,1,0,0,0,27,1.98,0,1,Goalkeeper
Nick Pope,2880,32,0,839,1,0,2,0,28,1.98,0,0,Goalkeeper
Nick Powell,16,1,0,2,0,0,0,0,21,1.83,0,0,Midfielder
Nicolas Pépé,2012,31,6,706,4,0,14,32,24,1.83,1,0,Forward
Nicolas Pépé,1611,29,1,629,1,1,11,20,25,1.83,1,1,Forward
Nicolás Otamendi,2672,30,0,1569,9,0,31,90,27,1.83,1,1,Defender
Nicolás Otamendi,2592,30,1,1945,9,0,30,69,28,1.83,0,1,Defender
Nicolás Otamendi,2968,34,0,3074,9,0,28,58,29,1.83,0,0,Defender
Nicolás Otamendi,1233,18,0,1245,1,0,8,24,30,1.83,1,0,Defender
Nicolás Otamendi,1710,24,0,1533,3,0,21,28,31,1.83,0,1,Defender
Nicolás Otamendi,0,0,0,0,0,0,0,0,32,1.83,0,0,Defender
Niels Nkounkou,81,2,0,28,1,0,1,4,19,1.8,1,0,Defender
Nigel Lonwijk,0,0,0,0,0,0,0,0,17,1.89,0,0,Defender
Niki Mäenpää,0,0,0,0,0,0,0,0,32,1.91,0,0,Goalkeeper
Nikica Jelavic,340,13,2,74,1,0,7,3,29,1.88,0,1,Forward
Nikola Tavares,0,0,0,0,0,0,0,0,20,1.88,0,0,Defender
Nikola Vlasic,574,12,0,203,0,0,7,9,19,1.78,0,0,Midfielder
Nnamdi Ofoborh,0,0,0,0,0,0,0,0,18,1.75,0,0,Midfielder
Nolito,776,19,2,391,3,1,18,14,29,1.75,0,1,Forward
Noor Husin,0,0,0,0,0,0,0,0,19,1.77,0,0,Midfielder
Nordin Amrabat,500,12,0,156,2,1,15,5,28,1.79,1,1,Forward
Nordin Amrabat,2100,29,3,675,4,0,47,45,29,1.79,1,1,Forward
Nordin Amrabat,200,3,0,66,0,0,6,6,30,1.79,1,1,Forward
Nya Kirby,0,0,0,0,0,0,0,0,17,1.74,0,0,Midfielder
Nya Kirby,0,0,0,0,0,0,0,0,19,1.74,0,0,Midfielder
Nélson Semedo,2988,34,1,1567,5,0,41,85,26,1.77,0,1,Defender
Odion Ighalo,3152,37,3,722,4,0,47,27,26,1.81,0,0,Forward
Odion Ighalo,1291,18,1,296,1,0,17,10,27,1.81,0,0,Forward
Odion Ighalo,90,11,0,25,0,0,1,2,30,1.81,1,0,Forward
Odion Ighalo,9,1,0,2,0,0,0,0,31,1.81,0,1,Forward
Okay Yokuslu,1319,16,1,530,4,0,25,38,26,1.91,0,1,Midfielder
Ola Aina,0,0,0,0,0,0,0,0,18,1.84,0,0,Defender
Ola Aina,23,3,0,16,0,0,0,0,19,1.84,0,0,Defender
Ola Aina,2670,31,1,1462,3,0,32,37,23,1.84,1,0,Defender
Ola Toivonen,662,12,2,254,1,0,9,10,29,1.89,0,0,Forward
Oleksandr Zinchenko,533,8,0,672,1,0,7,23,20,1.75,0,0,Defender
Oleksandr Zinchenko,1153,14,3,1184,1,0,15,34,21,1.75,1,0,Defender
Oleksandr Zinchenko,1272,19,0,1210,0,1,13,31,22,1.75,1,1,Defender
Oleksandr Zinchenko,1474,20,0,1368,0,0,9,25,23,1.75,1,1,Defender
Oliver Burke,356,15,2,140,0,0,2,6,20,1.88,1,1,Midfielder
Oliver Burke,1272,25,1,252,2,0,23,16,23,1.88,1,0,Midfielder
Oliver Casey,0,0,0,0,0,0,0,0,19,1.88,0,0,Defender
Oliver McBurnie,76,5,0,33,0,0,1,1,20,1.88,1,0,Forward
Oliver McBurnie,269,11,1,99,0,0,4,4,21,1.88,0,1,Forward
Oliver McBurnie,2118,36,0,617,4,0,28,37,23,1.88,0,0,Forward
Oliver McBurnie,1316,23,0,440,2,0,24,15,24,1.88,1,0,Forward
Oliver Norwood,3100,38,1,2007,8,0,32,66,28,1.75,0,0,Midfielder
Oliver Norwood,2223,32,0,1405,6,0,26,49,29,1.75,0,0,Midfielder
Oliver Shenton,0,0,0,0,0,0,0,0,17,1.75,0,0,Midfielder
Oliver Skipp,216,8,0,143,0,0,4,7,17,1.75,0,0,Midfielder
Oliver Skipp,71,7,0,38,0,0,1,2,18,1.75,1,0,Midfielder
Olivier Giroud,2425,38,6,839,2,0,40,34,28,1.93,0,0,Forward
Olivier Giroud,1194,29,3,369,2,0,21,14,29,1.93,1,0,Forward
Olivier Giroud,984,29,1,375,0,0,13,9,30,1.93,1,1,Forward
Olivier Giroud,832,27,4,261,1,0,12,3,31,1.93,1,1,Forward
Olivier Giroud,999,18,0,299,1,0,17,8,32,1.93,1,1,Forward
Olivier Giroud,746,17,0,219,1,0,15,4,33,1.93,0,1,Forward
Ollie Watkins,3329,37,5,804,2,1,47,29,24,1.8,0,0,Forward
Olufela Olomola,0,0,0,0,0,0,0,0,17,1.7,0,0,Forward
Olufela Olomola,0,0,0,0,0,0,0,0,18,1.7,0,0,Forward
Omar Elabdellaoui,616,8,0,218,0,0,2,6,24,1.79,1,1,Defender
Ondrej Duda,729,10,0,338,0,0,9,18,24,1.81,0,0,Midfielder
Onel Hernández,1381,26,2,311,0,0,14,27,26,1.72,1,0,Midfielder
Orestis Karnezis,1291,15,0,373,0,0,0,0,32,1.9,0,1,Goalkeeper
Oriol Romeu,1604,29,0,833,7,0,28,77,23,1.83,0,1,Midfielder
Oriol Romeu,3072,35,0,2070,11,0,66,117,24,1.83,0,0,Midfielder
Oriol Romeu,2901,34,0,1843,11,0,53,93,25,1.83,0,0,Midfielder
Oriol Romeu,2138,31,0,1103,11,0,46,81,26,1.83,0,0,Midfielder
Oriol Romeu,1856,30,0,1076,5,0,39,55,27,1.83,0,0,Midfielder
Oriol Romeu,1767,21,1,1275,6,0,30,69,28,1.83,1,0,Midfielder
Oscar,1773,27,3,1040,4,0,18,62,23,1.79,1,1,Midfielder
Oscar,456,9,1,246,1,0,5,22,24,1.79,0,1,Midfielder
Oskar Buur,0,0,0,0,0,0,0,0,21,1.8,0,0,Defender
Oskar Buur,21,1,0,14,0,0,0,0,22,1.8,0,0,Defender
Oumar Niasse,142,5,0,43,0,0,2,4,25,1.82,0,0,Forward
Oumar Niasse,1095,17,1,235,3,1,17,10,26,1.82,0,0,Forward
Oumar Niasse,1080,22,2,250,2,0,31,10,27,1.82,0,0,Forward
Oumar Niasse,998,18,0,189,0,0,11,12,28,1.82,0,0,Forward
Oumar Niasse,19,3,0,3,0,0,2,4,29,1.82,0,0,Forward
Ovie Ejaria,6,2,0,8,0,0,0,1,18,1.88,1,0,Midfielder
Owen Otasowie,0,0,0,0,0,0,0,0,18,1.91,0,0,Midfielder
Owen Otasowie,185,6,1,59,1,0,3,5,19,1.91,0,0,Midfielder
Ozan Kabak,803,9,0,584,3,0,12,19,20,1.87,1,1,Defender
Pablo Fornals,2177,36,5,843,3,0,18,46,23,1.78,0,0,Midfielder
Pablo Fornals,2584,33,4,1059,3,0,26,44,24,1.78,0,0,Midfielder
Pablo Hernández,417,16,2,378,1,0,1,5,35,1.73,1,0,Midfielder
Pablo Maffeo,0,0,0,0,0,0,0,0,18,1.72,0,0,Defender
Pablo Maffeo,0,0,0,0,0,0,0,0,19,1.72,0,0,Defender
Pablo Marí,114,2,0,100,0,0,2,2,25,1.93,1,0,Defender
Pablo Marí,900,10,0,629,2,0,8,15,26,1.93,1,1,Defender
Pablo Zabaleta,1062,13,1,575,3,0,15,43,30,1.76,1,0,Defender
Pablo Zabaleta,1059,20,1,573,2,0,14,41,31,1.76,0,1,Defender
Pablo Zabaleta,3291,37,1,1153,9,0,33,96,32,1.76,0,0,Defender
Pablo Zabaleta,2091,26,1,860,4,0,17,47,33,1.76,0,0,Defender
Pablo Zabaleta,589,10,0,249,2,0,7,18,34,1.76,0,0,Defender
Panagiotis Retsos,0,0,0,0,0,0,0,0,20,1.86,0,1,Defender
Pape Souaré,3015,34,1,1165,6,1,25,32,25,1.78,0,0,Defender
Pape Souaré,270,3,0,97,0,0,1,5,26,1.78,0,0,Defender
Pape Souaré,8,1,0,9,0,0,0,0,27,1.78,0,0,Defender
Pape Souaré,0,1,0,3,0,0,0,0,28,1.78,1,0,Defender
Papiss Demba Cissé,1069,21,0,405,1,0,13,10,30,1.8,1,0,Forward
Papy Djilobodji,0,0,0,0,0,0,0,0,26,1.93,0,0,Defender
Papy Djilobodji,1577,18,0,694,4,1,23,24,27,1.93,0,0,Defender
Pascal Groß,2949,38,8,1215,2,0,33,36,26,1.81,0,0,Midfielder
Pascal Groß,1880,25,3,810,1,0,11,28,27,1.81,1,0,Midfielder
Pascal Groß,1803,29,4,899,4,0,23,36,28,1.81,0,1,Midfielder
Pascal Groß,2480,34,8,1424,3,0,19,45,29,1.81,0,0,Midfielder
Pascal Struijk,2074,27,0,1296,3,0,26,49,20,1.9,0,0,Defender
Patrice Evra,227,5,0,97,0,0,0,6,36,1.74,0,1,Defender
Patrick Bamford,353,13,0,90,0,0,8,5,21,1.85,0,0,Forward
Patrick Bamford,314,14,0,82,1,0,12,9,22,1.85,0,0,Forward
Patrick Bamford,3062,38,7,509,3,0,36,21,26,1.85,0,0,Forward
Patrick Cutrone,291,12,0,59,0,0,5,4,21,1.83,0,1,Forward
Patrick Cutrone,23,2,0,2,0,0,0,0,22,1.83,1,0,Forward
Patrick Roberts,4,1,0,3,0,0,0,0,18,1.67,0,0,Midfielder
Patrick van Aanholt,2970,33,3,1067,2,0,16,85,24,1.76,0,1,Defender
Patrick van Aanholt,2497,32,1,1001,3,0,15,43,25,1.76,1,0,Defender
Patrick van Aanholt,2184,28,1,882,7,0,18,47,26,1.76,1,1,Defender
Patrick van Aanholt,3198,36,2,1610,3,0,12,48,27,1.76,0,1,Defender
Patrick van Aanholt,2511,29,2,1216,0,0,9,43,28,1.76,1,0,Defender
Patrick van Aanholt,1775,22,1,952,2,0,11,35,29,1.76,1,1,Defender
Pau López,0,0,0,0,0,0,0,0,21,1.89,0,0,Goalkeeper
Paul Dummett,1896,23,0,673,3,0,13,54,23,1.83,1,1,Defender
Paul Dummett,1603,20,0,599,1,0,8,28,25,1.83,1,0,Defender
Paul Dummett,1986,26,0,758,1,0,11,34,26,1.83,1,1,Defender
Paul Dummett,1229,16,0,449,2,0,4,27,27,1.83,1,1,Defender
Paul Dummett,1256,15,0,518,2,0,9,16,28,1.83,1,1,Defender
Paul Pogba,2609,30,4,2178,7,0,62,53,23,1.91,1,1,Midfielder
Paul Pogba,2151,27,10,1721,5,1,44,33,24,1.91,1,1,Midfielder
Paul Pogba,3011,35,9,2068,6,0,54,47,25,1.91,1,1,Midfielder
Paul Pogba,1204,16,3,1034,1,0,26,20,26,1.91,1,1,Midfielder
Paul Pogba,1896,26,3,1333,3,0,41,36,27,1.91,1,1,Midfielder
Paul Robinson,270,3,0,102,0,0,0,0,36,1.93,0,0,Goalkeeper
Paulo Gazzaniga,180,2,0,54,0,0,0,0,23,1.96,0,0,Goalkeeper
Paulo Gazzaniga,90,1,0,22,0,0,0,0,25,1.96,0,0,Goalkeeper
Paulo Gazzaniga,270,3,0,95,0,0,0,0,26,1.96,0,0,Goalkeeper
Paulo Gazzaniga,1612,18,0,456,1,0,1,0,27,1.96,0,0,Goalkeeper
Pedro,2042,29,2,971,3,0,23,37,28,1.67,0,0,Forward
Pedro,2151,35,9,947,6,0,33,48,29,1.67,0,0,Forward
Pedro,1521,31,2,654,1,0,9,20,30,1.67,0,0,Forward
Pedro,1780,31,2,1066,2,0,17,27,31,1.67,0,0,Forward
Pedro,661,11,1,315,1,0,8,15,32,1.67,1,0,Forward
Pedro Chirivella,45,1,0,33,0,0,0,0,18,1.78,0,0,Midfielder
Pedro Neto,926,29,3,349,3,0,14,9,19,1.72,1,0,Forward
Pedro Neto,2560,31,6,1019,4,0,24,16,20,1.72,1,1,Forward
Pedro Obiang,1078,24,1,476,2,0,20,42,23,1.86,0,0,Midfielder
Pedro Obiang,1766,22,1,911,7,0,27,61,24,1.86,1,0,Midfielder
Pedro Obiang,1563,21,0,757,3,0,27,53,25,1.86,1,1,Midfielder
Pedro Obiang,1121,24,1,536,0,0,13,41,26,1.86,1,1,Midfielder
Pepe Reina,1080,12,0,345,1,0,1,0,36,1.88,1,1,Goalkeeper
Per Mertesacker,2049,24,0,1246,1,1,7,27,30,1.99,1,0,Defender
Per Mertesacker,37,1,0,8,0,0,0,2,31,1.99,1,1,Defender
Per Mertesacker,365,6,0,247,0,0,2,2,32,1.99,0,1,Defender
Percy Tau,102,3,1,31,0,0,0,1,26,1.75,1,1,Forward
Peter Crouch,456,11,1,152,0,0,13,3,34,2.01,1,0,Forward
Peter Crouch,1334,27,2,496,3,0,26,4,35,2.01,0,1,Forward
Peter Crouch,1554,31,2,634,4,0,40,2,36,2.01,0,0,Forward
Peter Crouch,86,6,0,28,1,0,3,1,37,2.01,0,0,Forward
Peter Odemwingie,101,5,0,49,0,0,3,3,34,1.81,1,1,Forward
Petr Cech,3060,34,0,853,0,0,0,0,33,1.96,1,1,Goalkeeper
Petr Cech,3098,35,0,844,2,0,3,0,34,1.96,1,1,Goalkeeper
Petr Cech,3040,34,0,811,1,0,0,0,35,1.96,0,1,Goalkeeper
Petr Cech,585,7,0,224,0,0,0,0,36,1.96,1,0,Goalkeeper
Phil Bardsley,816,11,1,300,1,0,12,31,30,1.8,0,0,Defender
Phil Bardsley,1170,15,0,397,4,1,25,32,31,1.8,1,0,Defender
Phil Bardsley,1125,13,0,418,5,0,22,17,32,1.8,0,1,Defender
Phil Bardsley,1672,19,0,555,9,0,22,32,33,1.8,1,0,Defender
Phil Bardsley,1890,21,1,658,6,0,35,49,34,1.8,1,1,Defender
Phil Bardsley,273,4,0,109,2,0,8,6,35,1.8,1,1,Defender
Phil Foden,43,5,1,44,0,0,1,1,17,1.71,1,0,Midfielder
Phil Foden,327,13,0,231,0,0,4,7,18,1.71,0,1,Midfielder
Phil Foden,892,23,2,494,0,0,12,14,19,1.71,0,0,Midfielder
Phil Foden,1612,28,5,762,0,0,12,22,20,1.71,0,0,Midfielder
Phil Jagielka,1852,21,0,1036,0,0,9,39,32,1.8,1,0,Defender
Phil Jagielka,2250,27,2,1216,4,1,13,43,33,1.8,1,1,Defender
Phil Jagielka,2065,25,0,966,2,0,8,33,34,1.8,1,1,Defender
Phil Jagielka,329,7,0,192,0,1,2,7,35,1.8,1,1,Defender
Phil Jagielka,240,6,0,75,0,0,1,5,36,1.8,1,1,Defender
Phil Jagielka,526,10,0,204,1,1,8,5,37,1.8,0,1,Defender
Philip Billing,760,16,0,371,3,0,14,25,21,1.93,0,0,Midfielder
Philip Billing,2191,27,0,1074,7,0,37,74,22,1.93,1,0,Midfielder
Philip Billing,2532,34,1,1154,8,0,38,72,23,1.93,1,1,Midfielder
Philip Heise,0,0,0,0,0,0,0,0,28,1.84,0,0,Defender
Philipp Wollscheid,2684,31,0,1220,2,0,17,74,26,1.94,0,1,Defender
Philipp Wollscheid,180,2,0,99,1,0,1,4,27,1.94,1,0,Defender
Philippe Coutinho,2003,26,5,1092,2,1,10,35,23,1.72,1,1,Midfielder
Philippe Coutinho,2243,31,7,1402,2,0,18,35,24,1.72,1,1,Midfielder
Philippe Coutinho,1117,14,6,690,0,0,5,17,25,1.72,1,1,Midfielder
Philippe Sandler,0,0,0,0,0,0,0,0,21,1.9,0,1,Defender
Pierre-Emerick Aubameyang,1059,13,4,317,0,0,1,5,28,1.87,1,0,Forward
Pierre-Emerick Aubameyang,2731,36,5,692,0,0,13,21,29,1.87,0,1,Forward
Pierre-Emerick Aubameyang,3139,36,3,817,3,1,14,31,30,1.87,0,0,Forward
Pierre-Emerick Aubameyang,2337,29,3,624,2,0,13,12,31,1.87,1,0,Forward
Rachid Ghezzal,733,19,0,422,3,0,13,14,26,1.82,0,1,Midfielder
Radamel Falcao,229,10,0,84,1,0,7,2,29,1.77,0,0,Forward
Rafael Camacho,0,1,0,0,0,0,0,1,18,1.75,0,0,Midfielder
Ragnar Klavan,1405,20,0,938,3,0,15,25,30,1.87,1,1,Defender
Ragnar Klavan,1448,19,0,1198,0,0,7,14,31,1.87,0,1,Defender
Raheem Sterling,1923,31,2,846,1,0,26,34,20,1.7,1,1,Forward
Raheem Sterling,2515,33,6,1033,7,0,36,24,21,1.7,1,1,Forward
Raheem Sterling,2536,31,7,1113,4,0,36,21,25,1.7,1,1,Forward
Rajiv van La Parra,2144,33,0,633,3,1,29,41,26,1.81,0,0,Forward
Rajiv van La Parra,408,5,0,105,0,0,4,9,27,1.81,1,0,Forward
Ralf Fährmann,22,1,0,8,0,0,0,0,30,1.97,1,1,Goalkeeper
Ramadan Sobhi,848,17,1,299,2,0,10,22,19,1.83,0,0,Midfielder
Ramadan Sobhi,1234,24,0,421,2,0,14,32,20,1.83,0,0,Midfielder
Ramadan Sobhi,75,4,0,43,0,0,0,1,21,1.83,1,0,Midfielder
Ramires,607,12,0,309,1,0,21,23,28,1.79,1,1,Midfielder
Ramiro Funes Mori,2190,28,1,1238,4,1,8,41,24,1.86,0,0,Defender
Ramiro Funes Mori,1536,23,1,794,0,0,10,26,25,1.86,1,0,Defender
Ramiro Funes Mori,118,4,0,54,1,0,3,0,26,1.86,0,1,Defender
Raphael Spiegel,0,0,0,0,0,0,0,0,22,1.97,0,0,Goalkeeper
Raphael Spiegel,0,0,0,0,0,0,0,0,23,1.97,0,0,Goalkeeper
Raphinha,2363,30,9,876,3,0,13,34,23,1.76,1,1,Forward
Ravel Morrison,12,1,0,6,0,0,1,0,26,1.75,0,0,Midfielder
Rayan Aït-Nouri,1404,21,1,627,1,0,15,29,19,1.8,1,1,Defender
Rayhaan Tulloch,0,0,0,0,0,0,0,0,16,1.78,0,0,Forward
Raúl Jiménez,3123,38,7,1059,4,0,42,30,27,1.89,0,1,Forward
Reda Khadra,4,1,0,1,0,0,0,0,19,1.75,0,0,Midfielder
Reece Burke,0,0,0,0,0,0,0,0,19,1.89,0,0,Defender
Reece Hannam,0,0,0,0,0,0,0,0,19,1.86,0,0,Defender
Reece James,1510,24,2,1016,1,0,22,36,19,1.8,1,0,Defender
Reece James,2366,32,2,1696,3,0,31,55,20,1.8,1,1,Defender
Reece Oxford,210,7,0,52,0,0,1,8,16,1.9,0,0,Midfielder
Reece Oxford,0,0,0,0,0,0,0,0,17,1.9,1,0,Midfielder
Reece Oxford,4,1,0,2,0,0,1,2,18,1.9,1,1,Midfielder
Reece Welch,0,0,0,0,0,0,0,0,16,1.97,0,0,Defender
Rees Greenwood,52,1,0,23,0,0,1,1,18,1.76,0,0,Midfielder
Reiss Nelson,146,3,0,79,0,0,0,4,17,1.75,0,0,Forward
Reiss Nelson,626,17,0,207,1,0,8,11,19,1.75,1,1,Forward
Reiss Nelson,69,2,0,17,0,0,2,1,20,1.75,1,1,Forward
Rekeem Harper,20,1,0,5,0,0,0,1,17,1.83,0,0,Midfielder
Rekeem Harper,31,2,0,17,0,0,1,0,20,1.83,0,0,Midfielder
Renato Sanches,703,12,0,379,1,0,8,12,19,1.76,1,0,Midfielder
Rene Gilmartin,0,0,0,0,0,0,0,0,28,1.97,0,0,Goalkeeper
Rene Gilmartin,0,0,0,0,0,0,0,0,29,1.97,0,0,Goalkeeper
Rhian Brewster,0,0,0,0,0,0,0,0,16,1.8,0,0,Forward
Rhian Brewster,0,0,0,0,0,0,0,0,19,1.8,1,0,Forward
Rhian Brewster,1122,27,0,207,1,0,18,8,20,1.8,1,1,Forward
Rhoys Wiggins,0,0,0,0,0,0,0,0,27,1.73,0,0,Defender
Rhys Healey,48,3,0,7,0,0,1,1,23,1.8,0,0,Forward
Rhys Williams,660,9,0,504,0,0,4,6,19,1.95,1,0,Defender
Ricardo Pereira,3125,35,6,1532,7,0,41,118,24,1.75,0,1,Defender
Ricardo Pereira,2520,28,2,1572,1,0,45,119,25,1.75,1,0,Defender
Ricardo Pereira,956,15,1,464,3,0,18,31,26,1.75,0,1,Defender
Richard Nartey,0,0,0,0,0,0,0,0,21,1.85,0,0,Defender
Richard Stearman,0,0,0,0,0,0,0,0,31,1.91,0,0,Defender
Richard Wright,0,0,0,0,0,0,0,0,37,1.9,0,0,Goalkeeper
Richarlison,2827,38,4,804,4,0,37,64,20,1.84,0,0,Forward
Richarlison,2679,35,1,793,5,1,32,49,21,1.84,1,0,Forward
Richarlison,3080,36,3,788,8,0,43,70,22,1.84,1,1,Forward
Richarlison,2872,34,3,749,4,1,33,50,23,1.84,1,1,Forward
Rickie Lambert,615,19,1,272,2,0,6,0,33,1.87,0,0,Forward
Rickie Lambert,12,1,0,10,0,0,1,0,34,1.87,0,0,Forward
Ricky van Wolfswinkel,0,0,0,0,0,0,0,0,26,1.86,0,0,Forward
Riyad Mahrez,3054,37,11,1034,1,0,19,53,24,1.79,1,0,Forward
Riyad Mahrez,2834,36,3,1065,4,0,25,36,25,1.79,0,1,Forward
Riyad Mahrez,2960,36,10,1276,2,0,23,39,26,1.79,0,0,Forward
Riyad Mahrez,1339,27,4,798,0,0,10,14,27,1.79,0,0,Forward
Riyad Mahrez,1940,33,9,1097,0,0,13,28,28,1.79,0,0,Forward
Riyad Mahrez,1955,27,6,1004,0,0,13,20,29,1.79,0,0,Forward
Rob Holding,810,9,0,465,3,0,10,12,20,1.89,0,0,Defender
Rob Holding,820,12,0,603,3,0,9,19,21,1.89,0,0,Defender
Rob Holding,807,10,0,614,1,0,6,11,22,1.89,1,0,Defender
Rob Holding,580,8,0,351,1,0,4,4,23,1.89,1,1,Defender
Rob Holding,2557,30,1,1802,2,0,25,43,24,1.89,1,1,Defender
Robbie Brady,2987,36,2,1138,3,0,41,101,23,1.76,0,0,Midfielder
Robbie Brady,716,14,2,222,1,0,8,21,24,1.76,0,0,Midfielder
Robbie Brady,1279,15,2,454,3,0,20,32,25,1.76,0,0,Midfielder
Robbie Brady,715,16,1,223,3,1,12,15,26,1.76,1,0,Midfielder
Robbie Brady,446,17,2,151,1,0,8,11,27,1.76,1,1,Midfielder
Robbie Brady,1055,19,1,351,3,0,21,22,28,1.76,1,1,Midfielder
Robert Huth,3150,35,0,810,8,0,35,41,30,1.91,0,1,Defender
Robert Huth,2929,33,2,701,9,0,45,28,31,1.91,0,0,Defender
Robert Snodgrass,2549,35,5,1008,2,0,46,38,28,1.82,1,0,Midfielder
Robert Snodgrass,2219,33,5,969,10,0,36,44,30,1.82,1,0,Midfielder
Robert Snodgrass,1511,24,5,505,4,0,20,29,31,1.82,1,1,Midfielder
Robert Snodgrass,529,11,0,136,2,0,8,17,32,1.82,1,1,Midfielder
Robert Sánchez,2430,27,0,984,2,0,2,0,22,1.97,0,0,Goalkeeper
Roberto Firmino,1983,31,7,998,1,0,29,67,23,1.81,1,0,Forward
Roberto Firmino,3068,35,7,1543,5,0,51,58,24,1.81,1,1,Forward
Roberto Firmino,2778,37,7,1169,1,0,57,65,25,1.81,0,1,Forward
Roberto Firmino,2620,34,6,1279,0,0,38,29,26,1.81,1,0,Forward
Roberto Firmino,3004,38,8,1161,0,0,29,37,27,1.81,0,1,Forward
Roberto Firmino,2852,36,7,1301,2,0,22,33,28,1.81,1,0,Forward
Roberto Pereyra,1039,13,2,420,2,1,8,8,25,1.82,1,1,Midfielder
Roberto Pereyra,1622,32,2,676,3,0,18,10,26,1.82,1,1,Midfielder
Roberto Pereyra,2824,33,1,1121,3,0,27,21,27,1.82,1,1,Midfielder
Roberto Pereyra,1649,28,0,613,4,0,21,20,28,1.82,1,1,Midfielder
Robin Koch,1129,17,0,769,1,0,17,27,24,1.91,1,1,Defender
Robin Olsen,630,7,0,176,1,0,0,0,30,1.96,0,0,Goalkeeper
Rodri,2747,34,2,2785,6,0,44,72,24,1.91,0,1,Midfielder
Rodrigo,1286,26,2,559,3,0,19,14,29,1.82,1,1,Forward
Rolando Aarons,375,10,1,119,1,0,9,13,19,1.78,1,1,Midfielder
Rolando Aarons,137,4,0,41,0,0,1,4,21,1.78,0,1,Midfielder
Romain Saïss,1144,19,0,737,7,0,27,39,28,1.88,0,0,Midfielder
Romain Saïss,2706,33,1,1628,10,1,43,55,29,1.88,1,0,Midfielder
Romain Saïss,2408,27,0,1428,2,0,29,35,30,1.88,0,1,Midfielder
Romaine Sawyers,1490,19,0,720,2,0,18,30,28,1.75,0,0,Midfielder
Romelu Lukaku,3174,37,6,1098,3,0,30,13,22,1.91,0,1,Forward
Romelu Lukaku,3267,37,6,965,3,0,33,9,23,1.91,0,0,Forward
Romelu Lukaku,2869,34,7,721,4,0,31,7,24,1.91,1,0,Forward
Romelu Lukaku,2130,32,0,534,4,0,18,8,25,1.91,1,1,Forward
Ron-Robert Zieler,753,9,0,269,0,0,0,0,27,1.88,0,0,Goalkeeper
Roque Mesa,756,11,0,486,3,0,14,20,28,1.72,0,0,Midfielder
Ross Barkley,3086,38,8,1802,4,0,29,34,21,1.85,0,1,Midfielder
Ross Barkley,2906,36,8,1651,5,0,49,30,22,1.85,0,0,Midfielder
Ross Barkley,131,2,0,50,0,0,1,0,23,1.85,1,0,Midfielder
Ross Barkley,1241,27,5,954,1,0,14,15,24,1.85,1,1,Midfielder
Ross Barkley,1104,21,4,618,0,0,9,16,25,1.85,1,1,Midfielder
Ross Barkley,1577,26,1,753,0,0,14,6,26,1.85,1,1,Midfielder
Ruben Loftus-Cheek,404,13,0,243,0,0,4,11,19,1.9,0,0,Midfielder
Ruben Loftus-Cheek,30,6,0,25,0,0,2,1,20,1.9,0,0,Midfielder
Ruben Loftus-Cheek,1875,24,3,723,1,0,17,21,21,1.9,1,0,Midfielder
Ruben Loftus-Cheek,982,24,2,610,0,0,10,18,22,1.9,1,1,Midfielder
Ruben Loftus-Cheek,205,7,1,132,0,0,2,0,23,1.9,0,1,Midfielder
Ruben Loftus-Cheek,1973,31,0,726,3,0,29,25,24,1.9,0,0,Midfielder
Rudy Gestede,1655,32,2,597,2,0,24,11,26,1.93,0,0,Forward
Rudy Gestede,524,16,0,218,3,0,8,6,27,1.93,0,0,Forward
Rui Patrício,3330,37,0,759,0,0,0,0,30,1.9,0,0,Goalkeeper
Rui Patrício,3420,38,0,734,0,0,0,0,31,1.9,0,0,Goalkeeper
Rui Patrício,3330,37,0,662,1,0,0,0,32,1.9,0,0,Goalkeeper
Russell Martin,2698,30,0,1118,4,1,32,41,29,1.83,0,0,Defender
Ryan Allsop,44,1,0,8,0,0,0,0,23,1.89,0,0,Goalkeeper
Ryan Allsop,90,1,0,26,0,0,0,0,24,1.89,0,0,Goalkeeper
Ryan Astley,0,0,0,0,0,0,0,0,18,1.84,0,0,Defender
Ryan Babel,1260,16,3,469,3,0,14,8,31,1.85,1,0,Midfielder
Ryan Bennett,933,16,0,433,2,0,7,9,29,1.88,1,0,Defender
Ryan Bertrand,2880,32,3,1121,6,0,30,43,25,1.79,0,0,Defender
Ryan Bertrand,2508,28,4,1307,3,0,24,37,26,1.79,1,0,Defender
Ryan Bertrand,3137,35,4,1480,2,0,32,48,27,1.79,1,1,Defender
Ryan Bertrand,2160,24,0,774,8,0,26,46,28,1.79,1,1,Defender
Ryan Bertrand,2743,32,1,1229,3,1,27,47,29,1.79,1,1,Defender
Ryan Bertrand,2599,29,1,1197,5,0,29,60,30,1.79,1,1,Defender
Ryan Finnigan,0,0,0,0,0,0,0,0,16,1.85,0,0,Midfielder
Ryan Fraser,1767,28,5,670,3,0,18,15,22,1.63,0,1,Midfielder
Ryan Fraser,2009,26,3,816,0,0,6,11,23,1.63,0,0,Midfielder
Ryan Fraser,3173,38,14,1195,2,0,6,19,24,1.63,1,0,Midfielder
Ryan Fraser,2062,28,4,770,2,0,10,12,25,1.63,0,1,Midfielder
Ryan Fraser,926,18,2,262,0,1,5,4,26,1.63,1,0,Midfielder
Ryan Fredericks,1085,15,0,436,5,0,9,38,25,1.81,1,1,Defender
Ryan Fredericks,2237,27,3,856,7,0,25,82,26,1.81,1,1,Defender
Ryan Fredericks,564,14,1,226,2,0,11,9,27,1.81,1,1,Defender
Ryan Fulton,0,0,0,0,0,0,0,0,19,1.91,0,0,Goalkeeper
Ryan Giles,0,0,0,0,0,0,0,0,18,1.79,0,0,Midfielder
Ryan Giles,0,0,0,0,0,0,0,0,19,1.79,0,0,Midfielder
Ryan Inniss,0,0,0,0,0,0,0,0,25,1.97,0,0,Defender
Ryan Mason,928,16,0,378,4,0,9,13,25,1.75,0,1,Midfielder
Ryan Schofield,0,0,0,0,0,0,0,0,18,1.9,0,0,Goalkeeper
Ryan Seager,0,0,0,0,0,0,0,0,19,1.76,0,0,Forward
Ryan Sessegnon,2294,35,6,687,0,0,20,23,18,1.78,1,0,Midfielder
Ryan Sessegnon,341,6,0,159,0,0,4,6,19,1.78,1,1,Midfielder
Ryan Shawcross,1697,20,0,592,2,1,18,43,27,1.91,1,0,Defender
Ryan Shawcross,3150,35,1,996,6,0,34,46,28,1.91,1,1,Defender
Ryan Shawcross,2372,27,1,665,2,0,26,36,29,1.91,1,1,Defender
Rúben Dias,2845,32,0,2713,4,0,21,24,23,1.87,0,0,Defender
Rúben Neves,3009,35,3,1940,8,0,37,75,21,1.8,0,0,Midfielder
Rúben Neves,3060,38,2,2023,9,0,29,62,22,1.8,0,0,Midfielder
Rúben Neves,2680,36,1,1979,8,0,46,86,23,1.8,0,0,Midfielder
Rúben Vinagre,703,17,0,286,1,0,12,14,19,1.74,0,0,Defender
Rúben Vinagre,643,16,0,242,1,0,7,23,20,1.74,1,0,Defender
Rúben Vinagre,172,2,0,80,0,0,2,7,21,1.74,1,1,Defender
Rúnar Alex Rúnarsson,15,1,0,9,0,0,0,0,25,1.86,0,1,Goalkeeper
Sadio Mané,2606,37,6,964,4,2,44,54,23,1.74,0,1,Forward
Sadio Mané,2247,27,5,1020,4,0,32,23,24,1.74,1,0,Forward
Sadio Mané,2208,29,7,962,3,1,24,28,25,1.74,1,1,Forward
Sadio Mané,3086,36,1,1184,2,0,34,34,26,1.74,1,1,Forward
Sadio Mané,2755,35,7,1104,3,0,46,44,27,1.74,1,1,Forward
Sadio Mané,2812,35,7,1008,3,0,53,48,28,1.74,0,1,Forward
Saido Berahino,1740,31,0,457,0,0,18,18,21,1.79,0,0,Forward
Saido Berahino,966,17,0,168,1,0,20,9,22,1.79,1,0,Forward
Saido Berahino,484,15,1,95,0,0,6,2,23,1.79,0,1,Forward
Salomón Rondón,2565,34,2,630,1,1,35,9,25,1.86,0,0,Forward
Salomón Rondón,2896,38,2,722,2,0,41,18,26,1.86,0,0,Forward
Salomón Rondón,2773,36,3,833,4,0,42,14,27,1.86,0,0,Forward
Salomón Rondón,2608,32,7,735,1,0,22,8,28,1.86,0,0,Forward
Sam Baldock,30,2,0,7,0,0,0,0,28,1.7,1,0,Forward
Sam Byram,286,4,0,95,3,0,7,5,21,1.83,1,0,Defender
Sam Byram,1246,18,1,435,5,1,21,24,22,1.83,1,1,Defender
Sam Byram,246,5,0,84,1,0,4,9,23,1.83,1,1,Defender
Sam Byram,1293,17,0,636,4,0,16,40,25,1.83,1,0,Defender
Sam Clucas,3190,37,1,1541,9,1,22,90,25,1.78,0,0,Midfielder
Sam Clucas,2044,29,1,786,2,0,10,34,26,1.78,0,0,Midfielder
Sam Field,4,1,0,2,0,0,0,0,17,1.91,0,0,Midfielder
Sam Field,274,8,0,105,2,0,5,5,18,1.91,0,0,Midfielder
Sam Field,539,10,0,166,3,0,11,14,19,1.91,0,0,Midfielder
Sam Field,59,3,0,24,0,0,2,5,22,1.91,1,1,Midfielder
Sam Gallagher,30,4,0,6,0,0,4,0,22,1.93,0,0,Forward
Sam Greenwood,0,0,0,0,0,0,0,0,18,1.8,0,0,Forward
Sam Hughes,0,0,0,0,0,0,0,0,20,1.87,0,0,Defender
Sam Johnstone,0,0,0,0,0,0,0,0,22,1.93,0,0,Goalkeeper
Sam Johnstone,3330,37,1,1108,1,0,1,0,27,1.93,0,0,Goalkeeper
Sam McQueen,608,13,0,301,0,0,3,16,21,1.81,0,0,Defender
Sam McQueen,142,7,0,63,0,0,0,4,22,1.81,0,0,Defender
Sam Surridge,0,0,0,0,0,0,0,0,18,1.9,0,0,Forward
Sam Surridge,11,2,0,5,0,0,0,1,20,1.9,0,0,Forward
Sam Surridge,23,4,0,9,0,0,2,0,21,1.9,0,0,Forward
Sam Vokes,2055,37,3,602,0,0,24,7,26,1.86,0,0,Forward
Sam Vokes,978,30,1,265,3,0,20,3,27,1.86,0,0,Forward
Sam Vokes,913,20,0,268,0,0,14,4,28,1.86,0,0,Forward
Sam Woods,0,0,0,0,0,0,0,0,19,1.85,0,0,Defender
Sam Woods,0,0,0,0,0,0,0,0,20,1.85,0,0,Defender
Sam Woods,0,0,0,0,0,0,0,0,21,1.85,0,0,Defender
Samir Nasri,535,12,2,416,3,0,4,11,28,1.77,1,0,Midfielder
Samir Nasri,15,1,0,11,0,0,0,0,29,1.77,1,1,Midfielder
Samir Nasri,245,5,2,155,0,0,3,0,31,1.77,1,0,Midfielder
Samuel Shashoua,0,0,0,0,0,0,0,0,17,1.7,0,0,Midfielder
Sander Berge,947,14,1,368,0,0,18,22,21,1.95,0,1,Midfielder
Sander Berge,1120,15,1,436,4,0,14,16,22,1.95,1,0,Midfielder
Sandro,377,12,0,138,0,0,5,10,26,1.87,0,1,Midfielder
Sandro Ramírez,275,8,0,82,0,0,1,2,22,1.75,1,1,Forward
Sandro Ramírez,0,0,0,0,0,0,0,0,23,1.75,1,1,Forward
Santi Cazorla,1292,15,3,1228,2,1,13,28,30,1.68,1,0,Midfielder
Santi Cazorla,619,8,2,561,2,0,4,10,31,1.68,0,1,Midfielder
Saïd Benrahma,1387,30,6,484,0,0,14,24,24,1.72,0,0,Forward
Scott Arfield,2107,31,0,621,3,0,37,36,27,1.78,0,0,Midfielder
Scott Arfield,1335,18,1,353,3,0,21,36,28,1.78,1,0,Midfielder
Scott Carson,0,0,0,0,0,0,0,0,33,1.88,0,0,Goalkeeper
Scott Carson,90,1,0,10,0,0,0,0,34,1.88,0,0,Goalkeeper
Scott Dann,3150,35,1,1116,7,0,20,35,28,1.94,0,0,Defender
Scott Dann,1743,23,1,608,2,0,14,17,29,1.94,0,0,Defender
Scott Dann,1435,17,0,566,4,0,12,10,30,1.94,1,0,Defender
Scott Dann,660,10,1,264,1,0,4,6,31,1.94,1,1,Defender
Scott Dann,1263,16,1,582,0,0,5,8,32,1.94,1,1,Defender
Scott Dann,1350,15,0,640,1,0,6,6,33,1.94,1,1,Defender
Scott Malone,1113,22,1,493,3,0,19,39,26,1.89,0,0,Defender
Scott McTominay,96,2,0,57,1,0,2,0,19,1.91,0,0,Midfielder
Scott McTominay,628,13,0,343,2,0,7,11,20,1.91,0,0,Midfielder
Scott McTominay,860,16,0,449,1,0,11,10,21,1.91,1,0,Midfielder
Scott McTominay,1771,27,1,1011,2,0,36,43,22,1.91,1,1,Midfielder
Scott McTominay,2125,32,1,1298,3,0,47,51,23,1.91,1,1,Midfielder
Scott Sinclair,1595,27,0,345,0,0,5,13,26,1.77,0,1,Forward
Sead Haksabanovic,0,0,0,0,0,0,0,0,18,1.74,0,0,Midfielder
Sead Kolasinac,2151,27,4,1268,3,0,32,49,24,1.83,1,1,Defender
Sead Kolasinac,1890,24,5,971,5,0,21,34,25,1.83,1,1,Defender
Sead Kolasinac,1699,26,2,900,4,0,20,29,26,1.83,1,1,Defender
Sead Kolasinac,90,1,0,62,0,0,1,0,27,1.83,0,1,Defender
Sean Goss,0,0,0,0,0,0,0,0,19,1.79,0,0,Midfielder
Sean Longstaff,687,9,0,293,2,0,7,17,20,1.81,1,0,Midfielder
Sean Longstaff,1372,23,1,631,2,1,17,35,21,1.81,1,1,Midfielder
Sean Longstaff,1407,22,1,558,2,0,22,31,22,1.81,1,1,Midfielder
Sean Morrison,3040,34,3,737,6,0,32,35,27,1.94,0,0,Defender
Sebastian Larsson,546,18,1,236,2,0,9,12,30,1.78,0,0,Midfielder
Sebastian Larsson,1470,21,1,642,4,1,30,37,31,1.78,1,0,Midfielder
Sebastian Prödl,1776,21,0,509,5,0,23,23,28,1.94,1,1,Defender
Sebastian Prödl,2772,33,1,1070,10,1,44,36,29,1.94,0,1,Defender
Sebastian Prödl,1568,21,0,568,5,0,21,22,30,1.94,1,0,Defender
Sebastian Prödl,13,1,0,3,0,0,1,0,31,1.94,1,1,Defender
Sebastian Prödl,57,1,0,11,0,0,1,0,32,1.94,1,1,Defender
Sebastián Coates,1230,16,1,379,4,0,17,45,24,1.96,1,1,Defender
Semi Ajayi,2779,33,0,937,3,1,28,40,26,1.93,0,0,Defender
Serge Aurier,1428,17,2,776,1,1,21,48,24,1.76,0,0,Defender
Serge Aurier,563,8,2,269,1,0,17,21,25,1.76,1,0,Defender
Serge Aurier,2706,33,5,1281,2,1,41,93,26,1.76,1,1,Defender
Serge Aurier,1608,19,3,792,0,0,23,55,27,1.76,1,1,Defender
Serge Gnabry,12,1,0,7,0,0,2,0,20,1.76,0,0,Forward
Sergi Canós,9,1,0,5,0,0,1,1,18,1.77,0,0,Forward
Sergio Agüero,2374,30,2,727,1,0,20,15,27,1.73,0,0,Forward
Sergio Agüero,2405,31,3,771,4,1,23,18,28,1.73,0,0,Forward
Sergio Agüero,1969,25,6,628,2,0,10,9,29,1.73,1,0,Forward
Sergio Agüero,2480,33,8,771,3,0,21,17,30,1.73,1,1,Forward
Sergio Agüero,1456,24,3,354,1,0,9,7,31,1.73,1,1,Forward
Sergio Agüero,558,12,1,171,0,0,2,4,32,1.73,1,1,Forward
Sergio Reguilón,2249,27,3,1200,5,0,26,47,23,1.78,1,1,Defender
Sergio Romero,360,4,0,115,0,0,0,0,28,1.92,0,0,Goalkeeper
Sergio Romero,180,2,0,46,0,0,0,0,29,1.92,0,0,Goalkeeper
Sergio Romero,90,1,0,20,0,0,0,0,30,1.92,1,0,Goalkeeper
Sergio Romero,0,0,0,0,0,0,0,0,31,1.92,1,1,Goalkeeper
Sergio Romero,0,0,0,0,0,0,0,0,32,1.92,0,1,Goalkeeper
Seydou Doumbia,29,3,0,8,0,0,0,0,27,1.79,0,1,Forward
Shane Duffy,3294,37,1,1358,8,0,33,31,25,1.93,0,1,Defender
Shane Duffy,3088,35,1,1305,4,1,22,35,26,1.93,0,0,Defender
Shane Duffy,1231,19,0,641,2,0,14,18,27,1.93,1,0,Defender
Shane Flynn,0,0,0,0,0,0,0,0,18,1.81,0,0,Midfielder
Shane Long,2111,28,4,595,2,0,43,15,28,1.8,1,1,Forward
Shaun MacDonald,28,3,0,18,0,0,0,0,27,1.83,0,0,Midfielder
Shaun Maloney,277,9,2,111,0,0,3,8,33,1.71,1,0,Midfielder
Shay Given,225,3,0,58,1,0,0,0,39,1.85,1,0,Goalkeeper
Shay Given,450,5,0,132,1,0,0,0,40,1.85,0,1,Goalkeeper
Sheyi Ojo,396,8,3,140,0,0,3,9,18,1.79,0,0,Midfielder
Shinji Okazaki,2069,36,0,542,1,0,31,37,29,1.75,0,0,Forward
Shinji Okazaki,1571,30,1,438,1,0,28,30,30,1.75,0,0,Forward
Shinji Okazaki,1327,27,2,386,2,0,20,25,31,1.75,0,0,Forward
Shinji Okazaki,269,21,1,94,0,0,6,5,32,1.75,0,0,Forward
Shkodran Mustafi,2275,26,2,1564,11,0,35,54,24,1.84,1,1,Defender
Shkodran Mustafi,2273,27,1,1734,6,0,26,64,25,1.84,1,1,Defender
Shkodran Mustafi,2615,31,0,1765,9,0,42,62,26,1.84,1,1,Defender
Shkodran Mustafi,1205,15,1,844,2,0,14,17,27,1.84,1,1,Defender
Shkodran Mustafi,43,3,0,49,0,0,1,1,28,1.84,1,1,Defender
Shola Shoretire,10,2,0,6,0,0,0,0,16,1.71,0,0,Forward
Sidnei Tavares,85,2,0,26,0,0,1,1,18,1.88,0,0,Midfielder
Siem de Jong,442,18,1,193,0,0,7,16,26,1.85,0,1,Midfielder
Simon Francis,3387,38,4,2106,5,1,35,105,30,1.91,0,0,Defender
Simon Francis,2940,34,1,1656,4,1,27,62,31,1.91,1,0,Defender
Simon Francis,2706,32,1,1606,8,1,24,49,32,1.91,1,1,Defender
Simon Francis,1226,17,2,654,1,0,11,25,33,1.91,1,1,Defender
Simon Francis,965,15,0,520,3,1,7,13,34,1.91,1,1,Defender
Simon Mignolet,3060,34,0,803,2,0,0,0,27,1.93,0,0,Goalkeeper
Simon Mignolet,2520,28,0,806,0,0,0,0,28,1.93,0,0,Goalkeeper
Simon Mignolet,1710,19,0,498,3,0,2,0,29,1.93,0,0,Goalkeeper
Simon Mignolet,0,0,0,0,0,0,0,0,30,1.93,1,0,Goalkeeper
Simone Zaza,459,8,0,105,2,0,11,5,25,1.86,0,0,Forward
Sofiane Boufal,1101,24,0,508,5,0,25,38,22,1.75,1,0,Midfielder
Sofiane Boufal,1212,26,2,532,1,0,27,37,23,1.75,0,1,Midfielder
Sofiane Boufal,759,20,2,288,2,0,25,16,25,1.75,1,1,Midfielder
Sofiane Feghouli,1037,21,3,376,1,1,11,18,26,1.77,0,0,Midfielder
Sol Bamba,2475,28,1,550,7,0,35,74,33,1.9,1,0,Defender
Solly March,1841,36,1,637,3,0,29,54,23,1.8,1,0,Midfielder
Solly March,2472,35,5,756,1,0,29,56,24,1.8,1,1,Midfielder
Solly March,1143,19,1,492,2,0,10,25,25,1.8,1,1,Midfielder
Solly March,1674,21,1,717,0,0,26,49,26,1.8,1,1,Midfielder
Stefan Johansen,411,12,0,250,4,0,6,10,27,1.82,0,0,Midfielder
Stefan Johansen,0,0,0,0,0,0,0,0,29,1.82,1,1,Midfielder
Stefano Okaka,954,19,0,230,5,0,30,12,26,1.86,1,1,Forward
Stefano Okaka,444,15,1,154,2,0,21,6,27,1.86,1,1,Forward
Stefano Okaka,22,2,0,14,1,0,1,0,28,1.86,0,1,Forward
Stephan Lichtsteiner,939,14,0,480,3,0,11,15,34,1.82,1,1,Defender
Stephen Henderson,0,0,0,0,0,0,0,0,31,1.88,0,0,Goalkeeper
Stephen Henderson,0,0,0,0,0,0,0,0,32,1.88,0,0,Goalkeeper
Stephen Hendrie,0,0,0,0,0,0,0,0,20,1.78,0,1,Defender
Stephen Ireland,231,13,1,160,2,0,4,10,28,1.73,0,1,Midfielder
Stephen Ireland,128,4,0,66,1,0,1,3,30,1.73,1,1,Midfielder
Stephen Kingsley,356,4,1,110,0,0,2,5,21,1.78,0,0,Defender
Stephen Kingsley,1035,13,0,434,0,0,3,12,22,1.78,0,0,Defender
Stephen Ward,3232,37,1,1129,5,0,35,70,30,1.84,0,0,Defender
Stephen Ward,2462,28,1,923,1,0,11,39,31,1.84,1,0,Defender
Stephen Ward,230,3,0,113,1,0,2,4,32,1.84,1,1,Defender
Steve Cook,3195,36,0,1577,5,0,16,33,24,1.85,0,0,Defender
Steve Cook,3420,38,0,1716,5,0,16,46,25,1.85,0,0,Defender
Steve Cook,2766,34,1,1321,5,0,22,37,26,1.85,0,0,Defender
Steve Cook,2787,31,1,1501,3,0,18,36,27,1.85,1,0,Defender
Steve Cook,2430,29,0,1271,6,1,16,22,28,1.85,1,1,Defender
Steve Mandanda,810,9,0,262,0,0,0,0,31,1.85,0,0,Goalkeeper
Steve Sidwell,12,1,0,6,0,0,1,4,32,1.83,0,1,Midfielder
Steve Sidwell,0,0,0,0,0,0,0,0,34,1.83,1,0,Midfielder
Steven Alzate,1183,19,0,603,1,0,17,33,20,1.8,1,0,Midfielder
Steven Alzate,896,15,0,437,2,0,20,17,21,1.8,0,1,Midfielder
Steven Berghuis,223,9,2,86,2,0,7,6,23,1.82,0,1,Forward
Steven Bergwijn,703,14,1,244,2,0,7,10,21,1.78,1,1,Forward
Steven Bergwijn,1211,21,3,416,3,0,20,15,22,1.78,0,1,Forward
Steven Caulker,146,6,0,68,0,0,0,2,23,1.91,0,0,Defender
Steven Davis,1521,23,0,1044,0,0,8,30,32,1.72,1,0,Midfielder
Steven Davis,96,3,1,68,0,0,2,2,33,1.72,0,1,Midfielder
Steven Defour,1078,21,3,521,1,0,14,19,28,1.75,1,1,Midfielder
Steven Defour,2009,24,1,1016,6,0,13,33,29,1.75,1,1,Midfielder
Steven Defour,452,6,0,249,0,0,1,8,30,1.75,1,1,Midfielder
Steven Fletcher,1013,16,0,290,0,0,19,11,28,1.85,0,1,Forward
Steven Naismith,1330,23,1,501,3,0,30,23,28,1.78,0,0,Forward
Steven Pienaar,118,4,0,77,0,0,1,0,33,1.7,1,1,Midfielder
Steven Pienaar,806,15,0,384,5,1,16,19,34,1.7,1,1,Midfielder
Steven Sessegnon,0,0,0,0,0,0,0,0,18,1.75,0,0,Defender
Steven Taylor,809,10,0,324,1,0,3,3,29,1.86,1,1,Defender
Steven Whittaker,660,8,0,304,1,1,7,12,31,1.85,0,0,Defender
Stewart Downing,2212,30,3,943,1,0,10,28,32,1.8,0,0,Midfielder
Stuart Armstrong,1717,30,3,579,4,0,25,32,27,1.83,1,1,Midfielder
Stuart Armstrong,2774,33,5,1236,3,0,34,60,28,1.83,1,1,Midfielder
Stuart Dallas,3411,38,2,1961,7,0,40,74,29,1.83,0,0,Midfielder
Stuart Taylor,0,0,0,0,0,0,0,0,35,1.98,0,0,Goalkeeper
Stuart Taylor,0,0,0,0,0,0,0,0,36,1.98,0,0,Goalkeeper
Sullay Kaikai,44,1,0,13,0,0,1,2,19,1.82,0,0,Midfielder
Sullay Kaikai,23,1,0,10,0,0,0,1,20,1.82,0,0,Midfielder
Sullay Kaikai,13,1,0,6,0,0,0,1,21,1.82,0,0,Midfielder
Sullay Kaikai,0,0,0,0,0,0,0,0,22,1.82,0,0,Midfielder
Sylvain Distin,840,12,0,450,0,0,3,19,37,1.92,0,0,Defender
Sylvain Marveaux,0,0,0,0,0,0,0,0,29,1.72,1,0,Midfielder
Sylvester Jasper,0,0,0,0,0,0,0,0,18,1.8,0,0,Forward
Sébastien Haller,2262,32,1,767,1,0,46,22,25,1.9,1,1,Forward
Sébastien Haller,934,16,0,245,0,0,24,14,26,1.9,0,1,Forward
Sébastien Pocognoli,35,1,1,19,0,0,0,0,28,1.81,0,0,Defender
Tahith Chong,36,2,0,15,0,0,0,0,18,1.85,0,0,Midfielder
Tahith Chong,34,3,0,14,0,0,2,0,19,1.85,0,0,Midfielder
Takumi Minamino,242,10,0,106,0,0,7,3,24,1.74,1,0,Forward
Takumi Minamino,1003,19,0,387,1,0,11,11,25,1.74,0,1,Forward
Tammy Abraham,53,2,0,10,0,0,2,0,17,1.94,0,0,Forward
Tammy Abraham,1716,31,1,300,0,0,15,10,19,1.94,0,1,Forward
Tammy Abraham,2222,34,3,407,2,0,17,8,21,1.94,1,0,Forward
Tammy Abraham,1033,22,1,205,0,0,22,7,22,1.94,1,1,Forward
Tariq Lamptey,621,9,1,178,2,0,13,9,18,1.63,0,0,Defender
Tariq Lamptey,890,11,1,374,2,1,21,17,19,1.63,1,0,Defender
Tashan Oakley-Boothe,0,0,0,0,0,0,0,0,17,1.82,0,0,Midfielder
Tawanda Maswanhise,0,0,0,0,0,0,0,0,17,1.8,0,0,Midfielder
Taylor Gardner-Hickman,0,0,0,0,0,0,0,0,18,1.88,0,0,Forward
Taylor Harwood-Bellis,0,0,0,0,0,0,0,0,17,1.88,0,0,Defender
Taylor Harwood-Bellis,0,0,0,0,0,0,0,0,18,1.88,0,0,Defender
Taylor Perry,0,0,0,0,0,0,0,0,18,1.8,0,0,Midfielder
Taylor Perry,0,0,0,0,0,0,0,0,19,1.8,0,0,Midfielder
Teddy Jenks,0,0,0,0,0,0,0,0,18,1.91,0,0,Midfielder
Teemu Pukki,2893,36,3,529,3,0,23,12,29,1.8,1,0,Forward
Tendayi Darikwa,0,0,0,0,0,0,0,0,24,1.88,0,0,Defender
Terence Kongolo,1047,13,0,311,0,0,5,33,23,1.88,0,1,Defender
Terence Kongolo,2722,32,1,1149,4,0,20,74,24,1.88,1,0,Defender
Terence Kongolo,90,1,0,44,0,0,1,3,26,1.88,1,1,Defender
Thanawat Suengchitthawon,0,0,0,0,0,0,0,0,20,1.7,0,0,Midfielder
Theo Corbeanu,8,1,0,2,0,0,0,2,18,1.9,0,0,Forward
Theo Walcott,1373,28,2,310,0,0,3,11,26,1.75,1,1,Forward
Theo Walcott,1923,28,2,538,1,0,14,36,27,1.75,1,1,Forward
Theo Walcott,1216,20,3,326,2,0,7,28,28,1.75,0,1,Forward
Theo Walcott,2122,37,2,576,1,0,10,27,29,1.75,1,0,Forward
Theo Walcott,1295,25,3,354,1,0,9,13,30,1.75,1,1,Forward
Theo Walcott,1641,22,3,400,0,0,13,23,31,1.75,1,1,Forward
Thiago,1857,24,0,1720,4,0,48,61,29,1.74,1,1,Midfielder
Thiago Silva,1938,23,0,1940,3,1,13,20,35,1.81,1,1,Defender
Thibaud Verlinden,0,0,0,0,0,0,0,0,17,1.74,0,0,Midfielder
Thibaut Courtois,2020,23,0,523,1,2,2,0,23,2.0,1,1,Goalkeeper
Thibaut Courtois,3240,36,0,792,1,0,1,0,24,2.0,1,1,Goalkeeper
Thibaut Courtois,3150,35,0,983,2,0,2,0,25,2.0,1,1,Goalkeeper
Thomas Partey,1535,24,2,1140,5,0,18,44,27,1.85,1,1,Midfielder
Tiago Ilori,0,0,0,0,0,0,0,0,22,1.9,0,1,Defender
Tiemoué Bakayoko,2123,29,2,1108,3,1,50,64,22,1.89,0,0,Midfielder
Tim Howard,2250,25,0,606,1,0,2,0,36,1.91,0,1,Goalkeeper
Tim Iroegbunam,0,0,0,0,0,0,0,0,17,1.83,0,0,Midfielder
Tim Krul,720,8,0,259,0,0,0,0,27,1.93,1,1,Goalkeeper
Tim Krul,0,0,0,0,0,0,0,0,29,1.93,0,0,Goalkeeper
Tim Krul,3240,36,0,1382,4,0,1,0,31,1.93,1,0,Goalkeeper
Tim Ream,2049,26,0,1053,1,0,12,23,30,1.86,1,0,Defender
Tim Ream,630,7,0,468,0,0,3,12,32,1.86,0,0,Defender
Timm Klose,850,10,0,257,3,0,6,14,27,1.95,1,1,Defender
Timm Klose,585,7,0,393,0,0,8,8,31,1.95,1,0,Defender
Timo Werner,2606,35,8,779,2,0,28,20,24,1.8,1,0,Forward
Timothy Castagne,2347,27,3,1325,1,0,20,52,24,1.85,1,1,Defender
Timothy Eyoma,0,0,0,0,0,0,0,0,18,1.83,0,0,Defender
Timothy Fosu-Mensah,252,8,1,127,1,0,2,12,17,1.85,0,0,Defender
Timothy Fosu-Mensah,94,4,0,41,0,0,3,5,18,1.85,1,0,Defender
Timothy Fosu-Mensah,1594,21,0,612,2,0,18,42,19,1.85,0,1,Defender
Timothy Fosu-Mensah,794,12,0,406,3,0,7,18,20,1.85,1,0,Defender
Timothy Fosu-Mensah,135,3,0,64,1,0,5,1,21,1.85,1,1,Defender
Timothy Fosu-Mensah,81,1,0,66,1,0,1,2,22,1.85,1,1,Defender
Toby Alderweireld,3420,38,2,2076,3,0,9,45,26,1.87,0,1,Defender
Toby Alderweireld,2603,30,0,1522,1,0,9,41,27,1.87,1,0,Defender
Toby Alderweireld,1177,14,0,915,3,0,8,19,28,1.87,1,1,Defender
Toby Alderweireld,2923,34,0,2358,3,0,10,37,29,1.87,0,1,Defender
Toby Alderweireld,2958,33,2,1978,7,0,18,40,30,1.87,0,0,Defender
Toby Alderweireld,2241,25,0,1437,2,0,17,35,31,1.87,1,0,Defender
Todd Cantwell,2501,37,2,1065,6,0,33,51,21,1.8,1,0,Midfielder
Tokelo Rantie,38,3,0,11,0,0,3,3,24,1.72,1,0,Forward
Tom Beadling,0,0,0,0,0,0,0,0,19,1.86,1,0,Midfielder
Tom Cairney,2197,31,1,1373,0,0,9,37,27,1.85,1,1,Midfielder
Tom Cairney,760,10,1,594,2,0,4,9,29,1.85,1,1,Midfielder
Tom Carroll,503,19,0,338,3,0,8,15,23,1.77,1,1,Midfielder
Tom Carroll,1389,18,2,796,1,0,13,30,24,1.77,0,1,Midfielder
Tom Carroll,2568,37,4,1444,3,0,23,53,25,1.77,0,0,Midfielder
Tom Cleverley,1614,22,4,885,1,0,11,47,25,1.75,1,0,Midfielder
Tom Cleverley,1844,27,2,857,4,0,23,42,26,1.75,0,1,Midfielder
Tom Cleverley,1907,23,2,1137,1,1,33,48,27,1.75,1,0,Midfielder
Tom Cleverley,470,13,0,221,2,0,8,17,28,1.75,1,1,Midfielder
Tom Cleverley,966,18,0,430,2,0,16,28,29,1.75,1,1,Midfielder
Tom Davies,97,2,0,49,0,0,2,1,17,1.8,0,0,Midfielder
Tom Davies,1543,24,3,783,4,0,25,36,18,1.8,0,0,Midfielder
Tom Davies,1896,33,1,691,7,0,38,30,19,1.8,0,0,Midfielder
Tom Davies,975,16,0,506,3,0,21,27,20,1.8,0,0,Midfielder
Tom Davies,1424,25,1,697,3,0,26,31,22,1.8,1,0,Midfielder
Tom Dele-Bashiru,0,0,0,0,0,0,0,0,19,1.78,0,0,Midfielder
Tom Heaton,3150,35,0,1127,1,0,0,0,30,1.88,0,0,Goalkeeper
Tom Heaton,306,4,0,94,0,0,0,0,31,1.88,1,0,Goalkeeper
Tom Heaton,1710,19,0,541,3,0,1,0,32,1.88,1,1,Goalkeeper
Tom Heaton,1795,20,0,527,0,0,1,0,33,1.88,1,1,Goalkeeper
Tom Heaton,0,0,0,0,0,0,0,0,34,1.88,0,1,Goalkeeper
Tom Huddlestone,2024,31,0,1242,5,1,33,34,29,1.88,0,0,Midfielder
Tom Trybull,1135,16,0,615,2,0,26,39,26,1.81,1,0,Midfielder
Tomas Soucek,1041,13,0,394,0,0,11,29,24,1.92,1,0,Midfielder
Tomas Soucek,3420,38,1,1607,7,1,69,78,25,1.92,0,1,Midfielder
Tomer Hemed,847,16,2,234,0,0,10,7,30,1.82,0,0,Forward
Tommie Hoban,0,0,0,0,0,0,0,0,21,1.88,1,0,Defender
Tommie Hoban,0,0,0,0,0,0,0,0,22,1.88,1,1,Defender
Tommy Doyle,15,1,0,20,0,0,0,0,17,1.72,0,0,Midfielder
Tommy Doyle,0,0,0,0,0,0,0,0,18,1.72,0,0,Midfielder
Tommy Elphick,1012,12,0,457,1,0,10,11,27,1.88,1,0,Defender
Toni Martínez,0,0,0,0,0,0,0,0,20,1.87,0,0,Forward
Tony Andreu,0,0,0,0,0,0,0,0,27,1.78,0,1,Midfielder
Tony Hibbert,44,1,0,17,0,0,0,1,34,1.73,0,1,Defender
Tosin Adarabioyo,0,0,0,0,0,0,0,0,18,1.96,0,0,Defender
Tosin Adarabioyo,0,0,0,0,0,0,0,0,19,1.96,0,0,Defender
Tosin Adarabioyo,2954,33,0,1905,1,0,16,37,22,1.96,0,0,Defender
Trent Alexander-Arnold,162,7,0,71,0,0,1,4,17,1.8,0,0,Defender
Trent Alexander-Arnold,1576,19,1,1007,3,0,12,37,18,1.8,0,0,Defender
Trent Alexander-Arnold,2467,29,12,1697,3,0,14,61,19,1.8,1,0,Defender
Trent Alexander-Arnold,3176,38,13,2440,5,0,22,55,20,1.8,0,1,Defender
Trent Alexander-Arnold,3033,36,7,2381,2,0,21,56,21,1.8,1,0,Defender
Troy Deeney,3291,38,7,1290,6,0,50,49,27,1.84,0,0,Forward
Troy Deeney,2941,37,4,841,7,0,43,20,28,1.84,0,0,Forward
Troy Deeney,1839,29,2,542,1,1,24,15,29,1.84,1,0,Forward
Troy Deeney,2548,32,5,827,4,1,42,24,30,1.84,1,1,Forward
Troy Deeney,2234,27,2,709,3,0,37,19,31,1.84,1,1,Forward
Troy Parrott,5,2,0,4,0,0,0,0,17,1.85,0,0,Forward
Tudor Baluta,0,0,0,0,0,0,0,0,20,1.92,0,0,Defender
Tyler Onyango,0,0,0,0,0,0,0,0,17,1.9,1,0,Midfielder
Tyreece John-Jules,0,0,0,0,0,0,0,0,18,1.83,0,0,Forward
Tyrese Francois,14,1,0,13,0,0,0,0,20,1.73,0,0,Midfielder
Tyrick Mitchell,193,4,0,94,1,0,1,5,19,1.75,1,0,Defender
Tyrick Mitchell,1710,19,1,599,1,0,8,64,20,1.75,0,1,Defender
Tyrone Mings,11,1,0,3,0,0,0,0,22,1.96,1,0,Defender
Tyrone Mings,505,7,0,303,0,0,7,10,23,1.96,0,1,Defender
Tyrone Mings,201,4,0,113,1,0,2,1,24,1.96,1,0,Defender
Tyrone Mings,140,5,0,87,0,0,0,4,25,1.96,0,1,Defender
Tyrone Mings,2903,33,2,1384,7,0,20,15,26,1.96,1,0,Defender
Tyrone Mings,3195,36,2,1679,4,1,21,32,27,1.96,0,1,Defender
Uwe Hünemeier,17,1,0,4,0,0,0,0,31,1.89,0,1,Defender
Vadis Odjidja-Ofoe,275,10,2,135,2,0,5,9,26,1.85,0,1,Midfielder
Valentino Lazaro,474,13,0,170,0,1,3,13,23,1.8,0,0,Midfielder
Valon Behrami,1279,21,1,508,3,1,33,66,30,1.84,1,0,Midfielder
Valon Behrami,2036,27,0,732,7,0,30,73,31,1.84,1,1,Midfielder
Vicente Guaita,1755,20,0,499,2,0,1,0,31,1.9,1,1,Goalkeeper
Vicente Guaita,3150,35,0,884,1,0,0,0,32,1.9,1,1,Goalkeeper
Vicente Guaita,3330,37,0,921,2,0,0,0,33,1.9,0,1,Goalkeeper
Vicente Iborra,1414,19,0,857,0,0,19,23,29,1.9,1,0,Midfielder
Vicente Iborra,225,8,0,147,0,0,6,3,30,1.9,0,1,Midfielder
Victor Anichebe,364,10,0,108,0,0,2,2,27,1.9,0,0,Forward
Victor Anichebe,1216,18,0,366,2,0,27,9,28,1.9,1,0,Forward
Victor Lindelöf,1281,17,0,751,1,0,10,17,23,1.87,0,0,Defender
Victor Lindelöf,2602,30,1,1490,1,0,19,40,24,1.87,1,0,Defender
Victor Lindelöf,3093,35,0,2094,6,0,22,29,25,1.87,1,1,Defender
Victor Lindelöf,2586,29,1,1866,0,0,24,22,26,1.87,1,1,Defender
Victor Moses,980,21,2,280,0,0,17,13,24,1.77,1,1,Midfielder
Victor Moses,2498,34,2,1010,4,0,28,47,25,1.77,1,1,Midfielder
Victor Moses,2119,28,3,833,3,0,23,37,26,1.77,1,1,Midfielder
Victor Moses,26,2,0,13,0,0,1,0,27,1.77,1,1,Midfielder
Victor Wanyama,2499,30,1,1352,4,3,50,94,24,1.84,0,1,Midfielder
Victor Wanyama,3015,36,1,1971,10,0,66,90,25,1.84,0,0,Midfielder
Victor Wanyama,838,18,0,617,2,0,13,30,26,1.84,1,0,Midfielder
Victor Wanyama,509,13,0,326,2,0,10,13,27,1.84,1,1,Midfielder
Victor Wanyama,23,2,0,19,1,0,1,0,28,1.84,1,1,Midfielder
Viktor Fischer,436,13,3,146,0,0,1,3,22,1.81,1,1,Forward
Viktor Gyökeres,0,0,0,0,0,0,0,0,20,1.87,0,0,Forward
Vincent Janssen,829,27,2,225,0,0,31,15,22,1.84,1,0,Forward
Vincent Janssen,0,1,0,0,0,0,1,0,23,1.84,1,1,Forward
Vincent Janssen,36,3,0,9,0,0,2,2,24,1.84,1,1,Forward
Vincent Kompany,1179,14,0,678,5,0,15,20,29,1.9,0,0,Defender
Vincent Kompany,822,11,0,557,5,0,19,15,30,1.9,1,0,Defender
Vincent Kompany,1396,17,1,1429,6,0,18,20,31,1.9,1,1,Defender
Vincent Kompany,1223,17,0,1227,6,0,17,16,32,1.9,1,1,Defender
Virgil van Dijk,3060,34,0,1388,2,0,28,59,24,1.93,0,0,Defender
Virgil van Dijk,1854,21,0,980,3,1,18,39,25,1.93,1,0,Defender
Virgil van Dijk,2253,26,0,1770,1,0,14,25,26,1.93,1,1,Defender
Virgil van Dijk,3385,38,2,3037,1,0,12,38,27,1.93,1,1,Defender
Virgil van Dijk,3420,38,1,3259,1,0,16,23,28,1.93,0,1,Defender
Virgil van Dijk,371,5,0,341,1,0,4,3,29,1.93,1,0,Defender
Vitinha,511,19,1,330,0,0,8,7,20,1.72,0,1,Midfielder
Vito Mannone,1710,19,0,559,2,0,0,0,27,1.89,0,0,Goalkeeper
Vito Mannone,810,9,0,244,0,0,0,0,28,1.89,1,0,Goalkeeper
Vladimir Coufal,3055,34,7,1279,3,0,29,73,27,1.79,0,0,Defender
Vontae Daley-Campbell,0,0,0,0,0,0,0,0,19,1.83,0,0,Defender
Vurnon Anita,2107,28,3,990,6,0,29,74,26,1.69,1,0,Midfielder
Víctor Camarasa,2579,32,4,885,6,0,23,28,24,1.83,1,1,Midfielder
Víctor Camarasa,5,1,0,3,0,0,0,0,25,1.83,1,1,Midfielder
Víctor Ibarbo,64,4,0,21,0,0,2,2,25,1.88,0,1,Forward
Víctor Valdés,2520,28,0,888,1,0,0,0,34,1.83,0,1,Goalkeeper
Wahbi Khazri,1076,14,1,327,3,0,18,27,24,1.76,0,0,Midfielder
Wahbi Khazri,838,21,0,318,6,0,20,10,25,1.76,0,0,Midfielder
Wayne Hennessey,2610,29,0,758,1,0,0,0,28,1.97,1,0,Goalkeeper
Wayne Hennessey,2610,29,0,809,1,0,0,0,29,1.97,0,1,Goalkeeper
Wayne Hennessey,2430,27,0,689,1,0,0,0,30,1.97,1,0,Goalkeeper
Wayne Hennessey,1575,18,0,450,0,0,0,0,31,1.97,1,1,Goalkeeper
Wayne Hennessey,270,3,0,97,0,0,0,0,32,1.97,0,1,Goalkeeper
Wayne Hennessey,0,0,0,0,0,0,0,0,33,1.97,1,0,Goalkeeper
Wayne Rooney,2409,28,6,1144,4,0,28,29,29,1.76,1,1,Forward
Wayne Rooney,1538,25,5,779,8,0,23,21,30,1.76,1,1,Forward
Wayne Rooney,2286,31,2,1162,5,0,35,28,31,1.76,1,1,Forward
Wayne Routledge,1680,28,1,651,3,0,30,23,30,1.7,1,0,Midfielder
Wayne Routledge,1928,27,1,561,1,0,28,22,31,1.7,0,1,Midfielder
Wayne Routledge,421,15,0,160,1,0,9,10,32,1.7,0,0,Midfielder
Wes Foderingham,0,0,0,0,0,0,0,0,29,1.85,0,0,Goalkeeper
Wes Hoolahan,2004,30,8,1113,1,0,19,27,33,1.68,0,0,Midfielder
Wes Morgan,3420,38,0,818,3,0,27,51,31,1.85,0,0,Defender
Wes Morgan,2430,27,0,653,3,0,20,27,32,1.85,1,0,Defender
Wes Morgan,2818,32,0,913,4,0,31,35,33,1.85,0,1,Defender
Wes Morgan,1926,22,0,892,1,2,18,27,34,1.85,0,0,Defender
Wes Morgan,429,11,0,245,0,0,4,4,35,1.85,1,0,Defender
Wes Morgan,15,3,0,5,0,0,0,0,36,1.85,1,1,Defender
Wesley,1790,21,1,367,3,0,43,15,22,1.91,1,0,Forward
Wesley,15,3,0,4,0,0,0,0,23,1.91,1,1,Forward
Wesley Fofana,2265,28,0,1688,7,0,37,51,19,1.9,1,1,Defender
Wesley Hoedt,2520,28,1,1323,7,0,22,60,23,1.88,0,0,Defender
Wesley Hoedt,1170,13,0,621,2,0,15,28,24,1.88,1,0,Defender
Wilfred Ndidi,1522,17,1,689,0,0,27,68,19,1.83,0,0,Midfielder
Wilfred Ndidi,2899,33,3,1684,6,2,60,138,20,1.83,1,0,Midfielder
Wilfred Ndidi,3298,38,0,1984,8,0,46,143,21,1.83,1,1,Midfielder
Wilfred Ndidi,2674,32,1,1669,6,0,56,128,22,1.83,1,1,Midfielder
Wilfred Ndidi,2179,26,4,1432,6,0,54,96,23,1.83,1,1,Midfielder
Wilfried Bony,1222,26,3,408,1,0,17,9,26,1.83,1,1,Forward
Wilfried Bony,690,10,0,212,1,0,11,5,27,1.83,0,1,Forward
Wilfried Bony,703,15,0,208,2,0,7,5,28,1.83,1,0,Forward
Wilfried Zaha,2492,34,1,554,5,0,40,46,22,1.8,0,0,Forward
Wilfried Zaha,3025,35,9,696,8,0,55,76,23,1.8,0,0,Forward
Wilfried Zaha,2550,29,3,623,5,0,45,30,24,1.8,1,0,Forward
Wilfried Zaha,3043,34,5,1006,8,1,44,39,25,1.8,1,1,Forward
Wilfried Zaha,3280,38,3,1094,5,0,48,43,26,1.8,1,1,Forward
Wilfried Zaha,2613,30,2,734,6,0,32,26,27,1.8,1,1,Forward
Will Ferry,0,0,0,0,0,0,0,0,18,1.75,0,0,Midfielder
Will Ferry,0,0,0,0,0,0,0,0,19,1.75,0,0,Midfielder
Will Hughes,2262,30,1,840,9,0,53,75,24,1.85,1,1,Midfielder
Will Keane,4,1,0,0,0,0,0,0,22,1.88,1,0,Forward
Will Norris,0,1,0,0,0,0,0,0,24,1.9,0,0,Goalkeeper
Will Norris,180,2,0,56,0,0,0,0,26,1.9,0,0,Goalkeeper
William Osula,0,0,0,0,0,0,0,0,16,1.86,0,0,Forward
Willian,2750,35,6,1500,5,0,27,42,26,1.75,0,0,Forward
Willian,1529,34,2,777,3,0,12,19,27,1.75,0,0,Forward
Willian,1883,36,7,924,1,0,10,22,28,1.75,1,0,Forward
Willian,2109,32,6,1230,2,0,12,35,29,1.75,0,1,Forward
Willian,2604,36,7,1436,4,0,17,45,30,1.75,1,0,Forward
Willian,1406,25,5,677,0,0,5,13,31,1.75,1,1,Forward
Willian José,1115,17,0,298,0,0,8,2,28,1.89,0,0,Forward
Willy Boly,3169,36,0,1715,2,1,29,85,27,1.95,0,0,Defender
Willy Boly,1980,22,1,984,1,1,24,57,28,1.95,1,0,Defender
Willy Boly,1880,21,1,1036,2,0,15,33,29,1.95,1,1,Defender
Willy Caballero,310,4,0,85,0,0,0,0,33,1.86,0,0,Goalkeeper
Willy Caballero,1451,17,0,391,0,0,0,0,34,1.86,0,0,Goalkeeper
Willy Caballero,270,3,0,88,0,0,0,0,35,1.86,0,0,Goalkeeper
Willy Caballero,180,2,0,54,0,0,0,0,36,1.86,0,0,Goalkeeper
Willy Caballero,450,5,0,147,0,0,0,0,37,1.86,0,0,Goalkeeper
Willy Caballero,90,1,0,24,0,0,0,0,38,1.86,0,0,Goalkeeper
Winston Reid,2136,24,1,833,5,0,23,45,27,1.91,1,1,Defender
Winston Reid,2590,30,2,983,8,1,31,32,28,1.91,1,1,Defender
Winston Reid,1454,17,0,659,5,0,14,11,29,1.91,1,1,Defender
Winston Reid,0,0,0,0,0,0,0,0,31,1.91,1,1,Defender
Xande Silva,17,1,0,4,0,0,0,0,21,1.77,0,1,Forward
Xande Silva,0,0,0,0,0,0,0,0,22,1.77,0,0,Forward
Xherdan Shaqiri,2028,27,6,639,3,0,25,19,23,1.69,1,1,Midfielder
Xherdan Shaqiri,1709,21,2,609,2,0,16,11,24,1.69,1,1,Midfielder
Xherdan Shaqiri,3049,36,7,1055,5,0,28,25,25,1.69,1,1,Midfielder
Xherdan Shaqiri,1057,24,3,639,2,0,9,14,26,1.69,1,1,Midfielder
Xherdan Shaqiri,181,7,0,97,0,0,1,1,27,1.69,1,1,Midfielder
Xherdan Shaqiri,551,14,2,399,2,0,11,7,28,1.69,1,1,Midfielder
Yan Valery,1714,23,1,399,3,1,27,42,19,1.8,0,0,Defender
Yan Valery,784,11,0,222,1,0,7,20,20,1.8,0,0,Defender
Yan Valery,101,3,0,45,0,0,1,5,21,1.8,0,0,Defender
Yann Kermorgant,167,7,0,59,0,0,0,0,33,1.84,0,0,Forward
Yann M Vila,3189,37,4,1679,1,0,18,99,25,1.83,0,0,Midfielder
Yannick Bolasie,2076,26,3,506,2,0,25,26,26,1.85,1,0,Forward
Yannick Bolasie,1052,14,4,291,3,0,24,18,27,1.85,1,1,Forward
Yannick Bolasie,854,16,0,210,0,0,12,8,28,1.85,0,1,Forward
Yaya Touré,2331,32,5,1838,3,0,27,43,32,1.88,1,0,Midfielder
Yaya Touré,1947,25,0,1798,4,0,26,42,33,1.88,0,1,Midfielder
Yaya Touré,228,10,2,416,1,0,5,2,34,1.88,0,0,Midfielder
Yerry Mina,890,13,0,504,3,0,13,14,23,1.95,1,1,Defender
Yerry Mina,2282,29,1,1361,3,0,20,39,24,1.95,1,1,Defender
Yerry Mina,1939,24,0,1257,2,0,22,21,25,1.95,1,1,Defender
Yoan Gouffran,223,8,0,92,0,0,3,6,29,1.75,0,0,Midfielder
Yohan Benalouane,64,4,0,14,1,0,3,0,28,1.85,0,0,Defender
Yohan Benalouane,921,11,0,188,4,0,15,17,29,1.85,0,0,Defender
Yohan Benalouane,90,1,0,27,0,0,1,7,30,1.85,0,0,Defender
Yohan Cabaye,2701,33,1,1269,7,0,38,107,29,1.73,0,1,Midfielder
Yohan Cabaye,2131,32,3,984,7,0,31,60,30,1.73,1,0,Midfielder
Yohan Cabaye,2387,31,1,1293,7,0,35,70,31,1.73,1,1,Midfielder
Yoshinori Muto,516,17,0,113,1,0,13,8,26,1.78,1,1,Forward
Yoshinori Muto,207,8,0,32,0,0,2,3,27,1.78,1,1,Forward
Youri Tielemans,1092,13,4,641,2,0,10,17,21,1.76,0,1,Midfielder
Youri Tielemans,2834,37,6,1780,2,0,32,52,22,1.76,0,0,Midfielder
Youri Tielemans,3358,38,4,2482,6,0,37,86,23,1.76,0,0,Midfielder
Youssouf Mulumbu,370,7,0,157,1,0,5,21,28,1.77,1,0,Midfielder
Yves Bissouma,1769,28,0,715,5,0,40,62,21,1.82,1,0,Midfielder
Yves Bissouma,1262,22,0,619,4,0,31,49,22,1.82,0,1,Midfielder
Yves Bissouma,3114,36,0,1685,8,1,55,104,23,1.82,0,0,Midfielder
Zack Steffen,90,1,0,26,0,0,1,0,25,1.91,1,1,Goalkeeper
Zak Brunt,0,0,0,0,0,0,0,0,18,1.76,0,0,Midfielder
Zanka,3420,38,2,1561,6,0,45,55,27,1.89,0,0,Defender
Zanka,2148,24,1,1173,6,0,33,49,28,1.89,0,0,Defender
Zlatan Ibrahimovic,2437,28,5,1041,7,0,54,10,34,1.95,0,0,Forward
Zlatan Ibrahimovic,102,5,0,76,0,0,1,2,35,1.95,0,0,Forward
Alvaro Arbeloa,256,3,0,104,3,0,5,5,33,1.84,1,1,Defender
Alvaro Morata,2065,31,6,576,7,0,41,13,24,1.87,1,1,Forward
Alvaro Morata,943,16,0,229,3,0,19,8,25,1.87,1,1,Forward
Alvaro Negredo,2879,36,4,862,5,0,45,18,30,1.86,0,0,Forward
Éder,267,13,0,86,0,0,11,4,27,1.9,1,0,Forward
