Minutes,Appearances,Assists,Passes,Yellow cards,Red cards,Fouls,Tackles,Age,Height,Injured,Recovering,Position_Forward,Position_Goalkeeper,Position_Midfielder
1259,24,1,146,0,0,16,7,19,1.75,1,1,True,False,False
790,17,1,92,0,0,6,6,20,1.75,1,1,True,False,False
3315,37,4,1377,1,0,22,38,25,1.7,0,0,False,False,False
2119,26,2,758,2,1,11,21,26,1.7,1,0,False,False,False
3072,36,7,1299,7,0,20,34,27,1.7,0,1,False,False,False
1589,20,1,812,1,0,2,29,28,1.7,1,0,False,False,False
2730,31,0,1251,7,0,16,43,29,1.7,1,1,False,False,False
1539,25,0,477,1,0,13,35,28,1.65,0,0,False,False,True
509,11,1,134,0,0,1,13,29,1.65,0,0,False,False,True
1916,29,2,468,2,0,21,37,30,1.65,1,0,False,False,True
1216,16,1,277,1,0,12,26,31,1.65,1,1,False,False,True
485,16,0,118,4,0,10,14,32,1.65,0,1,False,False,True
3067,36,3,1902,5,0,26,102,26,1.74,1,0,False,False,True
2327,29,1,1278,4,0,26,62,27,1.74,1,1,False,False,True
2089,31,2,970,1,1,13,37,28,1.74,0,1,False,False,True
0,0,0,0,0,0,0,0,18,1.9,0,0,False,True,False
0,0,0,0,0,0,0,0,19,1.9,0,0,False,True,False
3330,37,1,945,0,0,0,0,21,1.9,0,0,False,True,False
3420,38,0,1019,1,0,1,0,22,1.9,0,0,False,True,False
2622,31,4,2154,4,0,47,78,24,1.82,0,0,False,False,True
1229,23,4,920,3,0,15,21,25,1.82,0,0,False,False,True
1847,24,8,1239,0,0,28,35,26,1.82,0,0,False,False,True
1325,28,6,773,0,0,21,34,27,1.82,1,0,False,False,True
69,2,0,20,0,0,2,1,17,1.68,0,0,False,False,True
0,0,0,0,0,0,0,0,18,1.83,0,0,False,False,False
628,7,0,203,1,0,2,29,19,1.83,0,0,False,False,False
3135,35,3,1165,4,1,23,129,20,1.83,1,0,False,False,False
3071,35,4,1651,8,0,21,129,21,1.83,1,1,False,False,False
3060,34,4,1806,3,0,31,88,22,1.83,0,1,False,False,False
219,5,1,98,1,0,4,5,20,1.86,0,1,False,False,True
48,2,0,8,0,0,0,2,21,1.86,1,0,False,False,True
1358,20,0,833,4,0,12,17,23,1.83,0,0,False,False,True
3325,37,3,2244,10,0,44,79,24,1.83,0,0,False,False,True
3062,35,6,1942,7,0,36,71,25,1.83,1,0,False,False,True
3166,37,2,1678,9,0,51,64,26,1.83,0,1,False,False,True
2452,29,3,1341,6,0,23,52,27,1.83,1,0,False,False,True
1427,24,3,252,0,0,19,7,25,1.85,1,0,True,False,False
687,13,0,226,2,0,24,8,23,1.77,0,1,True,False,False
309,11,0,112,1,1,9,2,25,1.77,0,0,True,False,False
0,0,0,0,0,0,0,0,21,1.86,1,1,True,False,False
0,0,0,0,0,0,0,0,22,1.86,1,1,True,False,False
2806,34,2,1450,10,0,52,79,27,1.75,0,0,False,False,True
495,6,0,108,0,0,0,0,30,1.88,1,0,False,True,False
180,2,0,54,1,0,0,0,31,1.88,1,1,False,True,False
2700,34,1,1353,4,0,33,62,24,1.75,0,0,False,False,True
218,12,0,48,0,0,2,2,18,1.9,1,0,True,False,False
2114,30,6,989,2,0,27,59,27,1.72,0,0,False,False,True
2348,31,7,1407,3,0,17,51,28,1.72,1,0,False,False,True
236,12,0,220,1,0,4,3,29,1.72,1,1,False,False,True
464,13,0,302,1,0,4,16,30,1.72,1,1,False,False,True
373,15,1,266,1,0,7,19,31,1.72,0,1,False,False,True
1588,30,1,923,0,0,18,28,32,1.72,1,0,False,False,True
0,0,0,0,0,0,0,0,30,1.9,0,0,False,True,False
1003,14,1,436,5,0,17,30,24,1.91,0,0,False,False,False
1818,26,0,697,3,0,26,38,25,1.91,0,0,False,False,False
36,1,0,13,0,0,0,2,23,1.78,1,1,False,False,False
0,0,0,0,0,0,0,0,23,1.85,0,0,False,False,True
2095,31,0,911,5,0,33,71,24,1.74,0,0,False,False,False
3099,36,5,1452,6,0,45,85,25,1.74,0,0,False,False,False
2067,27,3,912,6,0,23,49,26,1.74,1,0,False,False,False
2073,25,1,872,5,1,18,46,27,1.74,1,1,False,False,False
2061,24,1,841,7,0,25,47,28,1.74,1,1,False,False,False
2670,31,1,1880,4,0,13,30,24,1.9,1,1,False,False,False
2595,29,0,1838,4,0,24,29,25,1.9,1,1,False,False,False
551,12,0,147,1,0,7,6,22,1.84,0,1,True,False,False
1168,22,0,321,1,0,19,25,26,1.83,0,0,True,False,False
186,10,1,30,1,0,4,1,19,1.78,1,0,True,False,False
2604,37,9,713,1,0,39,33,23,1.78,1,1,True,False,False
287,8,0,94,0,0,4,5,18,1.74,0,0,True,False,False
152,7,1,45,0,0,5,1,19,1.74,0,0,True,False,False
601,21,2,253,0,0,8,15,20,1.74,1,0,True,False,False
2756,34,4,1049,5,0,46,35,22,1.74,1,1,True,False,False
417,18,2,251,2,0,13,13,29,1.78,0,0,False,False,True
857,17,1,393,2,0,20,22,30,1.78,0,0,False,False,True
144,5,0,42,1,0,5,1,20,1.86,1,0,False,False,True
1630,25,3,356,3,1,26,17,21,1.86,1,1,False,False,True
256,3,0,117,0,0,3,4,28,1.79,0,0,False,False,False
561,7,0,244,0,0,4,17,29,1.79,1,0,False,False,False
2208,28,0,961,4,0,32,45,30,1.79,0,1,False,False,False
1921,26,0,882,3,0,19,35,31,1.79,0,0,False,False,False
1509,20,0,462,4,1,20,20,32,1.79,0,0,False,False,False
761,12,1,433,3,0,9,22,28,1.75,1,1,False,False,True
88,2,0,79,0,0,0,2,29,1.75,0,1,False,False,True
2880,32,0,853,1,1,1,0,28,1.9,1,0,False,True,False
1440,16,0,417,1,0,0,0,29,1.9,0,1,False,True,False
1710,19,0,520,2,0,1,0,30,1.9,0,0,False,True,False
0,0,0,0,0,0,0,0,31,1.9,0,0,False,True,False
873,11,0,260,1,0,0,0,32,1.9,0,0,False,True,False
270,3,0,80,0,0,0,0,33,1.9,0,0,False,True,False
0,0,0,0,0,0,0,0,19,1.7,0,0,False,False,True
752,21,0,214,1,0,13,13,23,1.71,0,0,True,False,False
0,0,0,0,0,0,0,0,24,1.71,0,0,True,False,False
0,0,0,0,0,0,0,0,29,1.8,1,1,False,False,True
82,3,0,51,0,0,1,2,18,1.78,0,0,False,False,True
0,0,0,0,0,0,0,0,19,1.78,0,0,False,False,True
1,1,0,4,0,0,0,1,18,1.8,0,0,False,False,True
907,15,0,536,1,0,10,25,19,1.8,0,0,False,False,True
985,16,1,451,1,1,8,33,20,1.8,1,0,False,False,True
1382,20,2,840,4,1,15,41,21,1.8,0,1,False,False,True
1718,26,0,648,2,0,16,33,22,1.8,0,0,False,False,True
0,1,0,0,0,0,0,0,20,1.88,0,0,False,False,False
2330,28,1,843,6,1,28,55,30,1.85,0,1,False,False,False
121,2,0,32,0,0,3,5,28,1.85,0,0,False,False,True
2546,32,4,1323,3,0,29,92,23,1.71,0,0,False,False,False
295,12,1,182,1,0,2,6,24,1.71,0,0,False,False,False
1264,16,0,783,1,0,8,35,25,1.71,1,0,False,False,False
156,2,0,105,0,0,1,3,26,1.71,1,1,False,False,False
668,10,0,199,2,0,17,7,25,1.83,0,0,True,False,False
130,9,0,15,0,0,6,1,22,1.83,0,0,True,False,False
0,0,0,0,0,0,0,0,18,1.73,0,0,False,False,True
76,4,0,97,0,0,0,3,19,1.73,0,0,False,False,True
766,11,0,337,2,0,7,13,26,1.86,0,1,False,False,False
2281,29,3,1361,3,0,20,34,29,1.87,0,1,False,False,False
2533,29,1,1859,6,0,34,47,30,1.87,0,0,False,False,False
65,3,0,51,0,0,1,3,32,1.8,1,0,True,False,False
0,0,0,0,0,0,0,0,30,1.8,0,1,False,False,False
0,0,0,0,0,0,0,0,19,1.73,0,0,False,False,False
630,13,2,368,0,0,3,8,19,1.83,0,0,True,False,False
1462,26,3,896,1,0,7,19,20,1.83,1,0,True,False,False
1844,26,5,1137,1,0,11,19,21,1.83,0,1,True,False,False
1968,35,6,951,0,0,8,28,22,1.83,1,0,True,False,False
1601,25,0,557,0,0,12,25,23,1.83,1,1,True,False,False
1540,30,2,595,0,0,13,27,24,1.83,0,1,True,False,False
630,7,0,204,0,0,0,0,25,1.93,0,0,False,True,False
0,0,0,0,0,0,0,0,26,1.93,1,0,False,True,False
924,22,0,439,0,0,11,23,21,1.75,1,1,False,False,True
1562,29,7,774,1,0,30,37,22,1.75,1,1,False,False,True
1725,35,7,836,3,0,17,37,23,1.75,1,1,False,False,True
19,2,0,13,0,0,0,1,24,1.75,1,1,False,False,True
1490,30,1,701,1,0,17,18,25,1.75,1,1,False,False,True
244,13,1,131,0,0,3,4,26,1.75,1,1,False,False,True
0,0,0,0,0,0,0,0,19,1.8,0,0,False,False,False
66,3,0,25,0,0,2,4,22,1.68,1,0,False,False,True
1002,14,1,344,1,0,5,19,24,1.68,0,0,False,False,True
2091,48,1,1266,3,0,20,59,25,1.68,1,0,False,False,True
0,0,0,0,0,0,0,0,28,1.89,1,0,False,True,False
691,9,2,458,0,0,4,14,27,1.81,0,0,False,False,False
0,0,0,0,0,0,0,0,39,1.89,0,0,False,True,False
1952,23,0,1064,10,0,39,48,29,1.81,1,0,False,False,True
2351,30,1,1293,5,0,21,23,33,1.81,1,0,False,False,True
0,0,0,0,0,0,0,0,17,1.85,0,0,False,False,True
3,2,0,3,0,1,1,2,18,1.85,0,0,False,False,True
2211,32,4,722,1,0,28,24,26,1.76,1,1,True,False,False
2502,35,8,771,2,0,51,35,27,1.76,1,1,True,False,False
1879,30,4,505,8,0,44,31,28,1.76,1,1,True,False,False
1929,31,2,514,3,0,37,18,29,1.76,0,1,True,False,False
131,2,0,27,0,0,2,3,25,1.8,1,0,True,False,False
351,9,0,98,0,0,4,9,20,1.74,0,0,False,False,True
1114,21,1,396,1,0,19,26,21,1.74,1,0,False,False,True
2445,30,4,1434,1,0,32,47,26,1.68,0,0,True,False,False
3223,38,10,1643,6,0,49,53,27,1.68,0,0,True,False,False
2556,31,6,1455,5,0,31,41,28,1.68,1,0,True,False,False
0,0,0,0,0,0,0,0,16,1.89,0,0,False,False,True
2430,27,0,1218,1,0,10,29,22,1.89,0,0,False,False,False
3420,38,1,1744,3,0,19,32,23,1.89,0,0,False,False,False
1129,15,0,477,2,0,6,11,24,1.89,1,0,False,False,False
0,0,0,0,0,0,0,0,18,1.88,0,0,False,True,False
0,0,0,0,0,0,0,0,19,1.88,0,0,False,True,False
0,0,0,0,0,0,0,0,20,1.88,0,0,False,True,False
1278,15,0,563,7,0,34,37,26,1.9,0,1,False,False,True
0,0,0,0,0,0,0,0,28,1.93,0,0,False,False,False
0,0,0,0,0,0,0,0,18,1.87,0,0,False,False,False
0,0,0,0,0,0,0,0,19,1.87,0,0,False,False,False
1022,19,0,277,2,0,19,32,24,1.81,1,1,True,False,False
307,10,0,112,0,0,2,8,25,1.81,1,1,True,False,False
518,21,1,232,3,0,7,9,26,1.81,1,1,True,False,False
3420,38,0,1076,1,0,0,0,25,1.91,0,1,False,True,False
2545,29,1,805,0,1,1,0,26,1.91,1,0,False,True,False
2970,33,0,988,1,0,1,0,27,1.91,1,1,False,True,False
2052,24,0,1055,6,0,37,80,29,1.75,1,1,False,False,True
1874,26,4,431,0,0,18,13,22,1.73,1,1,True,False,False
1567,25,4,417,0,0,10,16,23,1.73,1,1,True,False,False
12,1,0,1,0,0,0,0,18,1.93,0,0,False,False,False
1982,32,0,938,4,0,38,83,28,1.81,0,0,False,False,True
3240,36,0,838,2,0,0,0,27,1.95,0,0,False,True,False
1603,18,0,647,3,1,13,26,27,1.86,0,1,False,False,False
167,3,1,63,0,0,2,3,18,1.73,0,0,True,False,False
1532,27,2,1097,4,0,28,56,25,1.82,0,1,False,False,True
2466,31,6,2089,5,1,47,84,26,1.82,0,0,False,False,True
1259,26,2,1043,5,0,28,56,27,1.82,1,0,False,False,True
1404,22,3,980,4,0,21,54,28,1.82,1,1,False,False,True
0,0,0,0,0,0,0,0,31,1.93,0,0,False,True,False
0,0,0,0,0,0,0,0,33,1.93,0,0,False,True,False
163,9,0,38,0,0,2,3,21,1.85,0,0,True,False,False
2267,32,3,372,2,0,17,10,25,1.78,0,0,True,False,False
57,2,0,23,0,0,0,2,17,1.8,0,0,False,False,True
823,10,0,307,1,0,3,19,22,1.86,1,0,False,False,False
1329,16,2,550,2,0,13,28,28,1.95,1,0,False,False,False
2071,27,0,1349,0,0,8,26,21,1.88,1,1,False,False,False
615,8,0,458,1,0,8,10,22,1.88,1,1,False,False,False
1752,21,0,1307,5,0,17,38,23,1.88,1,1,False,False,False
1371,17,0,1141,2,1,9,11,24,1.88,1,1,False,False,False
80,4,0,49,2,0,2,1,19,1.78,0,0,False,False,True
594,15,1,353,5,0,12,8,22,1.78,0,1,False,False,True
1489,25,3,703,3,0,27,24,23,1.78,0,0,False,False,True
0,0,0,0,0,0,0,0,19,1.88,0,0,False,True,False
22,2,0,11,0,0,1,1,24,1.77,0,0,True,False,False
51,1,0,14,0,0,0,2,18,1.72,0,0,False,False,False
2735,33,2,1231,5,0,18,53,22,1.78,1,0,False,False,False
1943,22,5,1421,2,0,15,31,23,1.78,0,1,False,False,False
3219,36,11,2396,4,0,18,80,24,1.78,1,0,False,False,False
3113,36,12,2492,2,0,18,54,25,1.78,1,1,False,False,False
3386,38,7,2680,2,0,23,46,26,1.78,1,1,False,False,False
3420,38,3,2287,4,0,26,51,28,1.78,0,0,False,False,True
1802,22,1,1318,1,1,17,15,29,1.78,1,0,False,False,True
1852,25,5,1177,2,0,9,16,30,1.78,0,1,False,False,True
1438,18,0,838,2,0,7,11,31,1.78,1,0,False,False,True
233,5,0,127,1,0,1,4,32,1.78,1,1,False,False,True
459,9,0,203,2,0,8,4,28,1.89,1,1,True,False,False
985,23,1,403,2,0,16,13,29,1.89,1,1,True,False,False
362,15,1,135,3,0,8,5,30,1.89,1,1,True,False,False
1153,16,2,392,0,0,7,29,24,1.81,0,0,False,False,True
2526,36,4,685,4,0,18,77,25,1.81,0,0,False,False,True
3129,36,7,1023,3,0,10,60,26,1.81,0,0,False,False,True
3018,38,4,1027,1,0,10,62,27,1.81,0,0,False,False,True
1289,24,1,393,0,0,9,34,28,1.81,1,0,False,False,True
2258,34,5,703,0,0,28,78,29,1.81,0,1,False,False,True
1986,27,1,1200,7,0,49,39,25,1.88,1,1,False,False,True
1460,19,1,851,6,0,38,22,26,1.88,1,1,False,False,True
1569,28,1,876,3,0,35,35,27,1.88,1,1,False,False,True
1651,24,0,523,2,0,17,29,27,1.84,1,1,False,False,True
453,12,0,136,2,0,11,4,29,1.93,0,1,True,False,False
381,18,0,136,1,0,12,3,31,1.93,1,1,True,False,False
0,0,0,0,0,0,0,0,35,1.93,0,0,False,True,False
0,0,0,0,0,0,0,0,36,1.93,0,0,False,True,False
2,1,0,13,0,0,0,0,15,1.68,0,0,False,False,True
25,2,0,21,0,0,0,1,17,1.68,0,0,False,False,True
19,2,0,13,0,0,1,0,18,1.68,0,0,False,False,True
0,0,0,0,0,0,0,0,18,1.71,0,0,False,False,False
421,6,0,338,1,0,2,5,22,1.71,0,0,False,False,False
2327,28,0,945,5,0,21,43,27,1.91,1,1,False,False,False
1755,20,0,805,2,0,13,27,28,1.91,0,1,False,False,False
2880,32,0,1013,3,0,15,30,29,1.91,0,0,False,False,False
1870,24,1,795,2,0,15,31,30,1.91,0,0,False,False,False
2787,31,0,977,4,0,22,38,31,1.91,1,0,False,False,False
2493,28,0,1018,5,0,28,26,32,1.91,1,1,False,False,False
0,0,0,0,0,0,0,0,20,1.96,0,0,False,True,False
1080,12,0,289,0,0,0,0,22,1.96,0,0,False,True,False
900,10,0,231,0,0,0,0,23,1.96,0,0,False,True,False
0,0,0,0,0,0,0,0,18,1.81,0,0,False,False,False
0,0,0,0,0,0,0,0,19,1.81,0,0,False,False,False
0,0,0,0,0,0,0,0,20,1.81,0,0,False,False,False
156,2,0,53,0,0,2,4,18,1.78,0,0,True,False,False
2425,33,1,984,4,1,22,39,25,1.72,0,0,False,False,True
1831,30,6,616,4,1,22,33,26,1.72,0,0,False,False,True
0,0,0,0,0,0,0,0,28,1.72,1,1,False,False,True
0,0,0,0,0,0,0,0,19,1.8,0,1,False,False,True
2632,31,4,923,2,0,40,21,19,1.81,0,0,True,False,False
1560,25,6,608,2,0,26,17,20,1.81,0,0,True,False,False
1582,30,5,731,1,0,17,15,21,1.81,0,0,True,False,False
1623,27,2,707,2,0,14,9,22,1.81,1,0,True,False,False
2640,32,6,712,1,0,28,15,23,1.81,1,1,True,False,False
1487,22,3,481,0,1,15,2,24,1.81,1,1,True,False,False
2161,28,0,1047,4,1,20,45,22,1.83,1,1,False,False,False
2196,26,0,1027,5,0,27,72,29,1.86,1,1,False,False,False
4,1,0,2,0,0,0,0,23,1.83,0,1,False,False,False
2336,27,1,1709,4,0,26,31,24,1.9,0,1,False,False,False
2874,33,0,2537,7,0,28,34,25,1.9,1,0,False,False,False
1709,20,0,1492,3,0,19,28,26,1.9,1,1,False,False,False
1710,19,0,1523,0,0,16,31,27,1.9,0,1,False,False,False
10,1,0,1,0,0,0,0,16,1.77,0,0,True,False,False
2062,34,4,479,3,0,20,20,24,1.89,1,0,False,False,True
1612,28,0,523,2,0,18,16,25,1.89,0,1,False,False,True
0,0,0,0,0,0,0,0,18,1.98,0,0,False,True,False
0,0,0,0,0,0,0,0,19,1.98,0,0,False,True,False
4,1,0,1,0,0,0,0,17,1.91,0,0,True,False,False
2274,28,1,749,5,0,26,51,29,1.77,1,0,False,False,True
1457,25,4,580,1,0,15,25,31,1.81,0,0,True,False,False
72,6,0,32,0,0,0,0,32,1.81,1,0,True,False,False
971,13,1,468,1,0,16,40,22,1.79,1,0,False,False,False
1872,27,3,683,5,0,30,58,23,1.79,0,1,False,False,False
1755,23,1,880,2,0,16,57,24,1.79,1,0,False,False,False
932,17,1,503,4,1,10,41,25,1.79,1,1,False,False,False
1010,12,2,476,2,0,10,20,26,1.79,0,1,False,False,False
2880,32,0,743,2,0,1,0,35,1.93,0,0,False,True,False
3150,35,0,888,2,0,0,0,36,1.93,1,0,False,True,False
0,0,0,0,0,0,0,0,37,1.93,0,1,False,True,False
1080,12,0,286,2,0,0,0,38,1.93,0,0,False,True,False
0,0,0,0,0,0,0,0,39,1.93,0,0,False,True,False
1776,28,2,448,6,1,53,21,26,1.85,1,1,True,False,False
2157,36,0,510,10,0,53,21,27,1.85,1,1,True,False,False
2387,37,2,518,8,0,54,28,28,1.85,0,1,True,False,False
1361,19,0,251,4,0,35,10,29,1.85,1,0,True,False,False
1334,22,0,304,4,0,46,12,30,1.85,1,1,True,False,False
2719,32,2,1512,6,0,30,62,25,1.74,0,1,False,False,True
550,9,0,257,3,0,8,7,26,1.74,0,0,False,False,True
1106,19,1,599,2,0,13,13,27,1.74,0,0,False,False,True
2822,34,7,1419,5,0,30,59,28,1.74,0,0,False,False,True
3150,35,6,1741,9,0,33,54,29,1.74,1,0,False,False,True
3411,38,3,2044,7,0,35,23,30,1.74,1,1,False,False,True
3159,36,3,1720,7,1,38,53,31,1.83,0,1,False,False,False
1832,24,0,732,3,1,25,23,32,1.83,0,0,False,False,False
1061,18,2,566,5,0,15,20,30,1.75,0,1,False,False,False
757,12,1,429,2,0,9,18,31,1.75,1,0,False,False,False
2447,30,4,1285,7,0,29,53,32,1.75,0,1,False,False,False
2568,30,2,1376,8,1,37,52,33,1.75,0,0,False,False,False
953,12,0,571,5,0,14,14,34,1.75,0,0,False,False,False
1397,17,0,336,0,0,0,0,28,1.99,0,0,False,True,False
180,2,0,46,0,0,0,0,29,1.99,0,0,False,True,False
3420,38,0,945,2,0,2,0,30,1.99,0,0,False,True,False
2160,24,0,530,0,0,0,0,31,1.99,1,0,False,True,False
0,0,0,0,0,0,0,0,17,1.85,0,0,False,False,False
305,4,0,143,0,0,6,9,18,1.85,0,0,False,False,False
0,1,0,0,0,0,0,0,19,1.85,0,0,False,False,False
186,5,0,136,0,0,3,2,21,1.85,1,1,False,False,False
400,9,0,263,2,0,6,13,22,1.85,1,1,False,False,False
807,9,0,811,1,0,10,8,23,1.89,0,1,False,False,False
3057,35,3,2998,3,0,21,42,24,1.89,1,0,False,False,False
1104,15,0,1148,1,0,9,13,25,1.89,1,1,False,False,False
1342,16,0,1274,1,0,9,13,26,1.89,1,1,False,False,False
2046,34,2,588,4,0,35,56,22,1.78,0,0,True,False,False
2018,33,4,734,0,0,30,45,26,1.78,0,0,True,False,False
1331,25,1,470,2,0,31,32,27,1.78,1,0,True,False,False
2448,28,3,1587,4,0,17,50,32,1.76,1,0,False,False,False
1344,17,1,832,2,0,3,23,33,1.76,1,1,False,False,False
1140,13,1,337,5,0,24,53,26,1.8,0,0,False,False,True
1696,33,0,509,0,0,17,7,29,1.84,0,1,True,False,False
0,0,0,0,0,0,0,0,22,1.94,0,1,False,True,False
360,4,0,106,0,0,0,0,23,1.94,1,0,False,True,False
0,0,0,0,0,0,0,0,20,1.89,1,0,False,False,False
12,1,0,1,0,0,0,1,21,1.89,0,1,False,False,False
1066,20,1,336,1,0,13,18,27,1.83,1,0,False,False,True
135,7,0,42,0,0,2,6,28,1.83,1,1,False,False,True
468,16,0,131,0,0,8,7,29,1.83,1,1,False,False,True
25,4,0,10,0,0,1,2,30,1.83,1,1,False,False,True
0,0,0,0,0,0,0,0,19,1.79,0,0,False,False,True
1201,18,0,1067,3,0,19,36,31,1.83,1,1,False,False,True
0,0,0,0,0,0,0,0,32,1.83,1,1,False,False,True
0,0,0,0,0,0,0,0,18,1.8,0,0,False,False,False
694,12,0,301,2,0,7,23,19,1.8,1,0,False,False,False
1852,24,2,901,1,1,13,36,20,1.8,1,1,False,False,False
3240,36,4,1684,4,0,32,55,21,1.8,1,1,False,False,False
2375,27,3,1654,3,0,29,43,22,1.8,1,1,False,False,False
2291,27,5,1469,3,0,23,42,23,1.8,1,1,False,False,False
1350,15,0,369,1,0,0,0,32,1.93,0,1,False,True,False
3420,38,0,1119,2,0,0,0,33,1.93,0,0,False,True,False
3330,37,0,1079,2,0,1,0,34,1.93,0,0,False,True,False
3420,38,0,1151,1,0,2,0,35,1.93,0,0,False,True,False
3420,38,0,1089,1,0,2,0,36,1.93,0,0,False,True,False
63,1,0,33,1,0,2,1,25,1.85,0,0,False,False,False
0,0,0,0,0,0,0,0,26,1.85,1,0,False,False,False
2646,30,0,1660,3,1,15,22,21,1.84,1,0,False,False,False
2683,31,2,1219,4,0,15,55,22,1.84,1,1,False,False,False
0,0,0,0,0,0,0,0,28,1.93,0,0,False,True,False
274,4,0,71,0,0,0,0,29,1.93,0,0,False,True,False
553,7,0,191,0,0,0,0,30,1.93,1,0,False,True,False
3015,34,0,1144,5,0,23,47,26,1.8,0,0,False,False,False
2610,29,0,1071,5,0,14,33,27,1.8,1,0,False,False,False
3420,38,2,1502,9,0,27,54,28,1.8,0,1,False,False,False
2880,32,1,1257,7,0,25,41,29,1.8,0,0,False,False,False
2694,30,0,1122,3,0,15,32,30,1.8,1,0,False,False,False
588,13,0,231,0,0,9,15,24,1.76,0,0,False,False,True
1604,24,0,743,1,0,10,33,25,1.76,0,0,False,False,True
457,8,0,236,1,0,11,19,32,1.78,0,1,False,False,True
0,0,0,0,0,0,0,0,20,1.86,0,0,False,False,False
3196,36,0,1747,3,1,30,49,22,1.86,0,0,False,False,False
26,2,0,9,0,0,0,0,18,1.88,1,0,False,False,False
82,5,0,32,0,0,2,4,16,1.74,0,0,True,False,False
6,1,0,8,0,0,0,0,17,1.74,0,0,True,False,False
0,0,0,0,0,0,0,0,20,1.74,0,1,False,False,True
0,0,0,0,0,0,0,0,18,1.85,0,0,False,False,False
192,8,0,82,1,0,4,6,18,1.78,0,0,False,False,True
0,0,0,0,0,0,0,0,20,1.78,0,1,False,False,True
938,15,0,224,0,0,15,5,22,1.83,1,0,True,False,False
1451,31,3,297,1,0,21,9,23,1.83,0,1,True,False,False
532,17,0,152,0,0,9,4,24,1.83,1,0,True,False,False
0,0,0,0,0,0,0,0,20,1.85,0,0,True,False,False
739,19,0,227,2,0,15,18,29,1.78,1,0,False,False,True
932,18,1,271,4,0,18,28,30,1.78,1,1,False,False,True
2128,34,3,806,5,0,17,49,25,1.64,0,1,True,False,False
1279,27,2,540,2,0,19,32,26,1.64,1,0,True,False,False
448,12,0,252,2,0,6,8,27,1.64,0,1,True,False,False
1750,22,1,785,4,0,17,62,23,1.86,1,1,False,False,False
675,14,0,330,1,0,3,27,24,1.86,0,1,False,False,False
205,3,0,74,0,0,1,10,25,1.86,0,0,False,False,False
975,11,0,526,2,0,17,22,27,1.92,0,1,False,False,False
0,0,0,0,0,0,0,0,18,1.77,0,0,False,False,True
1519,35,4,935,0,0,9,27,22,1.73,0,1,False,False,True
2853,36,7,1706,3,0,31,52,23,1.73,0,0,False,False,True
2028,34,7,1374,5,0,23,36,24,1.73,0,0,False,False,True
2070,26,6,1372,5,0,17,26,25,1.73,1,0,False,False,True
2835,32,0,922,0,0,0,0,26,1.9,1,1,False,True,False
2650,30,0,800,2,0,0,0,27,1.9,1,1,False,True,False
3132,35,0,997,0,1,2,0,28,1.9,0,1,False,True,False
13,1,1,12,0,0,0,1,18,1.81,0,0,False,False,True
2334,36,6,700,1,0,31,26,24,1.81,1,0,True,False,False
259,5,0,225,0,0,2,4,19,1.7,1,0,False,False,True
0,0,0,0,0,0,0,0,17,1.95,0,0,False,False,False
1047,25,2,212,1,1,20,6,33,1.75,0,0,True,False,False
728,16,0,112,1,0,14,5,34,1.75,0,0,True,False,False
1446,17,0,647,1,0,5,11,24,1.94,1,0,False,False,False
0,0,0,0,0,0,0,0,25,1.94,1,1,False,False,False
2070,23,0,604,2,0,0,0,32,1.91,0,0,False,True,False
0,0,0,0,0,0,0,0,33,1.91,1,0,False,True,False
90,1,0,19,1,0,1,0,34,1.91,0,1,False,True,False
0,0,0,0,0,0,0,0,18,1.86,0,0,False,False,False
0,0,0,0,0,0,0,0,19,1.86,0,0,False,False,False
546,18,0,180,0,0,3,5,23,1.86,1,0,True,False,False
16,2,0,6,0,0,0,1,26,1.86,0,1,True,False,False
2520,28,0,721,2,0,0,0,30,1.93,0,0,False,True,False
900,10,0,297,0,0,1,0,31,1.93,0,0,False,True,False
285,4,0,108,1,1,7,11,21,1.77,0,0,False,False,False
270,5,0,114,1,0,2,5,22,1.77,1,0,False,False,False
0,0,0,0,0,0,0,0,23,1.77,1,1,False,False,False
151,4,0,67,0,0,4,5,28,1.83,0,0,False,False,True
49,5,0,28,0,0,1,1,17,1.71,0,0,True,False,False
0,0,0,0,0,0,0,0,18,1.8,0,0,True,False,False
13,2,0,7,0,0,0,0,17,1.82,0,0,True,False,False
186,4,0,123,0,0,2,0,19,1.8,0,0,False,False,False
2918,33,2,1301,5,0,32,66,31,1.85,1,0,False,False,False
582,13,0,329,2,0,8,11,32,1.85,1,1,False,False,False
765,13,0,317,2,0,11,14,36,1.85,0,0,False,False,False
630,7,0,242,2,0,13,10,34,1.99,0,0,False,False,False
1222,15,1,396,2,0,9,50,19,1.86,1,0,False,False,False
248,3,0,59,0,0,6,7,20,1.86,1,1,False,False,False
0,0,0,0,0,0,0,0,35,1.85,0,0,False,True,False
0,0,0,0,0,0,0,0,20,1.8,0,0,True,False,False
0,0,0,0,0,0,0,0,26,1.81,0,1,True,False,False
3375,38,1,957,0,0,15,69,30,1.86,0,0,False,False,False
1193,14,7,777,2,0,9,22,24,1.79,0,1,False,False,True
3108,37,12,2112,6,0,43,57,25,1.79,0,0,False,False,True
6,1,0,6,0,0,0,0,20,1.8,1,0,False,False,True
3147,35,0,1115,5,0,25,61,24,1.85,0,0,False,False,False
1244,17,0,351,3,0,12,21,25,1.85,1,0,False,False,False
998,14,1,432,0,0,17,41,25,1.72,1,1,False,False,False
1326,16,0,398,3,0,14,31,26,1.72,1,1,False,False,False
7,1,0,0,0,0,0,0,16,1.78,0,0,False,False,True
1753,26,5,675,6,0,22,36,17,1.78,1,0,False,False,True
2561,32,3,978,1,0,28,25,18,1.78,1,1,False,False,True
36,3,0,12,1,0,0,2,18,1.73,0,0,False,False,True
36,1,0,8,0,0,0,0,17,1.83,0,0,False,False,False
27,2,0,16,0,0,0,0,16,1.77,0,0,True,False,False
391,10,1,207,0,0,1,8,17,1.77,1,0,True,False,False
851,22,5,412,1,0,11,10,18,1.77,1,1,True,False,False
1054,23,3,576,0,0,11,23,19,1.77,1,1,True,False,False
274,12,1,77,2,0,2,6,24,1.74,1,1,False,False,True
1997,27,1,552,4,0,41,21,23,1.83,1,0,True,False,False
676,16,1,138,1,0,11,6,24,1.78,1,1,True,False,False
110,3,0,31,0,0,4,4,19,1.8,0,0,False,False,True
770,13,0,131,0,0,12,5,23,1.8,1,0,True,False,False
1366,20,0,191,0,0,30,6,24,1.8,1,1,True,False,False
2535,30,9,440,3,0,41,9,26,1.8,1,0,True,False,False
2897,35,1,510,10,0,55,12,27,1.8,1,1,True,False,False
312,12,0,195,2,0,6,8,20,1.82,0,0,False,False,False
2250,25,1,1116,4,0,23,49,21,1.82,1,0,False,False,False
869,12,0,600,1,0,10,17,22,1.82,1,1,False,False,False
2586,31,0,1484,9,0,34,63,23,1.82,1,1,False,False,False
1102,14,1,796,5,0,18,26,24,1.82,1,1,False,False,False
752,10,2,479,0,0,7,7,25,1.82,0,1,False,False,False
692,10,1,353,0,0,8,8,18,1.89,0,0,False,False,False
112,3,0,124,0,0,0,5,19,1.8,0,0,False,False,True
0,0,0,0,0,0,0,0,18,1.83,1,0,False,False,False
0,0,0,0,0,0,0,0,19,1.83,0,1,False,False,False
1776,34,2,405,2,0,36,11,28,1.85,0,0,True,False,False
0,0,0,0,0,0,0,0,20,1.88,0,0,False,True,False
180,2,0,52,0,0,0,0,21,1.88,0,0,False,True,False
1224,20,0,505,3,1,13,24,23,1.85,1,1,False,False,False
83,1,0,35,0,0,1,4,24,1.85,0,1,False,False,False
165,3,0,75,0,0,1,3,26,1.85,1,1,False,False,False
1440,23,0,730,3,0,3,22,22,1.71,0,1,False,False,True
303,9,0,46,2,0,11,3,25,1.9,0,1,True,False,False
18,2,0,9,0,0,2,2,16,1.85,0,0,False,False,True
274,9,2,111,0,0,1,4,23,1.73,1,1,False,False,True
991,14,0,263,0,0,25,6,26,1.83,0,0,True,False,False
1050,25,3,258,3,0,17,13,27,1.83,1,0,True,False,False
466,10,0,98,0,0,8,4,28,1.83,1,1,True,False,False
43,5,0,14,1,0,1,0,29,1.83,1,1,True,False,False
2897,37,7,2829,5,0,38,103,28,1.79,0,0,False,False,True
1328,29,12,1326,8,0,23,30,29,1.79,1,0,False,False,True
2310,32,4,2189,4,1,25,68,30,1.79,1,1,False,False,True
175,6,0,193,1,0,1,6,31,1.79,1,1,False,False,True
2924,33,0,1147,5,0,21,77,20,1.82,1,1,False,False,False
673,9,0,213,0,0,5,16,22,1.82,0,0,False,False,False
41,2,0,9,0,0,1,1,29,1.71,0,0,False,False,True
1041,22,1,546,6,1,30,18,29,1.85,1,0,False,False,True
1495,24,3,868,7,0,41,19,30,1.85,0,1,False,False,True
408,11,0,246,2,1,8,9,31,1.85,0,0,False,False,True
209,7,0,50,0,0,3,5,26,1.88,1,0,True,False,False
939,15,1,255,1,0,14,14,27,1.88,1,1,True,False,False
1030,24,0,244,2,0,16,7,28,1.88,1,1,True,False,False
979,25,2,197,1,0,14,13,29,1.88,1,1,True,False,False
0,0,0,0,0,0,0,0,18,1.76,0,0,False,False,True
0,0,0,0,0,0,0,0,17,1.9,0,0,False,False,False
3285,37,5,1692,2,0,10,75,28,1.78,1,0,False,False,False
3060,34,3,1616,1,0,12,58,29,1.78,1,1,False,False,False
3004,35,3,1568,0,0,7,48,30,1.78,0,1,False,False,False
1583,21,0,840,4,0,7,25,31,1.78,1,0,False,False,False
127,2,0,37,0,0,0,1,32,1.78,0,1,False,False,False
0,0,0,0,0,0,0,0,18,1.92,0,0,False,False,False
0,0,0,0,0,0,0,0,20,1.75,0,0,True,False,False
3010,34,2,1234,5,1,36,95,25,1.89,0,1,False,False,True
2728,31,0,1071,3,0,44,76,26,1.89,1,0,False,False,True
2802,33,3,955,5,0,45,71,27,1.89,1,1,False,False,True
1897,31,2,765,3,0,34,58,28,1.89,1,1,False,False,True
2535,35,1,851,4,0,33,67,29,1.89,1,1,False,False,True
3122,36,0,1279,4,0,36,58,30,1.89,0,1,False,False,True
23,1,0,14,0,0,0,0,27,1.75,1,0,True,False,False
1543,28,0,373,3,0,15,11,29,1.75,1,1,True,False,False
1334,25,1,322,2,0,9,3,30,1.75,1,1,True,False,False
107,2,0,20,0,0,0,0,31,1.75,1,1,True,False,False
3255,38,1,1316,4,0,26,85,31,1.9,0,0,False,False,False
2586,31,1,1057,5,0,25,69,32,1.9,0,0,False,False,False
1802,22,3,621,7,0,18,28,30,1.87,0,0,False,False,True
2477,31,4,910,5,0,17,36,31,1.87,1,0,False,False,True
1922,26,7,882,5,0,15,41,32,1.87,0,1,False,False,True
1595,23,0,619,1,0,13,43,28,1.73,0,0,False,False,False
2056,29,2,840,2,0,14,34,29,1.73,1,0,False,False,False
849,13,1,405,1,0,7,9,20,1.9,0,0,False,False,False
910,12,0,500,1,0,11,20,21,1.9,1,0,False,False,False
3150,35,1,1533,8,0,47,55,25,1.94,0,0,False,False,False
1213,18,1,464,0,0,8,12,26,1.94,1,0,False,False,False
2535,29,0,1137,4,0,24,40,27,1.94,0,1,False,False,False
2128,24,0,954,1,0,22,30,28,1.94,1,0,False,False,False
1634,24,1,415,1,0,18,7,25,1.91,1,0,True,False,False
2595,38,2,599,2,0,26,13,26,1.91,0,1,True,False,False
2446,32,1,460,1,0,34,7,27,1.91,1,0,True,False,False
2751,33,3,653,0,0,38,12,28,1.91,1,1,True,False,False
1782,28,2,448,1,0,10,17,25,1.65,1,0,False,False,True
1487,28,0,383,2,0,13,24,26,1.65,0,1,False,False,True
739,19,3,198,2,0,11,10,27,1.65,1,0,False,False,True
1518,29,3,516,2,0,29,8,24,1.9,1,1,True,False,False
3137,36,2,920,10,0,81,9,25,1.9,0,1,True,False,False
2234,31,5,672,6,0,48,11,26,1.9,1,0,True,False,False
813,16,1,241,1,0,18,5,27,1.9,1,1,True,False,False
1257,24,1,337,4,1,25,9,28,1.9,1,1,True,False,False
1817,30,1,575,1,1,35,15,29,1.9,1,1,True,False,False
2942,35,13,1841,2,0,13,47,23,1.82,1,0,False,False,True
3167,36,15,1977,0,0,20,45,24,1.82,0,1,False,False,True
3226,37,10,2258,0,0,14,51,25,1.82,0,0,False,False,True
2772,35,12,1872,3,0,17,41,26,1.82,1,0,False,False,True
1091,20,2,674,5,0,9,19,27,1.82,1,1,False,False,True
2710,32,4,1180,4,0,33,99,29,1.87,1,0,False,False,False
3103,36,4,1294,10,0,29,97,30,1.87,0,1,False,False,False
1917,25,1,896,1,0,12,41,31,1.87,0,0,False,False,False
206,3,0,118,0,0,3,4,32,1.87,0,0,False,False,False
770,11,0,563,0,0,2,14,33,1.87,0,0,False,False,False
702,9,0,524,4,0,14,18,34,1.87,1,0,False,False,False
766,16,0,238,1,0,13,15,25,1.87,1,0,False,False,False
2332,28,0,903,5,0,31,42,26,1.87,0,1,False,False,False
1587,21,0,550,2,1,22,25,27,1.87,1,0,False,False,False
2251,27,2,670,1,2,22,37,28,1.87,1,1,False,False,False
0,0,0,0,0,0,0,0,17,1.87,0,0,False,False,False
1727,25,4,668,0,0,14,23,20,1.77,1,1,False,False,True
1735,27,2,662,2,0,13,19,21,1.77,1,1,False,False,True
0,0,0,0,0,0,0,0,17,1.81,0,0,False,False,True
0,0,0,0,0,0,0,0,24,1.95,1,0,False,True,False
1430,17,1,661,3,0,9,32,26,1.94,1,0,False,False,False
3266,37,1,1389,6,1,30,83,27,1.88,0,0,False,False,False
3262,37,0,1551,4,1,26,61,28,1.88,1,0,False,False,False
0,0,0,0,0,0,0,0,20,1.86,1,0,True,False,False
1440,18,0,559,6,0,14,24,25,1.85,0,1,False,False,False
1745,20,1,699,3,0,17,25,27,1.85,1,0,False,False,False
857,11,0,304,1,0,6,20,28,1.85,1,1,False,False,False
1893,22,0,790,3,0,16,24,30,1.85,1,1,False,False,False
1969,22,0,664,0,0,0,0,33,1.84,1,1,False,True,False
225,3,0,55,0,0,0,0,34,1.84,0,1,False,True,False
0,0,0,0,0,0,0,0,35,1.84,1,0,False,True,False
346,4,0,119,0,0,0,0,36,1.84,0,1,False,True,False
0,0,0,0,0,0,0,0,20,1.8,0,0,False,False,True
2851,34,1,1092,8,0,62,108,28,1.82,0,0,False,False,True
2422,33,0,933,9,0,39,94,29,1.82,0,0,False,False,True
898,16,0,374,5,0,25,36,30,1.82,0,0,False,False,True
184,8,1,72,0,0,4,7,21,1.75,1,0,True,False,False
0,0,0,0,0,0,0,0,18,1.75,0,0,False,False,False
0,0,0,0,0,0,0,0,18,1.82,0,0,False,False,True
1271,26,4,422,4,0,14,22,26,1.91,1,1,True,False,False
37,2,0,17,0,0,2,0,27,1.91,0,1,True,False,False
0,0,0,0,0,0,0,0,20,1.75,0,0,False,False,True
199,3,0,83,1,0,2,2,24,1.91,0,0,False,False,False
0,0,0,0,0,0,0,0,20,1.75,0,0,False,False,True
163,3,0,82,0,0,2,3,19,1.8,0,0,False,False,False
0,0,0,0,0,0,0,0,20,1.8,0,0,False,False,False
1324,21,3,387,1,0,32,13,22,1.89,1,1,True,False,False
410,8,0,98,1,0,12,4,23,1.89,1,1,True,False,False
60,6,1,11,0,0,3,0,25,1.89,1,1,True,False,False
90,6,1,46,0,0,4,1,26,1.89,1,1,True,False,False
0,0,0,0,0,0,0,0,27,1.89,0,1,True,False,False
3420,38,0,1688,5,0,10,31,25,1.85,0,0,False,False,False
3420,38,0,1849,5,0,17,36,26,1.85,0,0,False,False,False
3304,37,0,1857,5,0,22,35,27,1.85,0,0,False,False,False
0,0,0,0,0,0,0,0,18,1.77,0,0,False,False,True
0,0,0,0,0,0,0,0,19,1.77,0,0,False,False,True
0,0,0,0,0,0,0,0,20,1.77,0,0,False,False,True
2532,30,2,890,11,0,43,81,20,1.82,0,0,False,False,True
1539,27,5,612,4,0,14,16,28,1.81,0,0,False,False,True
228,4,1,133,0,0,1,0,29,1.81,1,0,False,False,True
0,0,0,0,0,0,0,0,18,1.85,0,0,False,False,False
0,0,0,0,0,0,0,0,22,1.78,0,0,True,False,False
0,0,0,0,0,0,0,0,16,1.88,0,0,False,False,False
1530,17,0,497,3,0,2,0,28,2.03,0,1,False,True,False
81,2,0,33,0,0,0,0,29,2.03,1,0,False,True,False
0,0,0,0,0,0,0,0,30,2.03,1,1,False,True,False
3033,35,0,1032,3,0,9,45,26,1.89,0,0,False,False,False
1161,15,1,364,3,0,13,23,27,1.89,0,0,False,False,False
495,7,0,185,1,0,2,8,28,1.89,1,0,False,False,False
3098,36,0,1280,2,0,16,50,29,1.89,0,1,False,False,False
2489,29,0,914,7,0,13,41,30,1.89,1,0,False,False,False
3385,38,0,1115,3,0,28,59,25,1.88,0,0,False,False,False
2509,28,0,906,6,0,35,38,27,1.88,1,0,False,False,False
2359,29,0,937,6,0,31,29,29,1.88,0,0,False,False,False
1926,22,0,764,3,1,14,11,30,1.88,0,0,False,False,False
2034,34,3,616,5,0,38,51,28,1.76,0,0,False,False,True
213,9,1,61,1,0,8,4,29,1.76,0,0,False,False,True
1359,23,0,383,4,0,21,35,29,1.84,0,0,True,False,False
27,1,0,12,1,0,1,2,25,1.75,1,0,False,False,False
0,0,0,0,0,0,0,0,18,1.74,0,0,False,False,True
1079,15,1,428,1,0,15,37,25,1.85,0,1,False,False,False
591,9,0,307,0,0,4,11,26,1.85,0,0,False,False,False
1830,21,2,780,1,0,26,61,27,1.85,0,0,False,False,False
0,0,0,0,0,0,0,0,29,1.85,0,0,False,False,False
0,0,0,0,0,0,0,0,16,1.85,0,0,False,False,True
0,0,0,0,0,0,0,0,17,1.85,0,0,False,False,True
122,6,0,123,0,0,3,4,18,1.85,0,0,False,False,True
1177,24,2,966,2,0,18,16,19,1.85,0,0,False,False,True
1943,28,1,884,7,0,29,41,25,1.88,0,0,False,False,False
0,0,0,0,0,0,0,0,27,1.88,0,0,False,False,False
0,0,0,0,0,0,0,0,23,1.93,0,0,False,False,False
1971,24,2,786,3,0,18,70,23,1.71,1,1,False,False,False
2520,30,3,1256,7,0,22,83,24,1.71,1,1,False,False,False
2797,32,3,1275,3,0,16,54,25,1.71,1,1,False,False,False
1494,18,2,594,4,0,9,23,26,1.71,1,1,False,False,False
1559,21,1,593,1,0,16,53,27,1.71,1,1,False,False,False
745,10,1,365,1,0,6,12,28,1.71,1,1,False,False,False
3201,37,3,1798,7,0,39,114,25,1.78,0,0,False,False,False
3420,38,4,2459,4,0,27,84,26,1.78,0,0,False,False,False
3330,37,6,2760,1,0,25,80,27,1.78,0,0,False,False,False
3403,38,5,2483,4,0,39,105,28,1.78,0,0,False,False,False
3230,36,6,2435,1,0,40,86,29,1.78,1,0,False,False,False
2190,26,2,1887,5,1,32,53,30,1.78,0,1,False,False,False
0,0,0,0,0,0,0,0,18,1.9,0,0,False,False,False
3240,36,3,1757,6,0,50,104,28,1.85,0,0,False,False,True
2487,30,1,1353,6,1,44,84,29,1.85,1,0,False,False,True
2529,33,1,1675,8,0,42,73,30,1.85,1,1,False,False,True
258,7,0,119,1,0,8,11,31,1.85,1,1,False,False,True
3116,35,1,2029,2,0,27,95,25,1.8,0,1,False,False,False
1828,23,2,1040,2,0,14,45,26,1.8,0,0,False,False,False
360,7,0,224,0,0,4,6,27,1.8,1,0,False,False,False
566,11,0,187,2,0,20,12,30,1.86,0,0,True,False,False
2880,32,3,1055,2,0,18,31,34,1.9,1,0,False,False,False
2006,30,2,889,8,0,26,25,35,1.9,0,1,False,False,False
95,2,0,38,0,0,0,2,36,1.9,0,0,False,False,False
0,0,0,0,0,0,0,0,26,2.01,0,0,False,False,False
2881,34,0,1569,5,0,32,67,27,2.01,0,0,False,False,False
2059,27,0,1100,5,0,35,50,28,2.01,0,0,False,False,False
2398,34,1,1194,6,0,31,73,25,1.8,0,0,False,False,True
1356,27,0,825,6,0,25,50,26,1.8,0,0,False,False,True
1941,28,1,1062,8,0,38,50,27,1.8,0,0,False,False,True
1737,25,1,970,8,0,29,58,28,1.8,1,0,False,False,True
1260,24,1,520,3,0,21,26,29,1.8,1,1,False,False,True
0,1,0,0,0,0,0,0,16,1.8,0,0,True,False,False
1699,24,2,1251,1,0,19,45,22,1.79,1,0,False,False,True
1613,25,3,1272,4,0,23,37,23,1.79,1,1,False,False,True
0,0,0,0,0,0,0,0,17,1.79,0,0,False,False,True
101,5,0,66,0,0,0,1,20,1.86,0,0,False,False,False
1666,24,1,782,3,0,30,41,21,1.86,0,0,False,False,False
490,8,0,250,0,1,5,8,22,1.86,1,0,False,False,False
640,9,0,371,2,0,6,18,23,1.86,0,1,False,False,False
719,12,0,454,3,0,3,11,25,1.86,1,1,False,False,False
916,14,0,380,3,0,15,11,25,1.9,1,0,False,False,False
0,0,0,0,0,0,0,0,21,1.91,0,0,False,True,False
0,0,0,0,0,0,0,0,23,1.91,0,0,False,True,False
0,0,0,0,0,0,0,0,18,1.78,0,0,False,False,True
284,4,0,35,0,0,6,6,17,1.9,0,0,True,False,False
286,9,0,95,0,0,5,3,23,1.65,0,0,False,False,True
1677,24,2,601,3,0,14,12,24,1.65,1,0,False,False,True
0,0,0,0,0,0,0,0,29,1.84,0,0,False,False,False
980,14,1,317,0,0,2,3,25,1.82,0,0,True,False,False
769,20,1,278,1,0,5,1,26,1.82,1,0,True,False,False
547,15,1,158,0,0,1,0,27,1.82,1,1,True,False,False
496,18,1,190,1,0,5,3,28,1.82,0,1,True,False,False
1340,23,2,1111,2,0,12,43,26,1.84,1,1,False,False,False
806,11,0,767,1,0,10,20,27,1.84,1,1,False,False,False
357,10,0,88,0,0,8,1,29,1.83,0,0,True,False,False
339,6,0,80,1,0,7,1,23,1.77,1,1,True,False,False
265,8,0,76,0,0,6,5,25,1.77,0,0,True,False,False
1666,24,3,392,1,0,16,30,26,1.77,1,0,True,False,False
2814,38,2,643,3,0,36,42,27,1.77,0,1,True,False,False
2183,29,4,501,1,0,19,22,28,1.77,1,0,True,False,False
2132,24,3,1062,7,0,41,67,25,1.73,0,1,False,False,False
1533,18,2,783,8,0,26,50,26,1.73,1,0,False,False,False
802,10,1,378,4,0,12,15,27,1.73,1,1,False,False,False
1798,26,3,929,5,0,26,49,28,1.73,1,1,False,False,False
1759,23,0,837,7,0,25,39,29,1.73,0,1,False,False,False
578,11,2,148,1,0,6,11,24,1.85,1,1,True,False,False
747,16,2,192,0,0,7,8,25,1.85,1,1,True,False,False
1183,28,2,392,1,0,13,20,26,1.85,1,1,True,False,False
147,8,1,54,0,0,3,3,27,1.85,1,1,True,False,False
817,18,0,165,0,0,9,14,28,1.85,1,1,True,False,False
1548,24,1,258,0,0,19,12,29,1.85,1,1,True,False,False
2103,28,0,810,3,0,13,45,21,1.89,1,0,False,False,False
2929,35,3,816,5,0,34,45,24,1.83,0,0,False,False,False
0,0,0,0,0,0,0,0,20,1.85,0,0,False,False,False
2222,27,1,1048,0,0,14,47,33,1.84,0,0,False,False,True
540,6,0,164,0,0,0,0,28,1.87,1,0,False,True,False
1980,22,0,625,1,0,0,0,29,1.87,0,1,False,True,False
180,2,0,36,0,0,0,0,32,1.87,0,0,False,True,False
270,3,0,61,0,0,0,0,33,1.87,0,0,False,True,False
238,7,1,181,3,0,4,4,27,1.83,1,1,False,False,True
641,12,0,387,4,0,12,13,28,1.83,1,1,False,False,True
2755,32,4,1252,5,1,29,80,26,1.85,0,0,False,False,False
1615,27,1,604,2,0,17,45,27,1.85,1,0,False,False,False
1822,23,0,768,3,0,14,46,28,1.85,1,1,False,False,False
1521,18,2,599,3,0,16,36,29,1.85,1,1,False,False,False
608,8,1,267,1,0,5,14,30,1.85,1,1,False,False,False
2279,30,5,855,3,0,15,38,21,1.73,1,0,False,False,True
511,9,0,153,1,0,4,5,22,1.73,1,1,False,False,True
360,4,0,99,0,0,0,0,29,1.91,1,0,False,True,False
0,0,0,0,0,0,0,0,30,1.91,0,1,False,True,False
90,1,0,36,0,0,0,0,31,1.91,0,0,False,True,False
87,1,0,37,1,0,1,0,31,1.83,0,0,False,False,True
2956,33,0,1570,6,0,29,42,29,1.89,0,1,False,False,False
839,10,0,492,4,1,12,18,30,1.89,1,0,False,False,False
3239,36,2,2620,3,0,34,41,31,1.89,0,1,False,False,False
2811,33,1,1799,5,2,30,28,32,1.89,0,0,False,False,False
1396,20,0,998,1,1,15,12,33,1.89,1,0,False,False,False
1440,16,0,410,0,0,0,0,31,1.87,0,0,False,True,False
0,0,0,0,0,0,0,0,34,1.88,0,1,False,True,False
1824,28,2,610,2,0,30,41,31,1.84,1,0,True,False,False
2402,35,1,909,7,0,45,33,32,1.84,1,1,True,False,False
954,20,0,509,2,0,9,27,27,1.89,0,0,False,False,True
39,4,0,14,0,0,2,1,31,1.8,0,0,True,False,False
360,4,0,110,0,0,0,0,26,1.83,0,0,False,True,False
142,2,0,44,0,0,0,0,27,1.83,1,0,False,True,False
380,5,0,117,0,0,0,0,28,1.83,1,1,False,True,False
1801,24,11,1386,1,0,19,36,29,1.7,1,0,False,False,True
2767,34,7,2075,6,0,29,43,30,1.7,0,1,False,False,True
2437,29,11,2429,5,0,21,32,31,1.7,0,0,False,False,True
2411,33,8,2015,3,0,26,30,32,1.7,1,0,False,False,True
1833,27,10,1483,0,0,20,26,33,1.7,1,1,False,False,True
3060,34,0,854,0,0,0,0,24,1.89,1,1,False,True,False
3150,35,0,849,2,0,0,0,25,1.89,0,1,False,True,False
3330,37,0,942,0,0,0,0,26,1.89,0,0,False,True,False
3420,38,0,948,1,0,1,0,27,1.89,0,0,False,True,False
3420,38,0,786,2,0,0,0,28,1.89,1,0,False,True,False
2295,26,0,501,0,0,0,0,29,1.89,1,1,False,True,False
1094,22,1,445,0,0,7,26,25,1.82,0,1,False,False,False
125,4,0,75,0,0,2,0,26,1.82,1,0,False,False,False
249,7,0,99,0,0,5,3,24,1.79,1,1,False,False,True
3120,35,4,1387,2,1,41,73,25,1.85,0,0,False,False,True
2551,30,1,1213,2,0,33,50,26,1.85,1,0,False,False,True
2828,35,2,1784,4,0,31,64,27,1.85,1,1,False,False,True
210,7,0,93,0,0,1,6,28,1.85,1,1,False,False,True
1812,23,1,519,2,0,21,39,22,1.73,0,0,False,False,False
2842,34,2,1000,5,0,32,57,24,1.73,1,1,False,False,False
2475,29,2,732,6,1,41,54,25,1.73,1,1,False,False,False
934,16,0,246,3,0,8,18,26,1.73,1,1,False,False,False
437,6,0,135,0,0,4,9,27,1.73,1,1,False,False,False
0,0,0,0,0,0,0,0,32,1.82,0,0,False,False,True
1770,96,10,2854,26,1,110,181,32,1.83,1,0,False,False,True
0,0,0,0,0,0,0,0,33,1.83,1,1,False,False,True
67,4,0,50,0,0,0,0,35,1.83,0,0,False,False,True
0,1,0,6,0,0,0,0,17,1.88,0,0,False,False,True
1422,26,0,573,1,0,5,36,18,1.88,0,0,False,False,True
3004,34,0,1518,4,0,17,98,19,1.88,0,0,False,False,True
3420,38,3,1733,6,0,41,116,20,1.88,0,0,False,False,True
2880,32,1,1526,2,0,21,59,21,1.88,0,0,False,False,True
990,11,0,295,2,0,2,0,24,1.91,0,0,False,True,False
1896,24,0,1052,2,0,23,34,26,1.88,0,0,False,False,False
2554,29,1,2001,6,0,25,41,27,1.88,0,0,False,False,False
2124,29,1,1803,4,0,15,26,28,1.88,1,0,False,False,False
985,13,0,821,1,0,3,15,29,1.88,1,1,False,False,False
777,10,1,680,1,0,4,13,30,1.88,1,1,False,False,False
2480,33,9,1083,7,0,50,71,19,1.88,0,1,False,False,True
3044,37,7,1328,4,0,50,52,20,1.88,1,0,False,False,True
2971,36,10,1251,7,0,43,46,21,1.88,1,1,False,False,True
1832,25,3,1028,4,0,23,33,22,1.88,1,1,False,False,True
1852,25,4,810,2,0,12,34,23,1.88,1,1,False,False,True
617,15,1,330,0,0,10,18,24,1.88,1,1,False,False,True
1692,35,1,557,2,0,7,17,21,1.83,0,0,False,False,True
1992,34,1,657,2,0,14,25,22,1.83,1,0,False,False,True
607,21,3,291,1,0,2,12,23,1.83,0,1,False,False,True
18,1,0,9,0,0,0,1,24,1.83,0,0,True,False,False
45,1,0,19,0,0,0,1,19,1.8,0,0,False,False,False
90,1,0,50,0,0,0,5,19,1.79,0,0,False,False,False
2593,31,1,1332,4,0,37,48,30,1.78,0,0,False,False,False
270,3,0,168,1,0,7,3,32,1.78,0,1,False,False,False
67,4,0,34,0,0,0,1,24,1.76,1,1,False,False,True
0,0,0,0,0,0,0,0,17,1.82,0,0,False,False,False
1130,27,2,521,2,0,18,33,25,1.81,1,1,False,False,True
722,15,1,294,0,0,12,14,26,1.81,1,1,False,False,True
39,8,0,18,0,0,1,5,25,1.9,1,0,True,False,False
2519,31,0,1008,5,0,37,82,22,1.79,0,0,False,False,True
0,0,0,0,0,0,0,0,23,1.79,0,0,False,False,True
0,0,0,0,0,0,0,0,34,1.89,0,0,False,True,False
2377,28,6,824,8,0,43,21,26,1.86,0,0,True,False,False
3090,35,7,1034,10,0,43,18,27,1.86,0,0,True,False,False
1205,15,0,718,1,0,15,34,26,1.86,1,1,False,False,False
0,0,0,0,0,0,0,0,20,1.8,0,0,False,False,True
607,12,0,285,1,0,10,14,25,1.83,1,0,False,False,False
2335,27,4,1085,6,0,18,61,26,1.83,0,1,False,False,False
58,3,0,10,0,0,0,1,26,1.83,0,1,False,False,False
2573,30,12,1269,3,0,13,24,28,1.75,1,0,False,False,True
1515,18,6,763,2,0,7,9,29,1.75,0,1,False,False,True
0,0,0,0,0,0,0,0,37,1.93,0,0,False,True,False
1014,16,2,423,3,0,12,24,19,1.83,0,1,False,False,False
65,4,0,51,0,0,1,3,20,1.83,1,0,False,False,False
2369,33,5,745,11,0,42,28,21,1.78,1,0,True,False,False
2298,34,1,840,4,0,42,28,22,1.78,1,1,True,False,False
1112,19,0,426,2,0,25,12,23,1.78,1,1,True,False,False
0,0,0,0,0,0,0,0,19,1.92,0,0,False,True,False
23,2,0,6,0,0,0,0,17,1.8,0,0,True,False,False
44,1,0,7,0,0,0,1,23,1.93,0,1,False,False,False
663,16,1,164,0,0,11,5,20,1.89,1,0,True,False,False
1457,34,3,391,0,0,22,11,21,1.89,1,1,True,False,False
9,1,0,2,0,0,0,0,22,1.89,1,1,True,False,False
366,12,1,108,0,0,2,6,23,1.89,0,1,True,False,False
703,28,1,196,1,0,12,12,24,1.89,1,0,True,False,False
181,9,0,56,0,0,0,3,25,1.89,0,1,True,False,False
0,0,0,0,0,0,0,0,18,1.72,0,0,True,False,False
1820,25,4,948,3,0,24,83,27,1.82,1,1,False,False,False
15,1,0,6,0,0,0,1,19,1.87,1,0,True,False,False
0,0,0,0,0,0,0,0,16,1.73,0,0,False,False,True
0,0,0,0,0,0,0,0,17,1.73,0,0,False,False,True
335,8,0,227,0,0,7,9,18,1.73,1,0,False,False,True
18,4,0,10,0,0,1,2,19,1.73,1,1,False,False,True
345,11,0,87,1,0,4,7,19,1.89,1,0,True,False,False
1873,32,6,493,4,0,43,15,20,1.89,1,1,True,False,False
1774,35,2,430,3,0,34,13,21,1.89,1,1,True,False,False
2630,36,1,553,9,0,57,7,22,1.89,0,1,True,False,False
2876,33,0,675,3,0,37,17,23,1.89,1,0,True,False,False
0,0,0,0,0,0,0,0,18,1.86,0,1,True,False,False
581,21,1,197,0,0,13,7,19,1.86,0,0,True,False,False
341,10,1,99,0,0,2,8,20,1.86,1,0,True,False,False
1643,32,1,431,1,0,15,8,21,1.86,0,1,True,False,False
53,1,0,26,0,0,1,4,20,1.78,1,0,False,False,False
606,12,1,215,1,0,9,20,21,1.78,0,1,False,False,False
0,0,0,0,0,0,0,0,22,1.88,0,0,False,False,False
511,19,1,273,1,0,5,15,23,1.84,1,1,False,False,True
2608,36,2,1208,8,0,51,46,21,1.77,0,1,False,False,True
2791,33,2,1415,8,1,59,49,22,1.77,0,0,False,False,True
0,0,0,0,0,0,0,0,17,1.86,0,0,False,False,False
906,23,1,156,0,0,5,7,21,1.75,1,0,True,False,False
1029,14,2,192,1,0,10,13,22,1.75,1,1,True,False,False
0,0,0,0,0,0,0,0,31,1.94,0,0,False,True,False
767,16,0,144,1,1,20,11,25,1.74,1,0,True,False,False
1958,35,3,433,3,0,23,12,27,1.74,0,1,True,False,False
847,20,2,145,2,0,6,12,29,1.74,1,0,True,False,False
503,18,1,108,0,0,6,2,30,1.74,1,1,True,False,False
0,1,0,1,0,0,0,0,17,1.83,0,0,False,False,True
1598,21,5,453,2,0,15,36,18,1.83,0,0,False,False,True
3345,38,6,1029,5,0,29,47,19,1.83,1,0,False,False,True
3071,36,5,1106,1,0,11,47,20,1.83,1,1,False,False,True
2563,34,6,1088,3,0,18,27,22,1.78,1,0,False,False,True
17,3,0,7,0,0,1,1,18,1.75,0,0,True,False,False
62,5,0,20,0,0,1,1,19,1.75,0,0,True,False,False
633,13,0,140,0,1,16,7,20,1.75,0,0,True,False,False
413,17,1,91,0,0,10,3,21,1.75,0,0,True,False,False
2191,31,3,1415,2,0,15,21,24,1.75,0,0,True,False,False
3005,36,5,1750,3,0,19,18,25,1.75,0,0,True,False,False
2433,34,4,1369,2,0,13,6,26,1.75,0,0,True,False,False
2926,37,15,1819,2,0,12,14,27,1.75,0,0,True,False,False
3195,36,0,928,1,0,0,0,23,1.88,0,1,False,True,False
3420,38,1,920,2,0,2,0,24,1.88,0,0,False,True,False
3072,35,0,899,3,1,2,0,25,1.88,1,0,False,True,False
3240,36,1,959,3,0,1,0,26,1.88,0,1,False,True,False
982,28,0,473,4,0,16,22,20,1.87,0,0,False,False,True
847,14,1,268,1,0,5,17,21,1.87,1,0,False,False,True
1366,26,3,336,4,0,21,12,33,1.84,1,1,True,False,False
0,0,0,0,0,0,0,0,33,1.88,0,0,False,True,False
0,0,0,0,0,0,0,0,34,1.88,0,0,False,True,False
1980,22,0,636,0,0,0,0,31,1.91,0,0,False,True,False
180,2,0,43,0,0,0,0,32,1.91,0,0,False,True,False
0,0,0,0,0,0,0,0,18,1.91,0,0,False,True,False
2010,23,0,1003,8,0,36,32,24,1.87,1,0,False,False,False
617,11,0,413,0,0,3,7,26,1.87,1,1,False,False,False
1338,19,1,339,1,0,20,30,25,1.78,1,1,True,False,False
1181,20,0,296,2,0,24,22,26,1.78,0,1,True,False,False
3,1,0,1,0,0,0,0,17,1.79,0,0,False,False,True
0,0,0,0,0,0,0,0,17,1.73,0,0,False,False,True
0,0,0,0,0,0,0,0,18,1.91,0,0,True,False,False
0,0,0,0,0,0,0,0,19,1.91,0,0,True,False,False
0,0,0,0,0,0,0,0,30,1.67,1,1,False,False,True
279,5,1,131,0,0,3,6,22,1.76,1,1,False,False,False
660,10,0,436,0,0,8,14,23,1.76,0,1,False,False,False
1025,15,0,718,3,0,4,23,24,1.76,1,0,False,False,False
88,2,0,56,0,0,3,3,25,1.76,0,1,False,False,False
59,1,0,24,0,0,0,0,21,1.7,0,1,False,False,True
37,1,0,23,0,0,0,6,22,1.7,1,0,False,False,True
1018,17,1,329,0,0,4,18,25,1.84,1,0,False,False,False
1291,16,0,455,4,0,12,19,26,1.84,1,1,False,False,False
0,0,0,0,0,0,0,0,18,1.82,1,0,False,False,True
97,2,0,35,0,0,0,1,19,1.82,1,1,False,False,True
1449,20,4,726,0,0,5,14,20,1.82,1,1,False,False,True
2463,36,7,1407,6,1,36,82,22,1.72,1,0,False,False,True
180,16,0,397,2,0,1,0,23,1.95,0,0,False,True,False
0,0,0,0,0,0,0,0,25,1.95,0,0,False,True,False
770,9,0,245,2,0,0,0,26,1.95,0,0,False,True,False
3420,38,0,1134,1,0,1,0,27,1.95,0,0,False,True,False
616,12,1,230,1,0,10,2,31,1.92,0,0,True,False,False
508,13,0,142,0,0,5,5,28,1.82,0,1,True,False,False
63,3,0,19,0,0,2,3,25,1.82,1,0,True,False,False
2492,30,0,1793,9,0,36,79,21,1.86,0,0,False,False,True
2368,32,2,1659,6,0,70,66,22,1.86,1,0,False,False,True
2094,26,4,1543,8,0,27,67,23,1.86,1,1,False,False,True
3346,38,4,1469,7,0,39,81,29,1.83,1,0,False,False,False
918,24,1,228,1,0,26,16,26,1.77,0,1,True,False,False
0,0,0,0,0,0,0,0,21,1.79,0,0,False,False,True
2060,25,0,876,4,0,28,60,22,1.87,0,0,False,False,False
999,13,0,426,2,0,10,17,23,1.87,1,0,False,False,False
637,12,0,302,0,1,5,15,24,1.87,1,1,False,False,False
147,4,0,78,0,0,2,0,25,1.87,1,1,False,False,False
915,12,0,562,3,0,10,5,26,1.87,1,1,False,False,False
3268,37,2,2084,10,0,52,80,21,1.88,0,0,False,False,True
3044,36,0,1981,6,0,24,48,22,1.88,0,0,False,False,True
2827,34,2,2248,4,0,23,61,23,1.88,0,0,False,False,True
1509,20,0,1082,4,0,24,27,24,1.88,1,0,False,False,True
1341,19,2,914,5,0,19,21,25,1.88,1,1,False,False,True
2520,28,0,1789,3,0,16,23,26,1.88,1,1,False,False,True
788,13,0,728,1,0,9,6,18,1.82,0,0,False,False,False
380,6,0,339,0,0,4,8,19,1.82,0,0,False,False,False
2248,30,5,641,3,0,21,42,28,1.91,1,1,True,False,False
2050,28,1,774,0,0,13,35,26,1.83,1,0,False,False,False
2384,34,9,985,9,0,66,81,23,1.84,0,1,False,False,True
593,9,1,305,1,0,13,13,24,1.84,1,0,False,False,True
832,25,2,446,4,0,24,23,25,1.84,0,1,False,False,True
971,19,2,422,2,0,23,17,26,1.84,1,0,False,False,True
1210,25,1,541,3,0,30,24,27,1.84,1,1,False,False,True
703,23,0,338,4,1,24,17,28,1.84,1,1,False,False,True
3097,35,1,1504,10,0,58,116,26,1.83,0,0,False,False,False
3150,36,1,1331,4,0,60,106,27,1.83,0,0,False,False,False
2720,31,1,1000,5,0,58,71,28,1.83,1,0,False,False,False
1878,24,4,745,2,0,21,54,30,1.83,0,0,False,False,False
1262,20,1,472,1,0,26,30,31,1.83,1,0,False,False,False
0,0,0,0,0,0,0,0,28,1.93,0,0,False,True,False
10,1,0,19,0,0,0,1,16,1.83,1,0,False,False,False
0,0,0,0,0,0,0,0,17,1.83,1,1,False,False,False
2091,25,0,1006,3,0,25,57,19,1.83,1,1,False,False,False
0,0,0,0,0,0,0,0,19,1.78,0,0,False,False,True
749,16,1,379,2,0,6,9,25,1.68,0,0,False,False,True
576,11,0,279,1,0,14,17,29,1.79,0,0,False,False,True
1315,20,0,455,3,0,8,20,28,1.87,0,0,False,False,False
361,8,0,121,2,0,7,4,30,1.87,0,1,False,False,False
2460,36,3,1377,7,0,39,74,28,1.71,0,0,False,False,True
750,17,0,483,0,0,7,26,25,1.74,0,0,False,False,True
218,7,0,225,1,0,6,7,26,1.74,1,0,False,False,True
1746,22,2,1614,2,0,15,46,27,1.74,1,1,False,False,True
725,11,1,693,1,1,6,23,28,1.74,1,1,False,False,True
1190,16,0,781,3,1,18,26,29,1.74,1,1,False,False,True
261,8,0,217,1,0,3,5,30,1.74,1,1,False,False,True
2002,24,1,994,12,0,28,60,26,1.86,1,1,False,False,False
1671,22,0,761,5,0,29,39,27,1.86,1,1,False,False,False
1243,18,0,581,4,1,22,13,28,1.86,1,1,False,False,False
2013,28,2,1610,6,0,29,59,24,1.88,1,0,False,False,True
2074,28,3,1578,6,0,32,62,25,1.88,1,1,False,False,True
2566,30,0,2108,6,0,29,58,26,1.88,1,1,False,False,True
1898,26,2,550,6,0,31,24,24,1.8,1,0,True,False,False
1741,24,0,503,5,0,27,20,25,1.8,1,1,True,False,False
2014,23,0,832,2,0,19,40,26,1.88,0,0,False,False,False
1173,17,0,503,2,0,6,17,27,1.88,0,0,False,False,False
1198,14,0,482,1,1,12,24,28,1.88,1,0,False,False,False
180,2,0,47,0,0,0,0,30,1.84,0,0,False,True,False
0,0,0,0,0,0,0,0,32,1.84,0,1,False,True,False
2293,26,0,849,2,1,9,43,33,1.84,0,0,False,False,False
0,0,0,0,0,0,0,0,28,1.95,1,0,False,False,False
2880,32,1,1697,3,0,31,58,26,1.9,0,0,False,False,False
2430,27,2,1133,7,0,26,44,27,1.9,1,0,False,False,False
2677,30,1,1210,5,0,29,40,28,1.9,0,1,False,False,False
1482,19,1,611,2,0,12,16,29,1.9,1,0,False,False,False
2618,32,2,1110,8,0,17,42,30,1.9,0,1,False,False,False
2082,24,0,834,4,0,15,29,31,1.9,1,0,False,False,False
3053,36,4,1667,3,0,27,89,25,1.75,1,1,False,False,True
1504,25,4,895,1,0,17,46,26,1.75,1,1,False,False,True
1,2,0,5,0,0,0,1,27,1.75,0,1,False,False,True
0,0,0,0,0,0,0,0,19,1.9,0,0,False,False,True
0,1,0,0,0,0,0,0,18,1.8,0,0,False,False,True
2731,33,2,1872,8,0,55,105,30,1.79,0,0,False,False,True
2755,32,1,2180,4,2,48,82,31,1.79,0,0,False,False,True
2885,34,3,2975,7,0,41,62,32,1.79,1,0,False,False,True
2381,29,3,2050,5,0,40,57,33,1.79,1,1,False,False,True
2398,30,1,2222,7,2,26,50,34,1.79,0,1,False,False,True
1181,21,2,1014,6,0,22,31,35,1.79,0,0,False,False,True
1695,24,0,915,4,0,27,60,28,1.83,1,1,False,False,True
558,15,0,370,3,0,11,21,29,1.83,0,1,False,False,True
0,0,0,0,0,0,0,0,25,1.72,0,0,True,False,False
2451,33,1,900,2,0,51,18,31,1.95,0,1,True,False,False
223,16,0,88,1,0,4,6,32,1.95,1,0,True,False,False
683,20,4,223,2,0,12,4,33,1.95,0,1,True,False,False
1307,24,2,406,1,0,16,12,20,1.84,0,0,True,False,False
30,1,0,13,0,0,0,1,17,1.85,0,0,False,False,False
0,0,0,0,0,0,0,0,19,1.85,0,0,False,False,False
1293,15,0,1151,3,0,7,29,21,1.85,1,0,False,False,False
44,1,0,29,0,0,1,2,22,1.85,0,1,False,False,False
0,0,0,0,0,0,0,0,22,1.94,0,1,False,False,False
542,11,0,360,0,0,5,13,24,1.75,0,0,False,False,True
4,1,1,6,0,0,1,1,20,1.76,0,0,False,False,True
1671,23,1,618,3,0,17,21,23,1.82,0,0,False,False,False
1841,24,0,726,1,0,11,30,24,1.82,0,0,False,False,False
2104,24,2,1071,3,0,17,33,26,1.9,1,1,False,False,False
1055,12,0,563,0,0,11,25,27,1.9,1,1,False,False,False
441,6,0,197,0,0,6,8,28,1.9,1,1,False,False,False
420,13,0,172,1,0,5,8,22,1.79,0,0,False,False,True
872,23,0,165,5,0,28,10,25,1.8,0,1,True,False,False
72,3,0,12,0,1,2,1,26,1.8,1,0,True,False,False
0,0,0,0,0,0,0,0,27,1.8,1,1,True,False,False
0,0,0,0,0,0,0,0,27,1.93,1,1,False,False,False
465,16,0,192,0,0,6,4,29,1.75,1,1,True,False,False
581,14,1,227,1,0,1,9,21,1.75,0,0,True,False,False
55,1,0,14,0,0,0,2,22,1.75,0,0,True,False,False
1646,26,0,1116,5,1,24,72,24,1.77,0,0,False,False,True
1784,29,0,1180,5,0,33,71,25,1.77,1,0,False,False,True
155,7,0,96,0,0,2,5,26,1.77,1,1,False,False,True
0,0,0,0,0,0,0,0,26,1.78,1,0,False,False,False
1620,18,0,459,0,0,0,0,27,2.01,0,1,False,True,False
3420,38,0,859,3,0,0,0,28,2.01,1,0,False,True,False
1800,20,0,444,0,0,0,0,29,2.01,0,1,False,True,False
90,1,0,19,0,0,0,0,30,2.01,0,0,False,True,False
0,0,0,0,0,0,0,0,31,2.01,0,0,False,True,False
720,8,0,243,0,0,1,0,32,2.01,0,0,False,True,False
1044,17,1,769,2,0,25,29,25,1.69,0,0,False,False,True
2159,29,0,1668,8,0,42,60,26,1.69,0,0,False,False,True
2395,30,0,1806,5,0,45,81,27,1.69,0,0,False,False,True
0,0,0,0,0,0,0,0,23,1.83,0,0,True,False,False
16,1,0,7,0,0,0,0,24,1.83,0,0,True,False,False
0,0,0,0,0,0,0,0,18,1.88,0,0,False,True,False
0,0,0,0,0,0,0,0,20,1.88,0,0,False,True,False
0,0,0,0,0,0,0,0,21,1.88,0,0,False,True,False
0,0,0,0,0,0,0,0,20,1.95,0,0,False,False,False
0,0,0,0,0,0,0,0,24,1.83,0,0,False,False,True
0,0,0,0,0,0,0,0,25,1.83,0,0,False,False,True
2041,25,2,749,7,0,36,74,24,1.78,1,0,False,False,False
0,0,0,0,0,0,0,0,25,1.78,1,1,False,False,False
1353,32,3,323,2,0,20,6,18,1.85,0,0,True,False,False
1035,15,2,223,0,0,21,6,28,1.83,1,1,True,False,False
651,10,4,242,2,0,11,5,19,1.75,1,0,True,False,False
1671,29,3,591,6,0,28,23,20,1.75,1,1,True,False,False
1019,29,3,357,1,0,12,10,21,1.75,1,1,True,False,False
2026,34,7,609,3,0,27,17,22,1.75,1,1,True,False,False
2059,29,4,732,2,0,28,17,23,1.75,0,1,True,False,False
1996,23,0,1550,2,1,23,25,22,1.9,0,1,False,False,False
656,14,0,116,1,0,9,20,18,1.76,1,0,True,False,False
586,14,1,144,0,0,9,7,19,1.76,1,1,True,False,False
279,5,1,97,1,0,2,6,26,1.86,1,1,False,False,True
1761,21,0,1110,4,1,9,43,24,1.87,0,1,False,False,False
1515,19,0,872,6,0,20,25,25,1.87,1,0,False,False,False
0,0,0,0,0,0,0,0,26,1.93,0,0,False,False,False
113,2,0,55,0,0,1,2,31,1.79,0,1,False,False,False
920,20,2,366,1,0,9,17,31,1.85,1,1,True,False,False
2836,33,1,2061,5,1,42,96,34,1.84,0,1,False,False,True
2110,33,1,1376,10,0,48,70,35,1.84,0,0,False,False,True
1926,25,1,927,4,0,28,35,36,1.84,1,0,False,False,True
3060,34,0,849,4,1,32,45,35,1.91,0,0,False,False,False
3143,36,1,742,5,0,27,50,36,1.91,1,0,False,False,False
456,9,0,125,0,0,2,8,37,1.91,0,1,False,False,False
1955,23,1,773,2,0,17,22,29,1.93,1,0,False,False,False
3298,37,0,1849,5,0,34,53,30,1.93,0,1,False,False,False
2084,27,0,1330,1,1,17,29,31,1.93,0,0,False,False,False
22,2,0,18,0,0,0,0,32,1.93,1,0,False,False,False
2168,25,1,1004,1,0,14,15,33,1.93,1,1,False,False,False
1800,20,1,746,3,0,12,13,34,1.93,1,1,False,False,False
11,2,0,5,0,0,0,0,27,1.77,1,0,True,False,False
32,5,0,12,0,0,2,1,27,1.91,0,0,True,False,False
1750,27,0,943,7,1,40,41,32,1.74,0,0,False,False,True
28,3,1,15,0,0,0,2,24,1.83,1,1,False,False,True
1549,24,3,625,8,1,36,46,25,1.83,1,1,False,False,True
0,0,0,0,0,0,0,0,19,1.75,0,0,False,False,True
1087,14,1,693,0,0,10,28,30,1.76,1,1,False,False,False
2125,25,0,1454,2,0,12,44,31,1.76,1,1,False,False,False
2239,25,0,772,2,0,16,39,29,1.83,0,0,False,False,False
1805,22,0,602,0,0,11,16,30,1.83,1,0,False,False,False
55,4,0,27,0,0,0,1,31,1.83,0,1,False,False,False
61,7,0,39,0,0,0,2,20,1.83,1,0,False,False,True
0,0,0,0,0,0,0,0,21,1.83,0,1,False,False,True
2361,30,0,1128,0,1,27,60,30,1.9,0,0,False,False,True
1628,19,1,787,1,0,17,48,31,1.9,1,0,False,False,True
1524,20,0,506,2,0,16,34,32,1.9,0,1,False,False,True
3420,38,3,1118,7,0,47,62,26,1.78,0,0,False,False,False
2789,32,2,897,7,0,46,47,27,1.78,1,0,False,False,False
2845,36,1,550,3,0,31,87,30,1.86,0,0,False,False,True
0,0,0,0,0,0,0,0,17,1.85,0,0,False,False,True
0,0,0,0,0,0,0,0,20,1.84,0,0,False,False,True
1960,24,2,780,4,0,28,62,28,1.88,1,0,False,False,False
9,2,0,5,0,0,0,0,20,1.91,0,1,True,False,False
38,1,0,5,0,0,0,0,20,1.73,0,0,False,False,True
233,5,0,108,1,0,4,9,21,1.73,0,0,False,False,True
0,0,0,0,0,0,0,0,19,1.77,0,0,False,False,True
0,0,0,0,0,0,0,0,20,1.73,0,0,False,False,True
3167,38,5,1252,1,0,16,38,24,1.75,0,1,False,False,True
2978,36,9,1625,2,0,22,46,25,1.75,1,0,False,False,True
2387,33,2,1266,1,0,13,34,26,1.75,1,1,False,False,True
2735,35,0,1769,3,0,18,40,27,1.75,1,1,False,False,True
2948,37,0,1625,0,0,15,38,28,1.75,0,1,False,False,True
2947,38,0,1757,1,0,15,23,29,1.75,0,0,False,False,True
1384,26,8,523,2,0,3,16,21,1.77,0,0,True,False,False
456,11,0,164,1,0,2,6,22,1.77,0,0,True,False,False
438,7,0,142,0,0,3,5,23,1.77,1,0,True,False,False
2082,30,5,718,3,0,14,11,24,1.77,1,1,True,False,False
2106,28,5,721,3,0,27,33,25,1.77,1,1,True,False,False
0,0,0,0,0,0,0,0,36,1.9,0,0,False,True,False
0,0,0,0,0,0,0,0,37,1.9,0,0,False,True,False
1260,14,0,772,4,0,17,14,22,1.86,0,0,False,False,True
796,12,0,384,1,0,3,11,23,1.86,0,0,False,False,True
23,1,0,5,0,0,0,0,27,1.91,1,1,False,True,False
0,0,0,0,0,0,0,0,28,1.91,0,1,False,True,False
1486,28,2,965,6,0,28,51,23,1.77,1,0,False,False,True
949,18,1,570,5,0,19,28,24,1.77,1,1,False,False,True
0,0,0,0,0,0,0,0,20,1.76,0,0,False,False,True
1955,23,0,740,1,0,12,49,31,1.82,1,1,False,False,False
795,21,0,203,2,0,26,7,31,1.86,0,0,True,False,False
2198,35,0,664,9,0,60,18,33,1.86,1,0,True,False,False
2514,38,1,606,5,0,80,17,34,1.86,1,1,True,False,False
786,23,1,167,0,0,15,5,35,1.86,0,1,True,False,False
3173,37,1,2070,6,0,25,71,31,1.8,0,0,False,False,True
2278,30,1,1408,5,0,18,46,32,1.8,0,0,False,False,True
1092,14,0,316,0,0,6,10,30,1.84,1,1,True,False,False
0,0,0,0,0,0,0,0,18,1.86,0,0,False,False,False
0,0,0,0,0,0,0,0,19,1.8,0,0,False,False,True
603,17,1,244,0,0,4,20,20,1.8,0,0,False,False,True
1237,20,0,336,0,0,11,35,22,1.8,1,1,False,False,True
1287,21,1,724,2,0,15,23,28,1.77,0,0,False,False,True
2486,32,2,2298,5,2,37,77,23,1.86,1,1,False,False,True
3266,38,7,3116,10,0,57,78,24,1.86,1,1,False,False,True
2501,29,2,2245,10,0,45,52,25,1.86,1,1,False,False,True
2590,31,2,1903,10,0,56,45,26,1.86,1,1,False,False,True
2526,31,2,2189,7,1,39,50,27,1.86,0,1,False,False,True
1262,15,0,658,4,0,12,24,27,1.88,1,0,False,False,False
707,13,0,340,1,0,8,14,30,1.77,0,0,False,False,True
2171,30,6,872,6,0,40,13,30,1.94,1,0,True,False,False
630,7,0,179,3,0,8,18,27,1.83,0,0,False,False,False
0,0,0,0,0,0,0,0,21,1.8,1,0,True,False,False
0,0,0,0,0,0,0,0,20,1.77,0,0,False,False,True
1642,27,2,813,2,0,31,40,27,1.87,0,1,False,False,True
451,7,1,123,0,0,7,5,26,1.91,1,1,True,False,False
314,4,0,146,1,0,5,13,22,1.73,0,0,False,False,False
2916,36,3,1193,6,0,26,42,25,1.86,0,1,False,False,True
3327,38,13,1038,2,0,18,45,26,1.86,0,0,False,False,True
2262,27,3,700,2,0,19,38,27,1.86,1,0,False,False,True
3134,38,6,990,3,0,33,55,28,1.86,0,1,False,False,True
2563,35,3,1019,3,0,34,50,29,1.86,1,0,False,False,True
2253,36,5,853,2,0,22,30,30,1.86,0,1,False,False,True
195,5,0,124,0,0,3,10,31,1.83,0,0,False,False,True
239,5,1,56,0,0,4,4,24,1.76,0,0,False,False,True
1177,23,3,666,3,0,19,14,27,1.81,1,1,False,False,True
679,29,2,166,3,0,28,5,27,1.83,0,0,True,False,False
820,21,0,184,2,1,20,5,28,1.83,1,0,True,False,False
547,19,0,79,2,0,15,2,31,1.83,1,0,True,False,False
375,8,1,164,1,0,5,9,19,1.78,0,0,False,False,True
597,9,0,240,0,0,7,24,20,1.78,0,0,False,False,True
889,20,1,496,2,1,12,17,21,1.78,0,0,False,False,True
313,10,0,235,1,0,6,8,22,1.78,0,0,False,False,True
8,1,0,3,0,0,0,0,17,1.84,0,0,False,False,True
10,1,0,9,0,0,0,1,20,1.81,0,0,False,False,True
62,3,0,38,0,0,1,2,21,1.81,0,0,False,False,True
2249,31,2,1477,5,0,40,63,25,1.81,1,1,False,False,True
1671,21,0,1034,7,0,23,57,25,1.77,1,0,False,False,True
2959,35,4,2004,11,1,34,83,26,1.77,1,1,False,False,True
962,13,0,586,4,0,9,19,27,1.77,0,1,False,False,True
2008,25,1,658,10,0,25,62,28,1.77,1,0,False,False,True
3370,38,1,962,5,0,42,29,22,1.88,0,0,True,False,False
3083,37,2,657,5,0,34,17,24,1.88,1,1,True,False,False
3086,35,14,908,1,0,26,22,27,1.88,1,1,True,False,False
0,0,0,0,0,0,0,0,18,1.91,0,0,False,True,False
2306,29,2,1182,5,0,24,54,23,1.94,0,0,False,False,False
3420,38,4,1740,7,0,34,63,24,1.94,0,0,False,False,False
2599,31,0,1747,6,1,20,31,25,1.94,1,0,False,False,False
3420,38,1,2519,6,0,33,37,26,1.94,0,1,False,False,False
3048,34,1,2227,11,0,40,29,27,1.94,1,0,False,False,False
0,0,0,0,0,0,0,0,18,1.98,0,0,False,False,False
0,0,0,0,0,0,0,0,18,1.94,0,0,False,True,False
0,0,0,0,0,0,0,0,19,1.78,0,0,False,False,True
477,21,1,366,1,0,10,10,20,1.78,1,0,False,False,True
770,16,1,642,0,0,8,15,21,1.78,1,1,False,False,True
1591,26,0,1388,4,0,16,22,22,1.78,1,1,False,False,True
2226,31,0,1694,9,0,24,40,23,1.78,1,1,False,False,True
860,15,0,681,5,0,11,16,24,1.78,0,1,False,False,True
18,2,0,11,0,0,0,0,15,1.7,0,0,False,False,True
6,2,0,11,0,0,0,0,16,1.7,0,0,False,False,True
187,10,0,82,0,0,4,6,28,1.83,1,0,False,False,True
147,4,0,82,0,0,1,13,24,1.75,0,1,False,False,True
84,1,0,24,0,0,0,5,26,1.75,0,0,False,False,True
1349,24,1,775,1,0,19,23,27,1.77,1,1,False,False,True
1726,26,9,980,2,0,23,33,28,1.77,1,1,False,False,True
1642,25,4,796,1,0,27,28,29,1.77,1,1,False,False,True
111,3,0,69,1,0,2,0,30,1.77,1,1,False,False,True
3397,38,0,957,4,0,2,0,34,1.91,0,0,False,True,False
3339,38,0,1034,1,0,1,0,35,1.91,0,0,False,True,False
2129,24,0,630,0,0,1,0,36,1.91,0,0,False,True,False
0,0,0,0,0,0,0,0,37,1.91,0,0,False,True,False
0,0,0,0,0,0,0,0,38,1.91,0,0,False,True,False
18,1,0,4,0,0,2,0,19,1.82,0,0,False,False,True
0,0,0,0,0,0,0,0,20,1.82,0,0,False,False,True
0,0,0,0,0,0,0,0,17,1.8,0,0,False,False,False
3330,37,0,1047,0,0,0,0,28,1.88,1,1,False,True,False
3005,34,0,1060,0,0,0,0,29,1.88,1,1,False,True,False
3240,36,0,996,1,0,1,0,30,1.88,1,1,False,True,False
2970,33,0,1047,0,0,0,0,31,1.88,1,1,False,True,False
1808,21,0,474,0,0,0,0,32,1.88,1,1,False,True,False
3420,38,0,898,0,0,0,0,33,1.88,0,1,False,True,False
3240,36,5,1689,3,0,19,58,20,1.77,1,0,False,False,False
2498,33,4,1392,4,0,20,24,21,1.77,1,1,False,False,False
3051,35,3,1842,5,0,36,57,22,1.77,0,1,False,False,False
1533,19,5,785,3,0,16,15,23,1.77,1,0,False,False,False
1159,15,0,570,2,0,15,20,24,1.77,1,1,False,False,False
2093,25,2,1114,8,0,21,29,25,1.77,0,1,False,False,False
1345,25,2,442,3,0,20,18,24,1.79,0,0,True,False,False
1153,22,3,303,0,0,20,25,26,1.79,0,0,True,False,False
2105,31,2,1274,3,1,19,27,29,1.81,1,0,False,False,True
377,12,0,189,0,0,3,3,30,1.81,0,1,False,False,True
162,6,0,81,1,0,1,3,31,1.81,0,0,False,False,True
756,11,0,369,1,0,8,18,26,1.83,0,1,False,False,True
87,3,0,34,0,0,1,0,24,1.84,0,0,False,False,True
1010,22,0,588,3,0,22,29,21,1.79,0,1,False,False,True
3075,35,1,1869,10,0,68,144,25,1.74,0,0,False,False,True
2686,33,1,1885,11,0,51,135,26,1.74,0,0,False,False,True
2757,33,1,1566,6,1,50,117,27,1.74,0,0,False,False,True
2825,33,2,1739,6,0,54,142,28,1.74,1,0,False,False,True
67,7,0,29,1,0,3,7,23,1.8,1,1,False,False,True
1680,28,1,660,0,0,1,16,27,1.66,0,0,False,False,True
9,1,0,3,0,0,0,0,28,1.66,0,0,False,False,True
11,1,0,3,0,0,0,1,20,1.8,0,0,False,False,True
710,10,1,505,0,0,2,10,25,1.8,1,1,False,False,True
1508,30,1,1402,3,0,14,27,26,1.8,0,1,False,False,True
2135,31,3,1994,3,0,13,19,27,1.8,1,0,False,False,True
2015,31,1,1953,7,0,16,27,28,1.8,0,1,False,False,True
2031,28,2,1714,1,0,8,25,29,1.8,1,0,False,False,True
3150,35,0,1080,0,0,1,0,20,1.97,0,0,False,True,False
47,4,0,11,0,0,0,0,18,1.75,0,0,True,False,False
1370,26,0,527,7,0,30,40,22,1.87,0,0,False,False,True
1862,25,4,720,3,1,32,73,23,1.87,1,0,False,False,True
979,22,1,232,1,0,8,10,22,1.88,0,0,True,False,False
0,0,0,0,0,0,0,0,16,1.88,0,0,False,False,True
503,19,1,131,2,0,12,16,20,1.82,1,1,True,False,False
0,0,0,0,0,0,0,0,21,1.82,1,1,True,False,False
1036,30,1,349,4,0,24,15,22,1.82,1,1,True,False,False
65,5,0,17,1,0,2,0,23,1.82,1,1,True,False,False
1277,23,4,423,1,0,27,12,28,1.88,1,0,True,False,False
369,16,1,157,1,0,3,2,29,1.88,1,1,True,False,False
19,1,0,9,0,0,0,0,32,1.88,0,1,True,False,False
2970,33,0,1134,4,0,18,68,21,1.94,0,1,False,False,False
2766,32,1,974,8,0,31,27,22,1.94,0,0,False,False,False
1378,18,0,583,3,0,8,20,23,1.94,1,0,False,False,False
682,23,1,294,1,0,13,5,24,1.75,1,0,True,False,False
2475,36,0,724,2,0,30,23,26,1.75,1,1,True,False,False
10,2,0,3,0,0,0,0,19,1.85,1,0,True,False,False
810,10,0,306,0,0,9,17,25,1.82,0,0,False,False,False
2790,31,0,883,0,0,1,0,22,1.96,1,0,False,True,False
450,5,0,140,0,0,0,0,23,1.96,0,1,False,True,False
3150,35,0,1169,0,0,0,0,24,1.96,1,0,False,True,False
90,1,0,19,0,0,0,0,27,1.96,0,0,False,True,False
2396,29,1,1066,11,0,49,81,25,1.77,1,0,False,False,True
2542,35,2,1712,3,0,29,77,26,1.85,0,1,False,False,True
2233,30,0,1285,7,0,25,59,27,1.85,1,0,False,False,True
3420,38,1,1584,7,0,23,60,28,1.85,0,1,False,False,True
3313,37,2,1329,6,0,30,51,29,1.85,0,0,False,False,True
2618,30,0,923,1,0,33,35,30,1.85,1,0,False,False,True
1352,16,0,500,2,0,21,26,31,1.85,0,1,False,False,True
831,16,0,316,1,0,6,6,19,1.8,1,0,False,False,True
3234,36,6,1371,8,0,34,29,23,1.8,1,1,False,False,True
2185,26,10,996,6,0,40,31,24,1.8,1,1,False,False,True
2854,36,8,989,2,0,28,63,23,1.75,0,0,False,False,True
0,0,0,0,0,0,0,0,18,1.9,0,0,False,False,True
2915,33,1,1557,4,0,22,23,25,1.9,1,0,False,False,False
180,2,0,77,0,0,0,3,26,1.9,0,1,False,False,False
1157,22,0,446,5,0,17,25,24,1.88,0,0,False,False,True
1493,20,1,570,4,0,23,38,25,1.88,1,0,False,False,True
15,1,0,2,0,0,0,0,28,1.88,0,0,False,False,True
72,1,0,5,0,0,0,1,20,1.9,0,0,False,False,False
403,6,0,236,0,0,3,9,21,1.9,0,0,False,False,False
238,4,0,93,0,0,1,5,22,1.9,0,0,False,False,False
1550,19,2,601,2,0,10,21,23,1.8,1,0,False,False,False
1469,17,1,729,1,0,15,22,22,1.85,0,0,False,False,False
141,3,0,83,0,0,1,3,23,1.72,1,1,False,False,True
1950,29,2,1068,4,0,21,27,24,1.72,1,1,False,False,True
1187,20,3,808,6,0,15,15,25,1.72,0,1,False,False,True
389,8,1,217,2,0,7,7,26,1.72,1,0,False,False,True
210,8,0,75,0,0,1,1,27,1.72,1,1,False,False,True
0,0,0,0,0,0,0,0,20,1.79,0,0,False,False,True
1621,26,3,458,3,0,23,39,25,1.73,0,0,False,False,True
614,22,0,221,0,0,13,10,19,1.8,0,0,False,False,True
0,1,0,4,0,0,0,0,18,1.81,0,0,False,False,True
434,12,0,155,0,0,3,11,20,1.82,0,1,False,False,True
0,0,0,0,0,0,0,0,21,1.82,1,0,False,False,True
761,17,0,329,0,0,3,14,22,1.82,1,1,False,False,True
1815,33,0,630,4,0,21,34,23,1.82,0,1,False,False,True
0,0,0,0,0,0,0,0,18,1.76,0,0,False,False,True
16,1,0,6,0,0,0,2,17,1.88,0,0,False,False,False
0,0,0,0,0,0,0,0,22,1.93,0,0,False,True,False
0,0,0,0,0,0,0,0,19,1.8,0,0,False,False,True
0,0,0,0,0,0,0,0,20,1.68,1,0,False,False,True
2977,37,1,1606,5,1,33,79,26,1.8,0,0,False,False,True
2675,34,2,1103,5,0,42,72,27,1.8,0,0,False,False,True
1246,18,0,383,2,1,30,33,30,1.8,0,0,False,False,True
90,1,0,58,0,0,0,2,19,1.8,0,0,False,False,False
67,1,0,13,0,0,2,0,20,1.8,0,0,False,False,False
404,5,0,128,0,0,0,0,23,1.99,0,0,False,True,False
0,0,0,0,0,0,0,0,24,1.99,0,0,False,True,False
0,0,0,0,0,0,0,0,25,1.99,0,0,False,True,False
646,12,0,263,0,0,12,15,21,1.91,0,0,False,False,True
0,0,0,0,0,0,0,0,17,1.96,0,0,False,True,False
1145,18,0,486,1,1,11,12,21,1.88,0,0,False,False,False
2928,33,0,1184,5,0,16,31,23,1.88,1,0,False,False,False
2745,32,1,1104,4,0,16,32,24,1.88,1,1,False,False,False
2079,24,0,847,5,0,22,14,25,1.88,1,1,False,False,False
1627,19,0,621,4,0,17,14,26,1.88,1,1,False,False,False
0,0,0,0,0,0,0,0,16,1.91,0,0,False,False,False
0,0,0,0,0,0,0,0,21,1.99,0,0,False,True,False
961,13,0,327,5,0,11,32,26,1.77,0,1,False,False,False
0,0,0,0,0,0,0,0,30,1.77,1,1,False,False,False
1439,19,0,574,3,1,12,18,31,1.88,1,0,False,False,False
1653,22,0,580,3,0,7,21,32,1.88,0,1,False,False,False
0,0,0,0,0,0,0,0,17,1.78,0,0,True,False,False
0,0,0,0,0,0,0,0,19,1.78,0,0,True,False,False
0,1,0,1,0,0,0,0,17,1.82,0,0,False,False,True
8,1,0,14,0,0,0,0,18,1.82,0,0,False,False,True
0,0,0,0,0,0,0,0,19,1.78,0,0,False,False,False
59,1,0,28,0,0,0,0,22,1.79,1,0,False,False,False
1010,13,1,682,1,0,8,36,21,1.83,0,0,False,False,False
2070,23,1,1054,4,0,16,61,22,1.83,1,0,False,False,False
2849,36,7,1404,3,1,25,48,21,1.75,1,0,False,False,True
2628,31,3,1473,4,0,36,59,22,1.75,1,1,False,False,True
2105,31,5,1020,4,0,19,32,23,1.75,1,1,False,False,True
2192,28,2,1058,5,0,41,55,27,1.78,1,0,False,False,True
2009,29,3,854,5,0,41,59,28,1.78,1,1,False,False,True
2434,33,1,1070,5,0,45,58,29,1.78,0,1,False,False,True
3072,38,6,1400,7,0,61,84,30,1.78,0,0,False,False,True
3104,37,3,1428,6,0,57,88,31,1.78,1,0,False,False,True
1471,18,2,772,3,0,32,57,32,1.78,0,1,False,False,True
206,4,0,97,0,0,3,9,26,1.8,1,1,False,False,True
14,1,0,6,0,0,0,2,27,1.8,0,1,False,False,True
1667,33,0,783,9,0,31,82,28,1.8,0,0,False,False,True
822,16,0,331,1,0,6,16,29,1.8,1,0,False,False,True
2413,35,2,598,7,1,36,70,26,1.8,0,0,False,False,True
1464,34,2,350,9,0,31,55,27,1.8,0,0,False,False,True
1395,30,0,359,7,0,35,40,28,1.8,0,0,False,False,True
2416,28,11,1377,9,1,47,68,29,1.75,0,0,False,False,True
3159,36,3,2168,5,0,38,94,30,1.75,1,0,False,False,True
1763,32,3,1480,3,0,29,58,31,1.75,0,1,False,False,True
1785,31,4,1401,5,1,28,43,32,1.75,1,0,False,False,True
926,22,2,747,4,0,11,16,33,1.75,1,1,False,False,True
1060,26,1,857,3,0,19,26,34,1.75,1,1,False,False,True
1342,18,3,593,3,0,7,26,29,1.83,1,0,False,False,True
1733,31,2,764,3,0,19,26,30,1.83,0,1,False,False,True
206,4,0,88,0,0,0,2,31,1.83,1,0,False,False,True
553,19,0,263,1,0,10,19,23,1.85,0,0,False,False,False
2790,31,0,1091,5,0,25,46,24,1.85,1,0,False,False,False
3087,35,1,1135,8,0,35,71,25,1.85,1,1,False,False,False
3420,38,2,1350,10,0,49,66,26,1.85,0,1,False,False,False
3240,36,0,1259,6,0,27,66,27,1.85,1,0,False,False,False
1963,25,0,835,4,0,17,62,26,1.92,1,1,False,False,False
1976,24,0,728,4,0,10,28,27,1.92,1,1,False,False,False
2388,28,0,888,8,0,20,47,28,1.92,0,1,False,False,False
2563,29,1,1111,6,0,16,33,29,1.92,1,0,False,False,False
1586,18,1,671,5,0,14,29,30,1.92,1,1,False,False,False
552,8,0,182,1,0,3,4,31,1.92,1,1,False,False,False
0,0,0,0,0,0,0,0,17,1.92,0,0,False,True,False
1533,33,4,699,5,0,21,14,20,1.77,0,1,False,False,True
1884,30,4,966,4,0,27,29,21,1.77,1,0,False,False,True
1714,30,3,747,3,0,18,23,22,1.77,0,1,False,False,True
1942,26,0,720,4,0,22,36,23,1.77,0,0,False,False,True
3420,38,3,1666,9,0,57,92,24,1.77,1,0,False,False,True
3420,38,7,2434,5,0,45,75,25,1.77,1,1,False,False,True
0,1,0,0,0,0,0,0,19,1.77,0,0,False,False,True
0,0,0,0,0,0,0,0,20,1.77,0,0,False,False,True
165,4,0,43,0,0,1,2,27,1.78,0,0,True,False,False
452,13,0,192,0,0,3,10,20,1.68,0,0,False,False,True
6,1,0,0,0,0,0,0,19,1.8,0,0,False,False,False
0,0,0,0,0,0,0,0,22,1.8,0,0,False,False,False
3139,36,6,625,5,1,42,35,28,1.79,1,0,True,False,False
2808,35,5,529,2,1,26,15,29,1.79,0,1,True,False,False
3258,37,1,463,3,0,29,15,30,1.79,0,0,True,False,False
2732,34,4,416,3,1,19,14,31,1.79,1,0,True,False,False
3034,35,5,442,2,0,20,15,32,1.79,1,1,True,False,False
2844,34,9,434,1,0,26,18,33,1.79,1,1,True,False,False
428,5,0,181,1,0,3,6,21,1.89,0,0,False,False,False
2150,25,1,822,7,0,22,41,22,1.89,0,0,False,False,False
3058,34,1,1537,4,0,33,65,23,1.89,0,0,False,False,False
3101,36,1,2068,5,1,30,37,24,1.89,0,0,False,False,False
1084,15,0,553,0,0,20,51,24,1.95,0,1,False,False,True
436,7,0,199,1,0,8,14,25,1.95,1,0,False,False,True
2595,29,0,1474,5,0,17,48,28,1.89,1,0,False,False,False
2897,33,0,2051,5,0,21,43,29,1.89,1,1,False,False,False
3206,36,0,2488,4,0,20,64,30,1.89,0,1,False,False,False
1914,22,0,1531,3,1,10,38,31,1.89,1,0,False,False,False
1643,23,1,1101,2,0,7,40,32,1.89,1,1,False,False,False
2030,23,0,845,2,0,17,53,25,1.99,1,1,False,False,False
1496,19,0,822,3,0,9,19,26,1.99,0,1,False,False,False
2574,30,0,1763,3,1,19,50,27,1.99,1,0,False,False,False
526,6,0,201,1,0,8,17,20,1.84,1,0,False,False,False
488,6,0,199,2,0,11,5,21,1.84,1,1,False,False,False
0,0,0,0,0,0,0,0,23,1.92,0,0,False,False,False
298,4,0,223,0,0,4,8,17,1.95,0,0,False,False,False
0,0,0,0,0,0,0,0,18,1.95,1,0,False,False,False
177,7,0,70,0,0,3,2,19,1.82,0,0,True,False,False
921,13,4,213,0,0,4,19,22,1.82,0,0,True,False,False
2576,38,5,620,0,0,15,26,23,1.82,0,0,True,False,False
0,0,0,0,0,0,0,0,20,1.84,1,1,False,False,False
1879,24,0,586,2,0,17,35,21,1.84,1,1,False,False,False
0,0,0,0,0,0,0,0,18,1.75,0,0,False,False,True
2624,31,3,1240,3,0,34,54,29,1.73,1,0,False,False,True
3096,36,5,1468,9,0,62,74,30,1.73,0,1,False,False,True
570,10,0,238,5,0,14,13,31,1.73,1,0,False,False,True
391,11,0,212,1,0,12,8,32,1.73,0,1,False,False,True
0,0,0,0,0,0,0,0,27,1.88,0,0,False,True,False
0,0,0,0,0,0,0,0,29,1.88,0,0,False,True,False
1427,20,0,425,2,0,14,30,22,1.78,0,0,False,False,False
1759,21,1,540,2,0,24,36,23,1.78,0,0,False,False,False
1096,18,3,352,2,0,13,27,24,1.78,1,0,False,False,False
1599,21,1,475,5,0,18,39,25,1.78,1,1,False,False,False
826,13,0,290,1,0,7,24,26,1.78,1,1,False,False,False
691,11,0,323,2,0,11,31,22,1.85,0,0,False,False,True
17,2,0,8,1,0,2,0,23,1.85,0,0,False,False,True
1108,16,0,312,2,0,15,33,20,1.78,0,0,False,False,False
0,0,0,0,0,0,0,0,17,1.76,0,0,False,False,True
0,0,0,0,0,0,0,0,18,1.76,0,0,False,False,True
0,1,0,1,0,0,0,0,20,1.76,0,0,False,False,True
128,4,0,26,0,0,0,0,27,1.74,1,1,False,False,False
135,2,0,70,0,0,2,4,23,1.86,1,1,False,False,True
11,1,0,9,0,0,0,1,24,1.86,1,1,False,False,True
218,7,0,47,0,0,3,1,23,1.92,0,1,True,False,False
8,1,0,2,0,0,0,0,26,1.83,1,0,False,True,False
0,0,0,0,0,0,0,0,27,1.83,0,1,False,True,False
2695,32,1,1004,6,1,43,33,24,1.85,0,1,False,False,True
2339,34,2,802,1,0,19,16,25,1.85,1,0,False,False,True
2068,32,0,659,4,0,17,24,26,1.85,0,1,False,False,True
1935,24,2,545,8,0,17,18,27,1.85,0,0,False,False,True
1424,22,1,538,1,1,15,8,28,1.85,0,0,False,False,True
0,0,0,0,0,0,0,0,17,1.84,0,0,False,False,True
0,0,0,0,0,0,0,0,18,1.84,0,0,False,False,True
2510,30,0,1561,12,0,43,45,23,1.79,1,1,False,False,True
2708,33,2,1398,11,1,42,54,24,1.79,1,1,False,False,True
1354,23,2,365,0,0,11,21,25,1.7,1,1,False,False,True
373,13,1,94,0,0,1,7,26,1.7,1,1,False,False,True
1379,24,2,461,4,0,15,46,22,1.78,1,1,False,False,True
1137,19,0,349,0,0,4,35,23,1.78,1,1,False,False,True
1748,24,1,654,3,0,18,57,24,1.78,1,1,False,False,True
1665,30,1,630,1,0,25,41,25,1.78,1,1,False,False,True
1035,17,1,314,2,0,17,18,26,1.78,1,1,False,False,True
1426,27,3,398,3,0,25,29,27,1.78,1,1,False,False,True
0,0,0,0,0,0,0,0,18,1.84,0,0,False,False,True
1294,20,3,385,3,1,27,36,27,1.78,0,0,False,False,True
67,2,0,20,0,0,1,2,28,1.78,1,0,False,False,True
441,5,0,106,0,0,4,15,18,1.84,0,0,False,False,False
2551,33,1,425,3,0,17,17,32,1.71,0,0,True,False,False
3323,37,2,456,1,0,24,20,33,1.71,0,0,True,False,False
1083,24,1,131,1,0,12,12,34,1.71,1,0,True,False,False
21,4,0,3,0,0,0,0,35,1.71,0,1,True,False,False
113,5,0,24,0,0,4,1,19,1.81,0,0,True,False,False
27,4,0,8,0,0,1,0,20,1.81,0,0,True,False,False
1634,25,1,712,4,0,24,38,22,1.74,0,1,False,False,True
1366,25,2,727,3,0,26,17,23,1.74,1,0,False,False,True
1822,33,5,932,2,0,34,30,24,1.74,0,1,False,False,True
1668,27,2,761,3,0,27,29,25,1.74,1,0,False,False,True
931,22,0,391,3,0,28,15,26,1.74,1,1,False,False,True
1425,16,4,633,3,0,21,12,27,1.74,0,1,False,False,True
0,0,0,0,0,0,0,0,17,1.78,0,0,False,False,True
615,13,1,146,0,0,5,10,24,1.78,0,0,True,False,False
97,2,0,45,0,0,0,4,32,1.77,1,0,False,False,False
2278,34,7,1268,1,0,18,29,29,1.72,1,0,False,False,False
1056,24,0,582,2,0,6,19,30,1.72,0,1,False,False,False
162,2,0,118,1,0,2,1,22,1.84,0,1,False,False,False
1501,19,2,429,0,0,10,37,25,1.77,1,0,False,False,False
0,0,0,0,0,0,0,0,21,1.91,0,1,False,False,False
270,3,0,153,1,0,2,3,22,1.91,0,0,False,False,False
0,0,0,0,0,0,0,0,19,1.92,0,0,False,True,False
0,0,0,0,0,0,0,0,25,1.77,0,0,False,False,True
2730,31,1,1958,7,1,39,33,24,1.92,1,0,False,False,False
727,19,1,410,0,0,14,28,25,1.68,1,1,False,False,True
2936,36,2,1286,9,0,27,86,26,1.68,0,1,False,False,True
3142,36,6,1358,8,0,49,96,27,1.68,0,0,False,False,True
0,0,0,0,0,0,0,0,25,1.78,0,0,False,False,False
2641,30,1,694,5,0,20,50,28,1.78,1,0,False,False,False
2350,28,1,951,5,0,25,61,24,1.73,1,0,False,False,False
662,16,0,314,2,0,10,15,26,1.73,0,1,False,False,False
0,0,0,0,0,0,0,0,33,1.76,0,1,False,False,True
0,0,0,0,0,0,0,0,18,1.79,0,0,True,False,False
3110,35,0,721,0,0,0,0,28,1.96,1,0,False,True,False
1710,19,1,544,0,0,1,0,30,1.96,0,0,False,True,False
1710,19,0,565,0,0,0,0,31,1.96,0,0,False,True,False
0,0,0,0,0,0,0,0,32,1.96,0,0,False,True,False
0,0,0,0,0,0,0,0,33,1.96,0,0,False,True,False
979,19,0,399,1,0,12,16,28,1.83,1,0,False,False,True
1160,18,0,563,1,0,7,25,29,1.83,0,1,False,False,True
219,6,0,65,1,0,3,2,24,1.79,0,1,True,False,False
0,0,0,0,0,0,0,0,19,1.78,0,0,False,False,True
1959,28,0,778,4,1,29,45,24,1.78,1,1,False,False,True
0,0,0,0,0,0,0,0,18,1.83,0,0,False,False,False
0,0,0,0,0,0,0,0,19,1.92,0,0,False,False,False
729,12,0,429,0,0,2,14,22,1.92,0,1,False,False,False
0,0,0,0,0,0,0,0,20,1.85,0,0,False,False,True
0,0,0,0,0,0,0,0,20,1.84,0,0,False,True,False
9,1,0,1,0,0,0,0,17,1.75,0,0,True,False,False
883,19,2,342,0,0,9,26,23,1.78,0,0,True,False,False
2455,29,0,1699,3,0,14,47,24,1.95,1,0,False,False,False
1994,25,0,1655,3,0,19,35,25,1.95,1,1,False,False,False
1532,22,0,1341,3,0,11,39,26,1.95,0,1,False,False,False
703,9,0,553,0,0,7,13,27,1.95,1,0,False,False,False
691,10,2,546,2,0,11,14,28,1.95,1,1,False,False,False
0,0,0,0,0,0,0,0,20,1.88,0,0,True,False,False
36,4,0,5,1,0,1,0,21,1.88,0,0,True,False,False
90,1,0,27,0,0,0,0,20,1.89,0,0,False,True,False
0,0,0,0,0,0,0,0,21,1.89,0,0,False,True,False
1170,13,0,421,1,0,0,0,25,1.97,0,0,False,True,False
1736,20,1,570,2,0,1,0,26,1.97,0,0,False,True,False
0,0,0,0,0,0,0,0,27,1.97,0,0,False,True,False
2255,26,1,819,5,0,32,43,30,1.86,1,1,False,False,False
2697,38,2,820,7,0,32,34,22,1.86,1,1,True,False,False
1988,31,2,582,3,0,24,33,23,1.86,0,1,True,False,False
1104,14,0,576,4,0,20,43,33,1.8,0,0,False,False,True
0,0,0,0,0,0,0,0,29,1.8,1,1,False,False,False
3189,36,0,1290,3,1,34,44,26,1.85,0,0,False,False,False
2630,31,1,1123,7,1,29,41,27,1.85,0,0,False,False,False
2516,30,2,999,8,0,25,36,27,1.69,1,0,False,False,True
2576,31,2,1139,4,0,33,51,28,1.69,1,1,False,False,True
2455,34,3,1176,5,0,27,46,25,1.81,1,0,False,False,True
2032,28,2,999,8,1,24,25,26,1.81,0,1,False,False,True
2317,28,3,715,3,0,37,53,24,1.78,1,1,False,False,True
3330,37,5,1367,12,0,43,61,25,1.78,0,1,False,False,True
2007,28,0,590,2,0,19,32,34,1.92,0,1,False,False,False
2160,28,1,686,5,0,17,29,35,1.92,1,0,False,False,False
2430,27,0,772,0,0,0,0,28,1.92,0,0,False,True,False
90,1,0,19,0,0,0,0,31,1.92,0,0,False,True,False
0,0,0,0,0,0,0,0,32,1.92,0,0,False,True,False
90,2,0,14,0,0,0,0,33,1.92,0,0,False,True,False
2778,33,0,1566,3,0,11,46,21,1.88,1,1,False,False,False
2013,27,0,1464,1,0,8,26,22,1.88,0,1,False,False,False
1305,18,0,1246,0,0,6,15,23,1.88,1,0,False,False,False
1762,24,0,1751,1,0,6,16,24,1.88,1,1,False,False,False
1118,16,0,1035,0,0,5,16,25,1.88,1,1,False,False,False
1934,22,0,1727,0,1,7,21,26,1.88,1,1,False,False,False
1991,24,0,924,2,2,10,21,34,1.87,1,0,False,False,False
492,9,0,320,1,0,5,3,35,1.87,1,1,False,False,False
0,0,0,0,0,0,0,0,16,1.81,0,0,True,False,False
2810,32,0,1061,2,0,16,35,32,1.91,0,0,False,False,False
123,2,0,34,0,0,2,0,33,1.91,0,0,False,False,False
421,5,1,254,1,0,7,11,22,1.81,0,1,False,False,False
359,6,0,136,2,0,9,23,23,1.81,0,0,False,False,False
0,0,0,0,0,0,0,0,24,1.81,0,0,False,False,False
0,0,0,0,0,0,0,0,21,1.9,0,1,False,False,False
717,11,0,294,2,0,9,26,22,1.9,0,0,False,False,False
3420,38,1,1284,1,0,0,0,28,1.95,0,1,False,True,False
2777,31,1,1006,1,0,0,0,29,1.95,0,0,False,True,False
0,0,0,0,0,0,0,0,30,1.95,1,0,False,True,False
0,0,0,0,0,0,0,0,31,1.95,0,1,False,True,False
531,16,0,119,0,0,10,5,22,1.81,0,0,True,False,False
2410,30,0,1413,8,1,32,93,28,1.76,1,1,False,False,True
2377,29,1,1546,8,1,58,78,29,1.76,1,1,False,False,True
111,6,0,27,1,0,1,0,29,1.89,0,0,True,False,False
271,5,1,49,0,0,7,9,16,1.82,0,0,False,False,True
110,9,1,16,0,0,0,0,17,1.82,0,0,False,False,True
0,0,0,0,0,0,0,0,18,1.82,0,0,False,False,True
1724,27,3,492,1,0,14,8,31,1.83,1,1,True,False,False
1296,23,2,331,1,0,13,8,32,1.83,0,1,True,False,False
36,3,0,9,0,0,0,0,33,1.83,1,0,True,False,False
0,0,0,0,0,0,0,0,34,1.83,1,1,True,False,False
10,1,0,5,0,0,0,0,21,1.68,0,0,False,False,True
2268,31,5,1473,8,0,21,37,23,1.84,0,0,False,False,True
2267,30,3,1382,2,2,23,39,25,1.84,0,0,False,False,True
944,16,1,629,1,0,16,22,26,1.84,1,0,False,False,True
2124,26,2,1044,3,0,19,29,27,1.84,1,1,False,False,True
2617,30,3,1401,7,0,31,39,28,1.84,1,1,False,False,True
61,1,0,22,0,0,0,1,18,1.76,0,0,False,False,False
12,1,0,9,0,0,1,0,19,1.76,0,0,False,False,False
1588,19,1,587,2,0,17,41,20,1.76,0,0,False,False,False
790,10,1,427,1,0,10,22,21,1.76,0,0,False,False,False
77,4,0,42,0,0,0,2,23,1.76,1,1,False,False,False
2638,31,1,942,8,0,31,42,28,1.88,1,0,False,False,False
2272,28,2,961,7,0,26,29,29,1.88,1,1,False,False,False
1995,24,0,1029,2,0,21,24,30,1.88,1,1,False,False,False
3386,38,1,2491,8,1,35,48,31,1.88,1,1,False,False,False
2476,28,2,1850,7,0,18,25,32,1.88,1,1,False,False,False
0,0,0,0,0,0,0,0,20,1.83,0,0,False,True,False
836,10,2,368,2,0,18,36,21,1.76,1,0,False,False,False
2353,30,0,800,6,1,48,40,23,1.82,0,0,True,False,False
864,14,3,240,1,0,18,14,24,1.82,0,0,True,False,False
2859,36,2,835,2,1,63,82,25,1.82,0,0,True,False,False
1186,20,2,265,3,0,31,38,26,1.82,0,0,True,False,False
3162,37,2,814,6,0,59,48,27,1.82,0,0,True,False,False
2097,33,3,633,4,0,45,38,28,1.82,0,0,True,False,False
1293,17,3,939,1,0,10,41,25,1.87,0,0,False,False,True
2118,24,4,2057,8,0,28,88,26,1.87,0,0,False,False,True
2172,27,1,2085,1,0,26,51,27,1.87,1,0,False,False,True
1982,32,3,1740,1,1,26,46,28,1.87,1,1,False,False,True
0,0,0,0,0,0,0,0,18,1.88,0,0,False,True,False
22,3,0,9,0,0,3,0,25,1.83,0,0,True,False,False
152,4,0,67,0,0,1,2,19,1.83,0,0,False,False,True
180,2,0,70,0,0,0,0,21,1.85,0,0,False,True,False
2610,29,0,954,0,0,0,0,22,1.85,1,0,False,True,False
3420,38,0,1162,0,0,1,0,23,1.85,0,1,False,True,False
3420,38,0,1118,1,0,1,0,24,1.85,0,0,False,True,False
3420,38,0,1184,2,0,1,0,25,1.85,0,0,False,True,False
2743,31,0,998,1,0,1,0,26,1.85,1,0,False,True,False
208,6,0,42,0,0,3,1,26,1.85,0,0,True,False,False
14,1,0,5,0,0,0,1,18,1.78,1,1,False,False,True
1824,25,5,991,4,0,19,32,22,1.77,0,0,False,False,True
461,8,0,193,0,0,4,7,23,1.84,0,1,False,False,False
1407,17,0,658,5,0,26,36,24,1.84,0,0,False,False,False
354,6,0,156,0,0,4,9,30,1.78,0,1,False,False,True
0,0,0,0,0,0,0,0,18,1.76,0,0,False,False,False
1173,27,2,481,0,0,10,10,19,1.76,1,0,False,False,True
1055,25,0,378,0,0,7,12,20,1.76,0,1,False,False,True
2003,32,6,695,1,0,10,14,21,1.76,0,0,False,False,True
794,19,1,250,1,0,8,6,22,1.76,0,0,False,False,True
47,2,0,17,0,0,0,2,23,1.76,0,0,False,False,True
793,20,0,307,0,0,11,18,23,1.84,0,1,False,False,True
49,4,0,41,0,0,0,2,24,1.84,0,0,False,False,True
0,0,0,0,0,0,0,0,25,1.84,1,0,False,False,True
1550,22,0,768,5,0,18,42,24,1.69,1,1,False,False,True
1026,16,1,623,3,0,14,18,25,1.69,1,1,False,False,True
1080,12,0,330,1,0,8,37,22,1.83,0,0,False,False,False
3165,37,0,3118,8,0,33,76,26,1.8,0,0,False,False,True
2382,31,2,2257,10,0,27,66,27,1.8,0,0,False,False,True
2013,28,1,1783,2,0,32,57,28,1.8,0,0,False,False,True
1090,22,1,379,0,0,19,14,25,1.92,0,0,True,False,False
1655,30,1,593,2,0,30,22,27,1.92,0,1,True,False,False
586,16,0,208,1,0,5,14,28,1.92,0,0,True,False,False
0,0,0,0,0,0,0,0,19,1.9,0,0,False,True,False
19,1,0,6,0,0,2,0,20,1.86,0,0,True,False,False
0,0,0,0,0,0,0,0,18,1.75,0,0,False,False,True
0,0,0,0,0,0,0,0,19,1.75,0,0,False,False,True
261,6,0,79,0,0,4,5,20,1.75,0,0,False,False,True
805,10,0,331,2,0,6,14,23,1.79,0,0,False,False,True
2813,33,1,1172,2,0,36,45,24,1.79,1,0,False,False,True
0,0,0,0,0,0,0,0,19,1.71,0,0,False,False,False
0,1,0,0,0,0,0,0,19,1.75,0,0,False,False,True
6,2,0,4,0,0,0,0,21,1.75,0,0,False,False,True
90,1,0,41,0,0,4,6,20,1.75,0,0,False,False,True
0,0,0,0,0,0,0,0,20,1.85,0,0,False,False,False
0,0,0,0,0,0,0,0,17,1.8,0,0,True,False,False
809,15,0,180,0,0,8,7,21,1.8,0,1,True,False,False
32,5,0,15,0,0,1,1,17,1.76,0,0,False,False,True
75,8,0,44,0,0,1,4,18,1.85,0,0,False,False,True
17,5,0,19,0,0,0,2,19,1.85,0,0,False,False,True
370,11,0,170,1,0,12,11,23,1.85,1,1,False,False,True
0,0,0,0,0,0,0,0,19,1.87,0,0,False,False,False
0,0,0,0,0,0,0,0,18,1.8,0,0,False,False,False
206,7,1,81,0,0,2,3,19,1.74,0,0,False,False,True
159,6,0,62,0,0,1,4,20,1.74,0,0,False,False,True
208,7,1,44,0,0,1,1,21,1.74,0,0,False,False,True
325,5,0,135,1,0,4,8,17,1.8,0,0,False,False,False
162,3,0,81,0,0,0,5,18,1.8,0,0,False,False,False
0,0,0,0,0,0,0,0,19,1.93,0,0,False,True,False
1922,31,2,444,1,0,37,29,23,1.87,0,0,True,False,False
2720,36,2,715,1,0,58,49,24,1.87,1,0,True,False,False
2456,33,3,689,3,0,45,36,25,1.87,1,1,True,False,False
2974,35,3,802,3,0,53,30,26,1.87,1,1,True,False,False
2020,26,4,499,0,0,37,16,27,1.87,1,1,True,False,False
137,11,0,49,0,0,4,4,28,1.87,0,1,True,False,False
634,21,0,160,0,1,6,3,26,1.84,1,1,True,False,False
90,1,0,27,0,0,1,0,28,1.85,1,1,False,False,False
3168,37,1,1622,4,1,21,53,31,1.91,0,0,False,False,False
2935,33,0,1604,4,0,27,47,32,1.91,0,0,False,False,False
690,8,1,347,0,0,6,11,33,1.91,1,0,False,False,False
1986,32,3,523,2,0,20,23,25,1.71,0,1,True,False,False
794,15,1,205,1,0,6,15,26,1.71,1,0,True,False,False
8,1,0,7,0,0,0,0,28,1.71,1,0,True,False,False
2025,27,0,956,3,0,12,37,29,1.76,1,0,False,False,True
0,0,0,0,0,0,0,0,18,1.9,0,0,False,False,False
1204,17,0,1010,4,0,17,40,25,1.82,0,1,False,False,False
2302,28,3,1854,5,1,36,68,26,1.82,1,0,False,False,False
3040,38,8,1863,4,0,53,113,31,1.7,0,1,False,False,True
3108,38,6,1839,7,0,40,93,32,1.7,0,0,False,False,True
2533,33,1,1721,3,1,44,75,33,1.7,0,0,False,False,True
1026,13,1,442,0,0,14,14,24,1.79,0,1,False,False,True
22,3,0,9,0,0,1,0,17,1.82,1,0,True,False,False
0,0,0,0,0,0,0,0,19,1.92,0,0,False,True,False
47,1,0,12,0,0,0,0,20,1.92,0,0,False,True,False
2280,28,1,1249,3,0,34,67,28,1.84,0,1,False,False,False
766,17,0,264,1,0,10,15,28,1.78,1,0,False,False,False
26,1,0,9,0,0,0,0,27,1.76,0,0,False,False,True
0,0,0,0,0,0,0,0,19,1.87,0,0,False,False,False
888,12,0,586,3,1,16,31,20,1.87,1,0,False,False,False
65,4,0,56,1,0,2,7,21,1.87,1,1,False,False,False
55,2,0,23,0,0,0,0,22,1.73,0,1,True,False,False
2898,38,5,1803,4,1,22,30,27,1.7,0,0,False,False,True
1626,25,3,990,3,0,10,22,28,1.7,0,0,False,False,True
1931,28,5,1215,1,0,12,18,29,1.7,0,0,False,False,True
1293,22,2,700,3,0,10,9,30,1.7,1,0,False,False,True
752,19,2,511,1,0,7,7,31,1.7,0,1,False,False,True
511,9,2,286,0,0,1,1,32,1.7,1,0,False,False,True
161,12,0,48,0,0,1,1,22,1.72,0,0,True,False,False
44,5,0,11,0,0,0,2,18,1.85,0,0,True,False,False
19,1,0,5,0,0,1,1,19,1.85,1,0,True,False,False
0,0,0,0,0,0,0,0,21,1.87,0,0,False,False,True
1439,21,2,662,1,0,11,29,25,1.83,1,0,False,False,True
1475,21,5,615,1,0,8,14,26,1.83,1,1,False,False,True
1293,19,2,489,1,0,6,16,27,1.83,1,1,False,False,True
1027,23,3,496,1,0,6,12,28,1.83,1,1,False,False,True
710,15,0,261,1,0,5,10,29,1.83,1,1,False,False,True
126,4,0,70,0,0,1,3,27,1.73,0,0,False,False,False
180,2,1,96,0,0,1,9,28,1.73,0,0,False,False,False
223,6,1,51,0,0,2,1,23,1.86,1,1,True,False,False
1228,26,0,331,1,0,22,15,24,1.86,1,1,True,False,False
86,2,0,19,0,0,0,0,25,1.86,0,1,True,False,False
365,13,0,88,1,0,4,12,25,1.74,1,0,False,False,True
1519,27,3,766,2,0,27,18,21,1.9,0,1,False,False,True
2428,29,2,1404,10,0,46,74,24,1.79,1,0,False,False,True
1145,15,4,251,1,0,12,4,28,1.8,1,1,False,False,True
149,3,1,40,0,0,1,2,32,1.8,1,0,False,False,True
810,9,0,215,0,0,0,0,24,1.9,1,0,False,True,False
900,10,0,297,0,0,0,0,26,1.9,1,0,False,True,False
0,0,0,0,0,0,0,0,27,1.9,0,1,False,True,False
0,0,0,0,0,0,0,0,28,1.9,0,0,False,True,False
2250,25,0,628,3,0,0,0,29,1.9,1,0,False,True,False
874,13,0,212,0,0,8,5,20,1.83,0,0,True,False,False
0,0,0,0,0,0,0,0,19,1.87,0,0,False,True,False
0,0,0,0,0,0,0,0,18,1.75,0,0,False,False,True
168,4,0,53,2,0,4,6,20,1.75,1,1,False,False,True
3420,38,0,1146,2,0,0,0,28,1.89,0,1,False,True,False
2667,30,0,888,1,0,0,0,29,1.89,1,0,False,True,False
2966,33,0,1032,3,0,0,0,30,1.89,1,1,False,True,False
3420,38,0,1118,3,0,0,0,31,1.89,0,1,False,True,False
3420,38,0,1033,2,0,0,0,32,1.89,0,0,False,True,False
3420,38,0,1067,0,0,0,0,33,1.89,0,0,False,True,False
90,1,0,14,0,0,0,0,17,1.79,0,0,False,False,False
90,1,0,19,1,0,1,5,19,1.79,0,0,False,False,False
0,0,0,0,0,0,0,0,17,1.89,0,0,True,False,False
538,18,0,136,0,0,12,1,21,1.89,1,0,True,False,False
263,15,1,73,0,0,4,2,22,1.89,1,1,True,False,False
753,26,1,346,1,0,17,14,18,1.85,1,0,True,False,False
525,20,3,192,0,0,8,6,19,1.85,0,1,True,False,False
822,21,3,246,2,0,17,9,20,1.85,1,0,True,False,False
926,30,3,276,2,0,14,6,21,1.85,0,1,True,False,False
960,20,3,267,1,0,24,3,22,1.85,0,0,True,False,False
1456,25,2,504,1,0,26,12,23,1.85,0,0,True,False,False
755,17,2,236,1,0,13,16,24,1.8,0,0,False,False,True
0,0,0,0,0,0,0,0,25,1.8,1,0,False,False,True
547,14,0,290,0,0,6,14,19,1.82,0,0,True,False,False
90,2,0,29,0,0,2,3,20,1.82,1,0,True,False,False
1030,13,2,351,1,0,15,31,21,1.82,0,1,True,False,False
1343,25,1,462,1,0,19,30,22,1.82,1,0,True,False,False
0,0,0,0,0,0,0,0,23,1.82,1,1,True,False,False
0,0,0,0,0,0,0,0,20,1.78,0,0,True,False,False
746,19,1,136,1,0,13,3,24,1.9,1,1,True,False,False
2966,37,1,1680,5,0,24,44,27,1.8,1,0,False,False,True
1482,22,1,690,3,0,28,48,24,1.8,1,0,False,False,False
3240,36,0,1003,2,0,0,0,23,1.86,1,1,False,True,False
2970,33,0,938,0,0,0,0,24,1.86,0,1,False,True,False
584,7,0,205,1,0,0,0,25,1.86,1,0,False,True,False
275,6,1,131,0,1,4,6,20,1.9,0,0,False,False,False
2003,25,9,1127,2,0,16,28,24,1.81,0,0,False,False,True
2884,36,18,1801,4,0,37,50,25,1.81,1,0,False,False,True
3085,37,16,2693,2,0,30,62,26,1.81,0,1,False,False,True
974,19,2,725,2,0,10,22,27,1.81,1,0,False,False,True
2800,35,20,1907,3,0,26,45,28,1.81,1,1,False,False,True
2001,25,12,1265,1,0,27,34,29,1.81,1,1,False,False,True
270,3,0,108,0,0,1,4,25,1.88,1,0,False,False,False
1440,16,2,541,1,0,15,32,26,1.88,0,1,False,False,False
513,6,1,168,0,0,3,18,27,1.88,0,0,False,False,False
562,8,0,200,0,0,9,7,28,1.88,1,0,False,False,False
636,8,0,265,2,0,7,11,29,1.88,1,1,False,False,False
143,3,0,41,0,0,3,11,20,1.84,1,0,False,False,False
841,15,0,578,4,1,12,15,29,1.92,1,1,False,False,True
1004,23,2,329,0,2,14,14,27,1.82,0,1,False,False,True
2080,35,6,720,2,0,27,18,28,1.82,0,0,False,False,True
136,5,0,54,1,0,1,4,29,1.82,0,0,False,False,True
56,2,0,15,0,0,0,1,33,1.83,0,1,False,False,True
564,7,0,450,1,0,9,19,21,1.82,1,0,False,False,True
16,4,0,20,0,0,1,0,22,1.82,0,1,False,False,True
314,4,1,97,0,0,2,10,19,1.8,0,0,False,False,False
812,10,0,541,2,0,12,5,22,1.87,0,0,False,False,False
356,5,0,225,3,0,4,3,23,1.87,1,0,False,False,False
1320,17,0,504,5,0,20,24,24,1.87,0,1,False,False,False
0,0,0,0,0,0,0,0,17,1.77,0,0,False,False,True
0,0,0,0,0,0,0,0,17,1.83,0,0,False,False,False
571,12,0,291,1,0,4,14,18,1.83,0,0,False,False,False
72,2,0,30,0,0,1,0,17,1.83,0,0,False,False,True
0,0,0,0,0,0,0,0,20,1.83,0,0,False,False,True
381,15,0,198,0,0,3,12,25,1.81,0,1,False,False,False
703,11,1,372,3,0,11,12,26,1.81,1,0,False,False,False
2830,33,1,1014,3,0,22,41,27,1.81,0,1,False,False,False
809,10,0,264,1,1,6,15,30,1.81,0,0,False,False,False
0,0,0,0,0,0,0,0,20,1.91,0,0,False,True,False
723,11,1,269,4,0,18,18,30,1.77,0,1,False,False,False
992,15,1,441,2,0,8,20,22,1.8,1,1,False,False,False
2301,27,3,1180,4,0,14,27,23,1.8,1,1,False,False,False
458,6,1,265,1,0,3,14,24,1.73,0,0,False,False,False
564,12,5,346,1,0,8,17,25,1.73,0,0,False,False,False
1914,24,5,1266,1,0,18,52,26,1.73,1,0,False,False,False
2278,27,3,1542,2,0,20,67,27,1.73,1,1,False,False,False
5,2,0,1,0,0,1,0,27,1.78,0,0,False,False,False
270,3,0,78,0,0,0,0,33,1.9,1,0,False,True,False
1716,23,1,794,2,0,7,36,26,1.71,1,1,False,False,False
2045,29,1,925,1,0,12,48,27,1.71,1,1,False,False,False
2241,28,0,953,5,0,26,68,28,1.71,1,1,False,False,False
856,14,0,465,1,0,2,22,34,1.78,1,0,False,False,False
195,3,0,103,0,1,2,1,19,1.94,0,0,False,False,False
149,4,0,137,1,0,2,1,20,1.94,1,0,False,False,False
0,0,0,0,0,0,0,0,21,1.94,1,1,False,False,False
334,5,0,94,0,0,4,12,23,1.78,1,1,False,False,False
5,2,0,5,0,0,1,0,24,1.79,1,0,False,False,False
0,0,0,0,0,0,0,0,23,1.91,1,0,False,False,False
1544,18,0,799,3,0,24,21,24,1.91,1,1,False,False,False
630,7,0,232,2,0,5,4,25,1.91,1,1,False,False,False
90,1,0,25,0,0,0,0,26,1.9,0,0,False,True,False
90,1,0,22,0,0,0,0,27,1.9,0,0,False,True,False
0,0,0,0,0,0,0,0,28,1.9,0,0,False,True,False
1917,23,1,736,0,0,9,30,20,1.9,1,1,False,False,False
245,9,1,128,0,0,2,8,21,1.9,0,1,False,False,False
2887,34,0,1021,1,0,19,50,22,1.9,1,0,False,False,False
2610,32,2,1442,3,1,20,32,23,1.9,0,1,False,False,False
2341,28,0,2080,6,0,30,23,24,1.9,0,0,False,False,False
2027,24,0,1775,3,0,17,16,25,1.9,0,0,False,False,False
284,5,0,127,2,0,4,9,24,1.94,0,1,False,False,False
233,5,0,115,2,0,5,3,26,1.94,1,0,False,False,False
2583,30,1,827,4,0,30,27,29,1.94,1,0,False,False,False
114,5,0,34,0,0,1,3,22,1.78,0,0,False,False,True
0,0,0,0,0,0,0,0,18,1.83,0,0,False,False,False
0,0,0,0,0,0,0,0,19,1.76,0,0,False,False,False
0,0,0,0,0,0,0,0,18,1.73,0,0,False,False,False
13,1,0,4,0,0,0,0,27,1.93,1,0,True,False,False
1764,27,3,1081,2,1,23,40,26,1.81,0,1,False,False,False
2718,31,0,1392,5,0,25,76,27,1.81,0,0,False,False,False
3033,34,2,1638,1,0,31,92,28,1.81,0,0,False,False,False
0,0,0,0,0,0,0,0,19,1.72,0,0,False,False,True
0,0,0,0,0,0,0,0,17,1.67,0,0,False,False,True
0,0,0,0,0,0,0,0,18,1.67,1,0,False,False,True
2943,33,3,1250,7,0,29,87,25,1.83,0,1,False,False,False
2704,33,5,1464,8,0,36,72,26,1.83,1,0,False,False,False
2787,32,6,2362,2,1,17,47,27,1.83,0,1,False,False,False
2777,33,1,2389,3,0,15,40,28,1.83,1,0,False,False,False
2395,29,4,1939,5,0,27,28,29,1.83,0,1,False,False,False
0,0,0,0,0,0,0,0,18,1.73,0,0,False,False,False
188,3,2,97,0,0,1,5,20,1.73,1,0,False,False,False
374,6,3,188,1,0,4,7,21,1.73,0,1,False,False,False
943,13,0,532,1,0,7,21,22,1.73,1,0,False,False,False
2649,30,2,1323,4,0,33,83,23,1.73,1,1,False,False,False
1808,33,1,482,1,0,28,14,28,1.91,0,0,True,False,False
1060,23,1,274,1,0,19,6,29,1.91,0,0,True,False,False
2846,33,0,1691,3,0,31,47,29,1.86,1,1,False,False,False
2823,33,0,1667,4,1,19,48,30,1.86,1,1,False,False,False
2227,25,0,1745,4,0,14,43,31,1.86,1,1,False,False,False
1328,17,0,891,1,0,9,19,32,1.86,1,1,False,False,False
0,0,0,0,0,0,0,0,18,1.77,0,0,True,False,False
1012,12,0,334,4,0,17,18,22,1.75,1,1,True,False,False
44,1,0,29,0,0,1,0,24,1.75,1,0,True,False,False
1469,19,0,607,1,0,11,53,23,1.88,0,0,False,False,True
2793,38,0,1323,5,0,31,68,24,1.88,0,0,False,False,True
2419,31,0,1133,8,0,36,48,23,1.8,0,0,False,False,True
554,11,0,145,2,0,13,15,26,1.8,0,0,False,False,True
2012,31,3,710,0,0,14,22,24,1.72,1,1,True,False,False
2618,35,5,998,2,0,27,33,25,1.72,1,1,True,False,False
2216,31,0,929,8,0,40,57,27,1.78,1,0,False,False,True
640,8,0,281,4,0,14,13,28,1.78,1,1,False,False,True
2520,28,0,881,1,0,0,0,33,1.93,0,0,False,True,False
270,3,0,78,0,0,0,0,34,1.93,1,0,False,True,False
0,0,0,0,0,0,0,0,36,1.93,0,0,False,True,False
0,0,0,0,0,0,0,0,37,1.93,0,0,False,True,False
1542,20,0,342,4,0,15,39,31,1.78,1,1,False,False,False
228,4,0,65,1,0,4,9,33,1.78,0,0,False,False,False
289,6,0,116,1,0,2,6,26,1.8,0,0,True,False,False
1477,18,1,756,0,0,6,34,30,1.7,0,1,False,False,False
2821,32,3,1309,4,0,35,63,31,1.7,0,0,False,False,False
1911,22,3,754,1,0,7,25,32,1.7,1,0,False,False,False
376,6,0,191,0,0,2,8,33,1.7,0,1,False,False,False
400,8,0,155,0,0,1,10,34,1.7,0,0,False,False,False
0,0,0,0,0,0,0,0,18,1.75,0,0,False,False,True
591,8,0,216,2,0,5,12,30,1.9,1,1,False,False,False
1525,25,0,1000,4,0,14,41,32,1.67,0,1,False,False,True
1177,16,0,727,3,0,6,23,33,1.67,1,0,False,False,True
305,5,0,137,1,0,7,6,34,1.67,1,1,False,False,True
217,9,0,142,0,0,2,3,34,1.73,0,1,False,False,True
0,0,0,0,0,0,0,0,19,1.88,0,0,True,False,False
966,29,2,399,0,0,20,27,29,1.88,0,0,True,False,False
435,16,0,233,0,0,20,11,30,1.88,1,0,True,False,False
278,14,0,134,0,0,7,4,31,1.88,0,1,True,False,False
757,11,2,441,2,0,14,21,25,1.88,0,1,False,False,True
2404,34,2,1230,9,0,48,55,26,1.88,0,0,False,False,True
1397,20,1,632,5,0,28,44,27,1.88,0,0,False,False,True
1787,26,3,691,4,0,14,35,20,1.83,1,1,False,False,True
2424,32,15,1091,4,0,24,27,21,1.83,1,1,False,False,True
1867,31,10,847,1,0,9,24,22,1.83,0,1,False,False,True
11,1,0,7,0,0,0,0,23,1.83,1,0,False,False,True
25,1,0,7,0,0,0,1,18,1.7,0,0,True,False,False
0,0,0,0,0,0,0,0,16,1.7,0,0,False,False,True
0,0,0,0,0,0,0,0,18,1.85,0,0,False,False,False
431,6,2,279,1,0,2,10,19,1.75,1,0,False,False,True
2238,29,2,1228,5,0,33,67,20,1.75,0,1,False,False,True
721,13,0,391,2,0,12,13,21,1.75,1,0,False,False,True
1344,27,0,720,5,0,23,27,22,1.75,0,1,False,False,True
3420,38,1,1496,7,0,36,67,25,1.92,0,0,False,False,False
3153,36,1,1490,5,1,22,42,26,1.92,1,0,False,False,False
3231,36,3,2251,9,0,19,40,27,1.92,0,1,False,False,False
2933,33,0,2223,5,2,22,30,28,1.92,0,0,False,False,False
817,21,0,309,2,0,9,11,27,1.83,0,0,True,False,False
57,3,1,19,0,0,0,1,28,1.83,0,0,True,False,False
2,2,0,1,0,0,0,0,17,1.78,0,0,False,False,True
0,0,0,0,0,0,0,0,26,1.75,0,0,False,False,True
2187,25,0,1650,4,1,23,68,28,1.86,1,1,False,False,False
39,1,0,6,0,0,1,0,17,1.86,0,0,True,False,False
0,0,0,0,0,0,0,0,18,1.93,0,0,False,True,False
162,3,0,65,0,0,1,4,33,1.78,0,0,False,False,False
0,0,0,0,0,0,0,0,23,1.78,0,0,False,False,True
638,8,0,201,2,0,7,7,20,1.89,1,0,False,False,False
900,10,0,268,0,0,0,0,23,1.91,1,0,False,True,False
1710,19,0,521,1,0,2,0,24,1.91,0,1,False,True,False
0,0,0,0,0,0,0,0,25,1.91,1,0,False,True,False
0,0,0,0,0,0,0,0,29,2.01,1,1,False,True,False
21,2,0,11,0,0,1,0,27,1.81,0,0,False,False,True
284,13,0,101,0,0,1,0,28,1.85,0,0,True,False,False
131,5,0,45,0,0,2,0,29,1.85,0,0,True,False,False
0,0,0,0,0,0,0,0,20,1.77,0,0,False,False,True
2966,35,4,1457,5,1,39,72,25,1.78,1,1,False,False,False
3036,35,7,1374,6,0,43,73,26,1.78,1,1,False,False,False
2682,30,7,1266,2,1,33,63,27,1.78,1,1,False,False,False
1952,27,1,1485,8,0,49,108,28,1.79,1,1,False,False,True
1103,24,3,887,4,0,18,37,29,1.79,1,1,False,False,True
208,6,1,113,0,0,4,4,24,1.72,1,0,True,False,False
2127,32,0,723,3,0,25,34,25,1.72,1,1,True,False,False
2246,35,4,773,3,0,30,57,26,1.72,0,1,True,False,False
1401,30,4,569,1,0,23,32,27,1.72,0,0,True,False,False
265,11,0,116,0,0,2,3,27,1.8,1,0,True,False,False
465,15,0,143,0,0,5,6,29,1.8,1,1,True,False,False
2376,34,2,1590,7,1,38,65,22,1.66,1,0,False,False,True
1507,29,1,903,7,0,24,31,23,1.66,1,1,False,False,True
408,13,3,123,0,0,3,3,25,1.75,1,1,True,False,False
619,18,0,194,0,0,3,7,26,1.75,0,1,True,False,False
981,20,4,386,1,0,13,14,24,1.73,0,0,True,False,False
1227,14,0,490,4,0,27,29,25,1.86,0,0,False,False,True
3081,36,1,1652,8,0,69,85,26,1.86,0,0,False,False,True
3420,38,2,1986,10,0,60,89,27,1.86,0,0,False,False,True
2514,31,1,1433,12,0,50,61,28,1.86,1,0,False,False,True
2364,31,1,1294,8,1,38,65,29,1.86,0,1,False,False,True
0,0,0,0,0,0,0,0,20,1.98,0,0,False,True,False
11,2,0,7,0,0,1,0,27,1.85,0,0,True,False,False
14,2,0,5,0,0,0,0,18,1.85,0,0,True,False,False
698,12,0,265,1,0,10,15,28,1.78,0,1,False,False,True
3330,37,1,1000,1,0,1,0,30,1.9,0,0,False,True,False
3330,37,0,928,1,0,1,0,31,1.9,0,0,False,True,False
3420,38,0,1113,0,0,1,0,32,1.9,0,0,False,True,False
3420,38,0,1071,0,0,0,0,33,1.9,1,0,False,True,False
2119,25,0,572,1,0,1,0,34,1.9,1,1,False,True,False
3150,35,0,856,2,0,1,0,35,1.9,1,1,False,True,False
2,1,0,3,0,0,0,1,21,1.79,0,0,False,False,True
3400,38,0,2381,7,0,29,108,28,1.83,0,0,False,False,False
0,0,0,0,0,0,0,0,20,1.85,0,0,False,False,False
0,0,0,0,0,0,0,0,17,1.71,0,0,False,False,True
0,0,0,0,0,0,0,0,18,1.71,0,0,False,False,True
0,0,0,0,0,0,0,0,16,1.84,0,0,False,False,True
0,0,0,0,0,0,0,0,17,1.84,0,0,False,False,True
0,1,0,3,0,0,0,0,19,1.84,0,0,False,False,True
0,0,0,0,0,0,0,0,24,1.8,0,0,False,False,False
0,0,0,0,0,0,0,0,16,1.85,0,0,False,False,False
0,0,0,0,0,0,0,0,20,1.93,0,0,False,True,False
450,5,1,271,1,0,8,9,20,1.78,0,0,False,False,False
690,11,1,382,1,0,7,12,21,1.78,1,0,False,False,False
788,11,0,477,2,0,4,18,22,1.78,0,1,False,False,False
2592,29,4,1658,11,0,42,55,23,1.78,1,0,False,False,False
1735,24,0,1143,7,0,23,34,24,1.78,1,1,False,False,False
2654,32,5,1609,8,0,42,44,25,1.78,1,1,False,False,False
0,0,0,0,0,0,0,0,19,1.73,1,0,False,False,True
362,11,0,99,3,0,9,12,20,1.73,1,1,False,False,True
265,11,0,63,0,0,6,4,20,1.84,0,0,True,False,False
581,23,0,161,1,0,11,9,21,1.84,0,0,True,False,False
345,24,0,121,1,0,7,3,22,1.84,1,0,True,False,False
1232,30,4,240,1,0,24,9,23,1.84,1,1,True,False,False
289,11,0,44,0,0,7,1,24,1.84,1,1,True,False,False
128,7,1,57,0,0,0,1,24,1.85,0,0,True,False,False
1254,16,2,405,2,0,24,11,21,1.88,0,1,True,False,False
1530,17,0,407,0,0,0,0,32,1.97,0,0,False,True,False
1684,19,0,472,2,0,0,0,33,1.97,1,0,False,True,False
0,0,0,0,0,0,0,0,34,1.97,1,1,False,True,False
0,0,0,0,0,0,0,0,35,1.97,0,1,False,True,False
0,0,0,0,0,0,0,0,36,1.97,0,0,False,True,False
0,0,0,0,0,0,0,0,19,1.8,0,0,False,False,True
0,0,0,0,0,0,0,0,20,1.8,0,0,False,False,True
1855,22,0,1243,1,0,9,30,25,1.87,1,1,False,False,False
687,8,0,225,0,0,1,3,26,1.87,1,1,False,False,False
1600,19,2,739,1,0,3,21,27,1.87,1,1,False,False,False
2417,27,0,1321,2,0,5,25,28,1.87,1,1,False,False,False
931,14,0,538,1,1,3,7,29,1.87,1,1,False,False,False
275,4,0,92,0,0,2,3,30,1.87,1,1,False,False,False
730,11,0,117,1,0,8,2,24,1.86,1,1,True,False,False
1071,28,0,223,2,0,14,3,25,1.86,0,1,True,False,False
470,12,0,121,0,0,9,6,26,1.86,1,0,True,False,False
10,1,0,18,0,0,0,0,17,1.69,0,0,False,False,True
1918,26,2,1093,3,0,9,33,22,1.67,1,0,False,False,True
2714,35,2,1581,9,0,21,44,23,1.67,1,1,False,False,True
2047,27,6,1214,4,0,9,20,24,1.67,1,1,False,False,True
688,10,1,452,2,0,5,12,25,1.67,1,1,False,False,True
1377,24,2,756,1,0,6,14,26,1.67,1,1,False,False,True
560,17,1,370,1,0,7,9,27,1.67,1,1,False,False,True
2766,38,6,912,4,0,21,65,25,1.75,0,0,False,False,True
2423,33,6,874,5,0,21,50,26,1.75,0,0,False,False,True
2543,34,7,1005,5,1,20,52,27,1.75,0,0,False,False,True
1625,27,2,621,3,0,10,36,28,1.75,1,0,False,False,True
863,20,3,407,2,0,7,24,29,1.75,0,1,False,False,True
1739,31,5,749,2,0,9,33,30,1.75,0,0,False,False,True
1111,15,0,530,2,0,10,28,23,1.8,1,1,False,False,False
647,10,0,308,2,0,9,21,24,1.8,0,1,False,False,False
84,2,0,23,0,0,1,4,23,1.88,1,1,False,False,False
1333,26,2,501,1,0,10,32,28,1.8,1,0,False,False,True
1332,21,2,497,1,0,7,22,29,1.8,1,1,False,False,True
981,20,0,469,2,0,7,7,30,1.8,1,1,False,False,True
0,0,0,0,0,0,0,0,31,1.8,0,1,False,False,True
302,4,0,73,2,0,4,10,35,1.86,0,0,False,False,False
90,1,0,23,0,0,0,2,36,1.86,0,0,False,False,False
0,0,0,0,0,0,0,0,33,1.9,0,0,False,True,False
1186,24,0,404,6,0,22,20,28,1.9,0,0,False,False,True
752,17,0,372,0,0,14,28,22,1.86,0,1,False,False,True
2694,31,3,1250,2,0,25,56,25,1.89,0,1,False,False,False
2860,33,2,1347,6,0,26,51,26,1.89,0,0,False,False,False
2761,31,4,1881,6,0,28,74,27,1.89,1,0,False,False,False
1430,18,2,908,4,0,16,28,28,1.89,0,1,False,False,False
959,13,0,508,2,0,13,13,29,1.89,0,0,False,False,False
1252,16,1,700,3,0,20,43,25,1.87,0,0,False,False,False
1660,21,0,951,5,0,24,29,26,1.87,0,0,False,False,False
640,9,0,358,6,0,8,7,27,1.87,0,0,False,False,False
211,5,0,124,2,0,3,5,28,1.87,1,0,False,False,False
120,3,0,46,1,0,2,3,29,1.87,1,1,False,False,False
630,7,0,211,1,0,0,0,26,1.93,1,1,False,True,False
0,0,0,0,0,0,0,0,17,1.78,0,0,False,False,True
0,0,0,0,0,0,0,0,18,1.78,0,0,False,False,True
0,0,0,0,0,0,0,0,19,1.78,0,0,False,False,True
861,11,2,199,0,0,5,7,17,1.85,0,0,True,False,False
1702,32,1,544,3,0,16,16,18,1.85,0,0,True,False,False
1804,35,5,576,3,0,21,14,19,1.85,0,0,True,False,False
2343,33,6,666,3,1,26,24,20,1.85,1,0,True,False,False
2655,31,7,941,3,0,21,13,21,1.85,1,1,True,False,False
2923,37,9,1189,4,0,25,18,22,1.85,1,1,True,False,False
1721,25,1,971,2,0,28,55,23,1.84,1,0,False,False,True
1614,21,1,809,5,0,31,49,24,1.84,1,1,False,False,True
1704,28,0,887,5,0,32,62,26,1.84,1,1,False,False,True
745,15,0,422,2,0,14,21,28,1.89,0,0,False,False,True
626,20,0,452,3,0,13,27,30,1.87,1,1,False,False,True
900,10,0,241,2,0,1,0,30,1.83,0,0,False,True,False
0,0,0,0,0,0,0,0,28,1.91,0,0,False,True,False
3205,37,4,1923,8,1,36,103,28,1.8,0,1,False,False,True
2398,30,0,1435,10,0,27,49,29,1.8,0,0,False,False,True
2403,29,0,1324,6,0,28,61,30,1.8,1,0,False,False,True
2308,31,5,1507,6,1,23,47,31,1.8,1,1,False,False,True
2685,33,3,1504,5,0,28,52,32,1.8,1,1,False,False,True
704,21,0,430,1,0,9,8,33,1.8,1,1,False,False,True
0,0,0,0,0,0,0,0,42,1.94,0,0,False,True,False
180,2,0,43,0,0,0,0,19,1.91,0,0,False,True,False
90,1,0,25,0,0,0,0,20,1.91,0,0,False,True,False
2819,34,6,1081,2,0,49,53,26,1.92,0,0,True,False,False
2725,32,5,861,9,1,41,32,27,1.92,0,0,True,False,False
2322,31,6,684,5,1,35,21,28,1.92,0,0,True,False,False
2000,28,4,640,3,0,30,9,29,1.92,1,0,True,False,False
39,5,0,33,1,0,2,1,20,1.91,1,0,False,False,True
13,3,0,14,0,0,0,2,21,1.91,0,1,False,False,True
632,15,0,182,1,0,15,14,24,1.87,1,1,False,False,True
1177,14,0,438,0,0,5,25,30,1.79,0,1,False,False,False
0,0,0,0,0,0,0,0,31,1.79,1,0,False,False,False
250,10,0,93,1,0,7,7,31,1.88,0,1,True,False,False
1069,18,0,590,2,0,33,25,27,1.94,1,1,False,False,True
1598,28,0,1057,9,1,41,55,28,1.94,0,1,False,False,True
612,16,0,393,1,0,13,15,29,1.94,1,0,False,False,True
744,14,1,425,1,0,15,21,30,1.94,1,1,False,False,True
2777,33,0,1322,8,0,66,73,25,1.85,1,0,False,False,True
180,3,0,90,0,0,0,3,30,1.83,1,0,False,False,False
1080,12,0,316,0,0,0,0,28,1.91,0,0,False,True,False
3420,38,0,1033,1,0,0,0,29,1.91,1,0,False,True,False
3420,38,0,969,0,0,0,0,30,1.91,1,1,False,True,False
1042,13,0,379,3,0,11,32,25,1.91,0,0,False,False,False
2128,29,2,626,4,0,19,46,26,1.91,0,0,False,False,False
1194,15,0,343,1,0,8,19,27,1.91,0,0,False,False,False
1110,13,0,357,2,0,6,21,28,1.91,1,0,False,False,False
1,1,0,3,0,0,0,1,30,1.91,1,1,False,False,False
1774,24,2,479,2,0,18,26,27,1.78,0,1,False,False,False
1253,15,0,496,2,0,12,10,28,1.78,0,0,False,False,False
3154,36,1,1144,7,0,27,34,29,1.78,1,0,False,False,False
0,0,0,0,0,0,0,0,18,1.89,0,0,False,False,True
1885,22,0,1173,5,0,21,23,30,1.91,0,0,False,False,False
866,14,2,496,0,0,1,9,21,1.78,1,1,False,False,True
90,1,0,50,0,0,0,1,29,1.8,1,1,False,False,False
1012,20,0,551,3,0,12,20,34,1.84,0,0,False,False,False
2166,25,1,858,4,0,29,58,27,1.75,0,1,False,False,False
1901,27,1,1004,5,0,27,57,28,1.75,0,0,False,False,False
1835,29,0,782,5,0,26,55,25,1.77,0,0,False,False,True
749,13,0,285,3,0,8,22,26,1.77,0,0,False,False,True
66,2,0,14,0,0,0,1,27,1.8,0,0,True,False,False
995,12,1,422,4,1,17,23,26,1.86,0,0,False,False,False
620,13,0,301,2,0,12,13,31,1.78,1,1,False,False,False
115,3,0,60,0,0,0,3,16,1.81,1,0,True,False,False
1311,31,1,495,0,0,12,17,17,1.81,1,1,True,False,False
0,0,0,0,0,0,0,0,18,1.87,0,0,False,False,False
1371,18,1,643,2,0,12,41,19,1.87,0,0,False,False,False
1182,15,0,475,3,0,12,23,20,1.87,1,0,False,False,False
407,5,0,253,1,0,2,5,21,1.87,1,1,False,False,False
2053,27,3,1058,5,0,17,44,22,1.87,1,1,False,False,False
2288,28,0,1103,9,0,29,56,23,1.87,1,1,False,False,False
2874,37,5,1241,3,0,37,37,20,1.8,1,1,False,False,True
2893,36,5,1702,2,0,50,75,21,1.8,0,1,False,False,True
555,7,0,230,1,0,9,12,22,1.79,1,1,False,False,False
3,1,0,2,0,0,0,0,24,1.79,1,0,False,False,False
0,0,0,0,0,0,0,0,23,1.8,0,0,True,False,False
2,1,0,2,0,0,0,0,24,1.8,0,0,True,False,False
311,13,1,73,1,0,7,2,26,1.8,0,0,True,False,False
812,19,1,136,0,0,1,4,27,1.8,1,0,True,False,False
1367,28,2,236,0,0,6,9,28,1.8,1,1,True,False,False
1743,32,2,1468,3,0,19,45,24,1.76,1,1,False,False,True
2074,31,3,1868,8,0,20,63,25,1.76,1,1,False,False,True
1818,27,1,1762,4,0,16,46,26,1.76,1,1,False,False,True
0,0,0,0,0,0,0,0,18,1.75,0,0,False,False,True
0,0,0,0,0,0,0,0,19,1.91,0,0,False,True,False
2397,35,5,1467,6,0,46,38,30,1.83,1,0,False,False,True
2583,33,6,940,2,1,34,26,24,1.75,0,0,True,False,False
144,2,0,79,0,0,3,9,30,1.77,1,0,False,False,False
16,1,0,10,0,0,0,0,31,1.77,1,1,False,False,False
0,0,0,0,0,0,0,0,32,1.77,1,1,False,False,False
1089,16,0,627,3,0,18,31,31,1.78,0,1,False,False,True
268,10,0,112,0,0,1,2,32,1.78,1,0,False,False,True
0,0,0,0,0,0,0,0,18,1.88,0,0,False,False,True
0,0,0,0,0,0,0,0,20,1.88,0,0,False,False,True
0,0,0,0,0,0,0,0,21,1.88,0,0,False,False,True
3147,38,5,1399,5,0,30,67,26,1.85,0,0,False,False,False
2840,36,3,1476,1,0,28,55,27,1.85,1,0,False,False,False
1238,17,2,676,2,1,20,29,28,1.85,1,1,False,False,False
90,1,0,44,0,0,3,1,20,1.78,0,0,False,False,True
0,0,0,0,0,0,0,0,20,2.01,0,0,False,True,False
0,0,0,0,0,0,0,0,21,2.01,0,0,False,True,False
0,0,0,0,0,0,0,0,22,2.01,0,0,False,True,False
0,0,0,0,0,0,0,0,24,2.01,0,0,False,True,False
0,0,0,0,0,0,0,0,25,2.01,0,0,False,True,False
135,2,0,90,1,0,1,3,20,1.93,0,0,False,False,False
2976,37,6,1429,5,0,41,54,25,1.73,0,0,False,False,True
2812,35,5,1046,6,0,37,46,27,1.73,1,0,False,False,True
2940,36,8,1100,9,0,55,70,28,1.73,1,1,False,False,True
1314,18,1,526,4,0,26,22,29,1.73,1,1,False,False,True
1351,18,2,437,2,0,12,10,30,1.73,1,1,False,False,True
1068,14,1,404,1,0,4,20,19,1.83,0,0,False,False,False
374,5,0,205,0,0,1,10,20,1.83,1,0,False,False,False
167,2,0,80,0,0,1,6,21,1.83,1,1,False,False,False
1185,16,3,443,2,0,6,27,22,1.83,1,1,False,False,False
2295,28,2,947,4,0,27,52,23,1.83,1,1,False,False,False
3405,38,2,1684,7,0,28,83,24,1.83,0,1,False,False,False
1928,28,0,934,8,0,27,84,25,1.83,1,0,False,False,False
1332,18,0,595,3,0,19,42,26,1.83,0,1,False,False,False
442,8,0,195,0,0,5,16,27,1.83,0,0,False,False,False
443,6,0,175,0,0,3,14,28,1.83,0,0,False,False,False
3240,36,2,1086,9,0,34,101,27,1.8,0,0,False,False,False
2294,26,3,823,1,0,19,55,28,1.8,0,0,False,False,False
1748,21,0,638,7,0,22,56,29,1.8,1,0,False,False,False
1530,17,1,551,2,0,14,41,30,1.8,1,1,False,False,False
3060,34,1,1194,5,0,19,54,31,1.8,1,1,False,False,False
299,4,0,169,1,0,2,1,20,1.85,0,0,False,False,False
180,3,0,73,0,0,1,2,21,1.85,1,0,False,False,False
0,1,0,0,0,0,0,0,25,1.81,0,0,False,False,True
995,13,0,446,2,0,21,19,26,1.81,1,0,False,False,True
789,15,0,263,1,0,12,25,28,1.75,1,1,True,False,False
206,3,0,67,0,0,1,0,29,1.75,1,1,True,False,False
3240,36,1,1339,7,0,29,48,19,1.71,1,0,False,False,False
551,8,0,172,1,0,10,26,23,1.75,0,0,False,False,False
0,0,0,0,0,0,0,0,18,1.78,0,0,False,False,False
1413,29,2,663,3,0,10,33,22,1.73,0,0,False,False,True
649,17,0,201,1,0,6,19,23,1.73,1,0,False,False,True
0,0,0,0,0,0,0,0,24,1.73,0,1,False,False,True
0,0,0,0,0,0,0,0,19,1.75,0,0,False,False,True
0,0,0,0,0,0,0,0,21,1.75,0,0,False,False,True
0,0,0,0,0,0,0,0,20,1.88,0,0,False,True,False
0,0,0,0,0,0,0,0,18,1.82,0,0,True,False,False
2251,26,1,1386,5,0,28,56,28,1.85,0,0,False,False,False
122,2,0,85,2,0,3,2,30,1.85,0,1,False,False,False
1013,20,0,485,0,0,7,13,26,1.89,0,1,False,False,False
2070,23,0,1126,2,0,18,30,27,1.89,0,0,False,False,False
2051,24,0,1062,2,1,19,27,28,1.89,1,0,False,False,False
1520,17,1,556,0,0,4,16,29,1.89,0,1,False,False,False
558,8,0,267,1,0,3,8,30,1.89,0,0,False,False,False
1192,16,2,235,2,0,17,4,28,1.91,1,0,True,False,False
1475,29,0,642,2,0,20,13,21,1.76,0,1,True,False,False
20,4,0,14,1,0,1,1,22,1.76,0,0,True,False,False
0,0,0,0,0,0,0,0,21,1.85,1,1,False,False,True
3048,35,19,2276,4,0,20,35,26,1.8,0,0,False,False,True
2847,33,9,2110,2,0,14,26,27,1.8,0,0,False,False,True
2164,26,8,1809,4,0,18,20,28,1.8,0,0,False,False,True
1741,24,2,1118,2,0,10,12,29,1.8,0,0,False,False,True
1449,18,2,836,1,0,14,17,30,1.8,1,0,False,False,True
2045,24,1,717,3,0,16,42,27,1.8,1,1,False,False,False
1973,28,0,1568,4,0,11,43,34,1.89,1,1,False,False,True
1598,23,0,1263,2,0,5,26,35,1.89,0,1,False,False,True
109,2,0,99,0,0,1,1,36,1.89,0,0,False,False,True
1719,22,0,656,4,0,13,15,32,1.89,1,0,False,False,False
9,1,0,3,0,0,1,0,18,1.78,0,0,True,False,False
0,0,0,0,0,0,0,0,19,1.78,0,0,True,False,False
263,4,0,186,2,0,5,3,28,1.93,0,0,False,False,False
31,2,0,9,1,0,2,0,26,1.92,1,0,False,False,False
3150,35,1,1127,4,0,14,28,23,1.88,0,0,False,False,False
2560,30,1,1157,3,0,21,33,24,1.88,0,0,False,False,False
2970,33,2,1592,2,0,22,41,25,1.88,0,0,False,False,False
2556,31,0,1447,3,0,20,31,26,1.88,1,0,False,False,False
2990,35,1,1939,4,0,15,28,27,1.88,0,1,False,False,False
101,5,0,28,0,0,2,4,30,1.73,0,0,False,False,True
0,0,0,0,0,0,0,0,18,1.86,0,0,False,False,True
158,2,0,40,0,0,0,0,35,1.9,0,0,False,True,False
8,1,0,1,0,0,0,0,17,1.7,0,0,True,False,False
134,6,1,18,1,0,2,1,18,1.7,1,0,True,False,False
658,21,2,137,1,0,11,7,19,1.7,1,1,True,False,False
57,4,0,12,0,0,1,1,20,1.7,0,1,True,False,False
0,0,0,0,0,0,0,0,18,1.74,0,0,False,False,True
0,0,0,0,0,0,0,0,22,1.96,0,0,False,True,False
0,0,0,0,0,0,0,0,23,1.96,0,0,False,True,False
2062,26,3,523,3,0,27,37,25,1.8,0,0,True,False,False
2440,29,3,638,4,1,31,32,26,1.8,1,0,True,False,False
1357,21,1,385,1,0,17,15,27,1.8,1,1,True,False,False
2098,33,4,668,3,0,34,23,28,1.8,1,1,True,False,False
1768,24,3,446,3,0,41,13,29,1.8,1,1,True,False,False
1983,26,5,453,3,0,29,7,30,1.8,1,1,True,False,False
0,0,0,0,0,0,0,0,19,1.75,0,0,False,False,False
90,1,0,45,0,0,0,0,31,1.83,0,0,False,True,False
415,5,0,134,0,0,0,0,32,1.83,0,0,False,True,False
90,1,0,24,0,0,0,0,33,1.83,0,0,False,True,False
180,2,0,44,0,0,0,0,34,1.83,1,0,False,True,False
0,0,0,0,0,0,0,0,35,1.83,0,1,False,True,False
235,20,1,80,0,0,9,2,22,1.85,0,0,True,False,False
353,12,1,96,0,0,4,5,23,1.85,1,0,True,False,False
756,11,0,163,0,0,7,2,24,1.85,0,1,True,False,False
224,16,1,78,0,0,4,4,25,1.85,0,0,True,False,False
722,18,1,167,0,0,12,5,26,1.85,0,0,True,False,False
763,10,0,241,0,0,6,20,24,1.74,1,1,False,False,True
3034,36,2,829,5,0,30,60,25,1.74,1,1,False,False,True
2437,34,1,850,3,0,18,49,26,1.74,1,1,False,False,True
0,0,0,0,0,0,0,0,17,1.8,0,0,False,False,True
2076,24,0,786,7,0,19,25,30,1.89,0,0,False,False,False
2284,27,2,1025,6,2,36,34,31,1.89,0,0,False,False,False
797,12,0,388,3,1,8,15,32,1.89,1,0,False,False,False
185,3,0,59,0,0,3,4,33,1.89,0,1,False,False,False
132,3,0,52,0,0,1,2,27,1.8,0,0,False,False,False
0,0,0,0,0,0,0,0,25,1.95,0,0,False,True,False
0,0,0,0,0,0,0,0,20,1.91,0,0,True,False,False
0,0,0,0,0,0,0,0,31,1.94,1,0,False,False,False
661,8,0,324,1,0,12,9,23,1.9,0,1,False,False,False
1949,24,0,858,4,0,22,32,24,1.9,0,0,False,False,False
162,9,0,132,1,0,8,8,33,1.77,1,1,False,False,True
1343,24,1,812,4,0,30,56,21,1.89,1,1,False,False,True
1531,27,0,830,6,0,36,50,30,1.87,1,0,False,False,True
90,1,0,68,0,0,4,6,31,1.87,0,1,False,False,True
780,22,2,206,0,0,3,18,22,1.76,0,0,True,False,False
1148,18,2,299,1,0,15,22,23,1.76,0,0,True,False,False
2042,31,0,816,3,0,44,89,30,1.84,0,0,False,False,True
2165,29,0,733,3,0,36,78,31,1.84,1,0,False,False,True
794,11,1,738,3,0,9,10,23,1.79,0,0,False,False,True
694,14,1,616,1,0,10,22,24,1.79,1,0,False,False,True
870,13,1,837,3,1,4,12,25,1.79,1,1,False,False,True
379,8,0,278,0,0,1,13,26,1.79,1,1,False,False,True
1542,23,0,1010,3,0,10,14,28,1.79,0,0,False,False,True
790,16,0,222,0,0,10,16,23,1.78,1,0,False,False,True
2920,36,10,946,1,0,16,12,25,1.75,1,1,True,False,False
3261,38,8,1079,1,0,25,21,26,1.75,1,1,True,False,False
2888,34,10,979,1,0,17,16,27,1.75,1,1,True,False,False
3082,37,5,1263,0,0,22,18,28,1.75,0,1,True,False,False
841,12,0,360,1,0,10,38,21,1.91,1,1,False,False,False
834,29,2,125,1,0,27,6,19,1.83,1,0,True,False,False
13,2,0,6,0,0,1,0,20,1.83,1,1,True,False,False
0,0,0,0,0,0,0,0,18,1.78,1,0,False,False,True
439,6,0,145,0,0,5,5,26,1.91,0,1,False,False,False
647,26,1,317,1,0,8,6,18,1.78,0,0,False,False,True
124,7,0,79,0,0,2,0,19,1.78,1,0,False,False,True
410,11,0,222,1,0,5,9,20,1.78,1,1,False,False,True
291,9,0,138,3,0,6,7,25,1.8,1,0,False,False,True
2204,29,0,1459,3,0,52,71,25,1.86,0,1,False,False,True
1070,17,0,866,2,0,21,26,26,1.86,0,0,False,False,True
2126,30,0,1130,5,1,39,58,27,1.86,1,0,False,False,True
833,14,1,545,2,0,21,24,28,1.86,1,1,False,False,True
1004,15,0,561,4,1,18,31,29,1.86,1,1,False,False,True
1309,15,0,286,4,0,19,24,25,1.81,0,0,False,False,False
685,9,0,563,1,0,8,16,26,1.78,1,0,False,False,True
0,0,0,0,0,0,0,0,20,1.8,0,0,False,False,True
0,0,0,0,0,0,0,0,21,1.8,0,0,False,False,True
0,0,0,0,0,0,0,0,21,1.86,0,1,False,True,False
2273,29,1,1378,3,0,48,104,28,1.85,1,0,False,False,True
2065,30,1,1479,5,0,45,64,29,1.85,0,1,False,False,True
1885,28,0,1422,6,0,48,36,30,1.85,1,0,False,False,True
516,10,0,308,1,0,12,13,31,1.85,1,1,False,False,True
925,18,2,239,4,1,23,27,21,1.77,1,0,False,False,True
1237,27,0,382,5,0,29,52,22,1.77,1,1,False,False,True
3222,37,7,1385,3,0,50,54,25,1.87,1,0,False,False,True
901,25,2,453,3,0,21,14,26,1.87,0,1,False,False,True
1395,33,1,869,3,0,23,23,27,1.87,0,0,False,False,True
2336,29,3,1348,2,0,24,36,28,1.87,1,0,False,False,True
2456,29,1,1246,8,0,44,39,29,1.87,0,1,False,False,True
1575,25,0,761,3,0,22,22,30,1.87,0,0,False,False,True
554,12,0,337,1,0,5,26,22,1.8,1,0,False,False,True
0,0,0,0,0,0,0,0,23,1.8,1,1,False,False,True
44,2,0,28,0,0,1,1,24,1.8,0,1,False,False,True
245,9,0,106,2,0,6,8,26,1.8,0,0,False,False,True
3020,37,4,1449,3,0,43,175,24,1.68,0,0,False,False,True
3139,35,1,2122,9,0,53,127,25,1.68,0,0,False,False,True
2998,34,1,2150,3,0,41,113,26,1.68,0,0,False,False,True
3095,36,4,2021,3,0,35,74,27,1.68,0,0,False,False,True
1733,22,0,1134,4,0,45,44,28,1.68,1,0,False,False,True
2145,30,2,1529,7,0,36,79,29,1.68,1,1,False,False,True
167,5,0,97,1,0,3,2,20,1.87,1,1,False,False,True
749,12,0,406,2,0,19,23,24,1.87,1,1,False,False,True
521,10,0,356,1,0,13,11,25,1.72,1,1,False,False,True
933,29,2,378,1,0,16,11,26,1.87,1,0,False,False,True
2149,124,5,662,2,0,17,29,27,1.87,0,1,False,False,True
214,5,0,69,1,0,1,1,28,1.87,1,0,False,False,True
3249,37,3,1844,1,0,28,80,29,1.79,0,1,False,False,False
3153,36,2,1753,5,0,33,90,30,1.79,1,0,False,False,False
2242,28,2,1719,3,0,19,54,31,1.79,1,1,False,False,False
1861,22,3,1168,5,0,17,35,32,1.79,1,1,False,False,False
270,3,0,177,0,0,1,1,33,1.79,1,1,False,False,False
45,9,0,16,0,0,4,4,27,1.7,1,0,True,False,False
271,4,0,95,1,0,4,2,24,1.67,1,0,False,False,True
2088,31,0,1092,5,0,22,33,26,1.67,1,0,False,False,True
291,7,0,209,0,0,4,7,27,1.67,1,1,False,False,True
1873,24,0,609,4,1,28,79,20,1.8,0,1,False,False,False
831,12,1,405,1,0,4,22,21,1.8,0,0,False,False,False
3353,38,3,1589,5,0,27,53,22,1.8,1,0,False,False,False
3412,38,0,1696,3,0,28,66,23,1.8,1,1,False,False,False
2505,29,2,1210,2,0,9,31,24,1.8,1,1,False,False,False
797,10,0,751,4,0,8,10,25,1.8,1,1,False,False,False
0,0,0,0,0,0,0,0,24,1.89,0,1,False,False,False
0,0,0,0,0,0,0,0,20,1.85,0,0,False,True,False
2,1,0,2,0,0,0,1,22,1.78,0,0,False,False,True
227,13,1,74,1,0,9,4,27,1.65,1,0,False,False,True
1307,24,0,512,2,0,17,22,29,1.65,0,1,False,False,True
0,0,0,0,0,0,0,0,16,1.84,0,0,False,False,False
0,0,0,0,0,0,0,0,18,1.76,0,0,False,False,True
0,0,0,0,0,0,0,0,20,1.76,0,0,False,False,True
31,2,0,11,0,0,0,3,21,1.76,1,0,False,False,True
2335,35,3,974,0,0,29,31,21,1.73,0,0,False,False,True
2905,37,1,1136,2,1,38,39,22,1.73,0,0,False,False,True
1945,31,3,799,3,0,19,32,23,1.73,0,0,False,False,True
3276,38,4,1125,3,0,29,45,24,1.73,0,0,False,False,True
2769,32,4,1021,2,0,23,49,25,1.73,1,0,False,False,True
1730,29,3,697,1,0,31,30,26,1.73,1,1,False,False,True
2,1,0,1,0,0,0,0,20,1.73,1,0,False,False,True
741,18,1,135,2,0,16,8,21,1.73,1,1,False,False,True
0,0,0,0,0,0,0,0,18,1.88,0,0,False,True,False
0,0,0,0,0,0,0,0,21,1.88,0,0,False,True,False
159,10,1,103,2,0,2,5,21,1.85,1,0,False,False,True
448,6,0,182,1,0,3,9,22,1.85,0,1,False,False,True
2970,33,0,1510,6,0,19,84,24,1.75,0,0,False,False,False
3324,37,2,1795,0,0,14,80,25,1.75,0,0,False,False,False
174,3,0,104,1,0,4,3,26,1.75,1,0,False,False,False
1253,18,1,518,2,0,9,37,27,1.75,1,1,False,False,False
1147,13,1,443,2,0,4,17,29,1.75,0,1,False,False,False
984,20,1,255,0,0,7,34,26,1.78,1,0,False,False,True
0,0,0,0,0,0,0,0,22,1.9,0,0,False,False,False
2770,37,3,668,3,0,38,20,22,1.73,1,0,True,False,False
2520,33,2,650,1,1,27,20,23,1.73,1,1,True,False,False
248,6,0,157,1,0,3,6,19,1.77,1,1,False,False,False
101,7,0,29,0,0,0,3,26,1.7,1,0,False,False,True
116,5,0,36,0,0,3,0,28,1.7,1,0,False,False,True
3420,38,0,1144,2,0,0,0,28,1.88,0,0,False,True,False
1089,14,0,419,2,0,8,16,30,1.76,1,0,False,False,False
15,1,0,9,1,0,1,1,31,1.76,0,1,False,False,False
37,1,0,17,0,0,0,0,19,1.73,0,0,True,False,False
0,0,0,0,0,0,0,0,18,1.8,0,0,False,False,False
0,0,0,0,0,0,0,0,24,1.98,0,0,False,True,False
3114,35,0,1099,3,0,1,0,25,1.98,0,0,False,True,False
3420,38,0,1007,1,0,0,0,27,1.98,0,1,False,True,False
2880,32,0,839,1,0,2,0,28,1.98,0,0,False,True,False
16,1,0,2,0,0,0,0,21,1.83,0,0,False,False,True
2012,31,6,706,4,0,14,32,24,1.83,1,0,True,False,False
1611,29,1,629,1,1,11,20,25,1.83,1,1,True,False,False
2672,30,0,1569,9,0,31,90,27,1.83,1,1,False,False,False
2592,30,1,1945,9,0,30,69,28,1.83,0,1,False,False,False
2968,34,0,3074,9,0,28,58,29,1.83,0,0,False,False,False
1233,18,0,1245,1,0,8,24,30,1.83,1,0,False,False,False
1710,24,0,1533,3,0,21,28,31,1.83,0,1,False,False,False
0,0,0,0,0,0,0,0,32,1.83,0,0,False,False,False
81,2,0,28,1,0,1,4,19,1.8,1,0,False,False,False
0,0,0,0,0,0,0,0,17,1.89,0,0,False,False,False
0,0,0,0,0,0,0,0,32,1.91,0,0,False,True,False
340,13,2,74,1,0,7,3,29,1.88,0,1,True,False,False
0,0,0,0,0,0,0,0,20,1.88,0,0,False,False,False
574,12,0,203,0,0,7,9,19,1.78,0,0,False,False,True
0,0,0,0,0,0,0,0,18,1.75,0,0,False,False,True
776,19,2,391,3,1,18,14,29,1.75,0,1,True,False,False
0,0,0,0,0,0,0,0,19,1.77,0,0,False,False,True
500,12,0,156,2,1,15,5,28,1.79,1,1,True,False,False
2100,29,3,675,4,0,47,45,29,1.79,1,1,True,False,False
200,3,0,66,0,0,6,6,30,1.79,1,1,True,False,False
0,0,0,0,0,0,0,0,17,1.74,0,0,False,False,True
0,0,0,0,0,0,0,0,19,1.74,0,0,False,False,True
2988,34,1,1567,5,0,41,85,26,1.77,0,1,False,False,False
3152,37,3,722,4,0,47,27,26,1.81,0,0,True,False,False
1291,18,1,296,1,0,17,10,27,1.81,0,0,True,False,False
90,11,0,25,0,0,1,2,30,1.81,1,0,True,False,False
9,1,0,2,0,0,0,0,31,1.81,0,1,True,False,False
1319,16,1,530,4,0,25,38,26,1.91,0,1,False,False,True
0,0,0,0,0,0,0,0,18,1.84,0,0,False,False,False
23,3,0,16,0,0,0,0,19,1.84,0,0,False,False,False
2670,31,1,1462,3,0,32,37,23,1.84,1,0,False,False,False
662,12,2,254,1,0,9,10,29,1.89,0,0,True,False,False
533,8,0,672,1,0,7,23,20,1.75,0,0,False,False,False
1153,14,3,1184,1,0,15,34,21,1.75,1,0,False,False,False
1272,19,0,1210,0,1,13,31,22,1.75,1,1,False,False,False
1474,20,0,1368,0,0,9,25,23,1.75,1,1,False,False,False
356,15,2,140,0,0,2,6,20,1.88,1,1,False,False,True
1272,25,1,252,2,0,23,16,23,1.88,1,0,False,False,True
0,0,0,0,0,0,0,0,19,1.88,0,0,False,False,False
76,5,0,33,0,0,1,1,20,1.88,1,0,True,False,False
269,11,1,99,0,0,4,4,21,1.88,0,1,True,False,False
2118,36,0,617,4,0,28,37,23,1.88,0,0,True,False,False
1316,23,0,440,2,0,24,15,24,1.88,1,0,True,False,False
3100,38,1,2007,8,0,32,66,28,1.75,0,0,False,False,True
2223,32,0,1405,6,0,26,49,29,1.75,0,0,False,False,True
0,0,0,0,0,0,0,0,17,1.75,0,0,False,False,True
216,8,0,143,0,0,4,7,17,1.75,0,0,False,False,True
71,7,0,38,0,0,1,2,18,1.75,1,0,False,False,True
2425,38,6,839,2,0,40,34,28,1.93,0,0,True,False,False
1194,29,3,369,2,0,21,14,29,1.93,1,0,True,False,False
984,29,1,375,0,0,13,9,30,1.93,1,1,True,False,False
832,27,4,261,1,0,12,3,31,1.93,1,1,True,False,False
999,18,0,299,1,0,17,8,32,1.93,1,1,True,False,False
746,17,0,219,1,0,15,4,33,1.93,0,1,True,False,False
3329,37,5,804,2,1,47,29,24,1.8,0,0,True,False,False
0,0,0,0,0,0,0,0,17,1.7,0,0,True,False,False
0,0,0,0,0,0,0,0,18,1.7,0,0,True,False,False
616,8,0,218,0,0,2,6,24,1.79,1,1,False,False,False
729,10,0,338,0,0,9,18,24,1.81,0,0,False,False,True
1381,26,2,311,0,0,14,27,26,1.72,1,0,False,False,True
1291,15,0,373,0,0,0,0,32,1.9,0,1,False,True,False
1604,29,0,833,7,0,28,77,23,1.83,0,1,False,False,True
3072,35,0,2070,11,0,66,117,24,1.83,0,0,False,False,True
2901,34,0,1843,11,0,53,93,25,1.83,0,0,False,False,True
2138,31,0,1103,11,0,46,81,26,1.83,0,0,False,False,True
1856,30,0,1076,5,0,39,55,27,1.83,0,0,False,False,True
1767,21,1,1275,6,0,30,69,28,1.83,1,0,False,False,True
1773,27,3,1040,4,0,18,62,23,1.79,1,1,False,False,True
456,9,1,246,1,0,5,22,24,1.79,0,1,False,False,True
0,0,0,0,0,0,0,0,21,1.8,0,0,False,False,False
21,1,0,14,0,0,0,0,22,1.8,0,0,False,False,False
142,5,0,43,0,0,2,4,25,1.82,0,0,True,False,False
1095,17,1,235,3,1,17,10,26,1.82,0,0,True,False,False
1080,22,2,250,2,0,31,10,27,1.82,0,0,True,False,False
998,18,0,189,0,0,11,12,28,1.82,0,0,True,False,False
19,3,0,3,0,0,2,4,29,1.82,0,0,True,False,False
6,2,0,8,0,0,0,1,18,1.88,1,0,False,False,True
0,0,0,0,0,0,0,0,18,1.91,0,0,False,False,True
185,6,1,59,1,0,3,5,19,1.91,0,0,False,False,True
803,9,0,584,3,0,12,19,20,1.87,1,1,False,False,False
2177,36,5,843,3,0,18,46,23,1.78,0,0,False,False,True
2584,33,4,1059,3,0,26,44,24,1.78,0,0,False,False,True
417,16,2,378,1,0,1,5,35,1.73,1,0,False,False,True
0,0,0,0,0,0,0,0,18,1.72,0,0,False,False,False
0,0,0,0,0,0,0,0,19,1.72,0,0,False,False,False
114,2,0,100,0,0,2,2,25,1.93,1,0,False,False,False
900,10,0,629,2,0,8,15,26,1.93,1,1,False,False,False
1062,13,1,575,3,0,15,43,30,1.76,1,0,False,False,False
1059,20,1,573,2,0,14,41,31,1.76,0,1,False,False,False
3291,37,1,1153,9,0,33,96,32,1.76,0,0,False,False,False
2091,26,1,860,4,0,17,47,33,1.76,0,0,False,False,False
589,10,0,249,2,0,7,18,34,1.76,0,0,False,False,False
0,0,0,0,0,0,0,0,20,1.86,0,1,False,False,False
3015,34,1,1165,6,1,25,32,25,1.78,0,0,False,False,False
270,3,0,97,0,0,1,5,26,1.78,0,0,False,False,False
8,1,0,9,0,0,0,0,27,1.78,0,0,False,False,False
0,1,0,3,0,0,0,0,28,1.78,1,0,False,False,False
1069,21,0,405,1,0,13,10,30,1.8,1,0,True,False,False
0,0,0,0,0,0,0,0,26,1.93,0,0,False,False,False
1577,18,0,694,4,1,23,24,27,1.93,0,0,False,False,False
2949,38,8,1215,2,0,33,36,26,1.81,0,0,False,False,True
1880,25,3,810,1,0,11,28,27,1.81,1,0,False,False,True
1803,29,4,899,4,0,23,36,28,1.81,0,1,False,False,True
2480,34,8,1424,3,0,19,45,29,1.81,0,0,False,False,True
2074,27,0,1296,3,0,26,49,20,1.9,0,0,False,False,False
227,5,0,97,0,0,0,6,36,1.74,0,1,False,False,False
353,13,0,90,0,0,8,5,21,1.85,0,0,True,False,False
314,14,0,82,1,0,12,9,22,1.85,0,0,True,False,False
3062,38,7,509,3,0,36,21,26,1.85,0,0,True,False,False
291,12,0,59,0,0,5,4,21,1.83,0,1,True,False,False
23,2,0,2,0,0,0,0,22,1.83,1,0,True,False,False
4,1,0,3,0,0,0,0,18,1.67,0,0,False,False,True
2970,33,3,1067,2,0,16,85,24,1.76,0,1,False,False,False
2497,32,1,1001,3,0,15,43,25,1.76,1,0,False,False,False
2184,28,1,882,7,0,18,47,26,1.76,1,1,False,False,False
3198,36,2,1610,3,0,12,48,27,1.76,0,1,False,False,False
2511,29,2,1216,0,0,9,43,28,1.76,1,0,False,False,False
1775,22,1,952,2,0,11,35,29,1.76,1,1,False,False,False
0,0,0,0,0,0,0,0,21,1.89,0,0,False,True,False
1896,23,0,673,3,0,13,54,23,1.83,1,1,False,False,False
1603,20,0,599,1,0,8,28,25,1.83,1,0,False,False,False
1986,26,0,758,1,0,11,34,26,1.83,1,1,False,False,False
1229,16,0,449,2,0,4,27,27,1.83,1,1,False,False,False
1256,15,0,518,2,0,9,16,28,1.83,1,1,False,False,False
2609,30,4,2178,7,0,62,53,23,1.91,1,1,False,False,True
2151,27,10,1721,5,1,44,33,24,1.91,1,1,False,False,True
3011,35,9,2068,6,0,54,47,25,1.91,1,1,False,False,True
1204,16,3,1034,1,0,26,20,26,1.91,1,1,False,False,True
1896,26,3,1333,3,0,41,36,27,1.91,1,1,False,False,True
270,3,0,102,0,0,0,0,36,1.93,0,0,False,True,False
180,2,0,54,0,0,0,0,23,1.96,0,0,False,True,False
90,1,0,22,0,0,0,0,25,1.96,0,0,False,True,False
270,3,0,95,0,0,0,0,26,1.96,0,0,False,True,False
1612,18,0,456,1,0,1,0,27,1.96,0,0,False,True,False
2042,29,2,971,3,0,23,37,28,1.67,0,0,True,False,False
2151,35,9,947,6,0,33,48,29,1.67,0,0,True,False,False
1521,31,2,654,1,0,9,20,30,1.67,0,0,True,False,False
1780,31,2,1066,2,0,17,27,31,1.67,0,0,True,False,False
661,11,1,315,1,0,8,15,32,1.67,1,0,True,False,False
45,1,0,33,0,0,0,0,18,1.78,0,0,False,False,True
926,29,3,349,3,0,14,9,19,1.72,1,0,True,False,False
2560,31,6,1019,4,0,24,16,20,1.72,1,1,True,False,False
1078,24,1,476,2,0,20,42,23,1.86,0,0,False,False,True
1766,22,1,911,7,0,27,61,24,1.86,1,0,False,False,True
1563,21,0,757,3,0,27,53,25,1.86,1,1,False,False,True
1121,24,1,536,0,0,13,41,26,1.86,1,1,False,False,True
1080,12,0,345,1,0,1,0,36,1.88,1,1,False,True,False
2049,24,0,1246,1,1,7,27,30,1.99,1,0,False,False,False
37,1,0,8,0,0,0,2,31,1.99,1,1,False,False,False
365,6,0,247,0,0,2,2,32,1.99,0,1,False,False,False
102,3,1,31,0,0,0,1,26,1.75,1,1,True,False,False
456,11,1,152,0,0,13,3,34,2.01,1,0,True,False,False
1334,27,2,496,3,0,26,4,35,2.01,0,1,True,False,False
1554,31,2,634,4,0,40,2,36,2.01,0,0,True,False,False
86,6,0,28,1,0,3,1,37,2.01,0,0,True,False,False
101,5,0,49,0,0,3,3,34,1.81,1,1,True,False,False
3060,34,0,853,0,0,0,0,33,1.96,1,1,False,True,False
3098,35,0,844,2,0,3,0,34,1.96,1,1,False,True,False
3040,34,0,811,1,0,0,0,35,1.96,0,1,False,True,False
585,7,0,224,0,0,0,0,36,1.96,1,0,False,True,False
816,11,1,300,1,0,12,31,30,1.8,0,0,False,False,False
1170,15,0,397,4,1,25,32,31,1.8,1,0,False,False,False
1125,13,0,418,5,0,22,17,32,1.8,0,1,False,False,False
1672,19,0,555,9,0,22,32,33,1.8,1,0,False,False,False
1890,21,1,658,6,0,35,49,34,1.8,1,1,False,False,False
273,4,0,109,2,0,8,6,35,1.8,1,1,False,False,False
43,5,1,44,0,0,1,1,17,1.71,1,0,False,False,True
327,13,0,231,0,0,4,7,18,1.71,0,1,False,False,True
892,23,2,494,0,0,12,14,19,1.71,0,0,False,False,True
1612,28,5,762,0,0,12,22,20,1.71,0,0,False,False,True
1852,21,0,1036,0,0,9,39,32,1.8,1,0,False,False,False
2250,27,2,1216,4,1,13,43,33,1.8,1,1,False,False,False
2065,25,0,966,2,0,8,33,34,1.8,1,1,False,False,False
329,7,0,192,0,1,2,7,35,1.8,1,1,False,False,False
240,6,0,75,0,0,1,5,36,1.8,1,1,False,False,False
526,10,0,204,1,1,8,5,37,1.8,0,1,False,False,False
760,16,0,371,3,0,14,25,21,1.93,0,0,False,False,True
2191,27,0,1074,7,0,37,74,22,1.93,1,0,False,False,True
2532,34,1,1154,8,0,38,72,23,1.93,1,1,False,False,True
0,0,0,0,0,0,0,0,28,1.84,0,0,False,False,False
2684,31,0,1220,2,0,17,74,26,1.94,0,1,False,False,False
180,2,0,99,1,0,1,4,27,1.94,1,0,False,False,False
2003,26,5,1092,2,1,10,35,23,1.72,1,1,False,False,True
2243,31,7,1402,2,0,18,35,24,1.72,1,1,False,False,True
1117,14,6,690,0,0,5,17,25,1.72,1,1,False,False,True
0,0,0,0,0,0,0,0,21,1.9,0,1,False,False,False
1059,13,4,317,0,0,1,5,28,1.87,1,0,True,False,False
2731,36,5,692,0,0,13,21,29,1.87,0,1,True,False,False
3139,36,3,817,3,1,14,31,30,1.87,0,0,True,False,False
2337,29,3,624,2,0,13,12,31,1.87,1,0,True,False,False
733,19,0,422,3,0,13,14,26,1.82,0,1,False,False,True
229,10,0,84,1,0,7,2,29,1.77,0,0,True,False,False
0,1,0,0,0,0,0,1,18,1.75,0,0,False,False,True
1405,20,0,938,3,0,15,25,30,1.87,1,1,False,False,False
1448,19,0,1198,0,0,7,14,31,1.87,0,1,False,False,False
1923,31,2,846,1,0,26,34,20,1.7,1,1,True,False,False
2515,33,6,1033,7,0,36,24,21,1.7,1,1,True,False,False
2536,31,7,1113,4,0,36,21,25,1.7,1,1,True,False,False
2144,33,0,633,3,1,29,41,26,1.81,0,0,True,False,False
408,5,0,105,0,0,4,9,27,1.81,1,0,True,False,False
22,1,0,8,0,0,0,0,30,1.97,1,1,False,True,False
848,17,1,299,2,0,10,22,19,1.83,0,0,False,False,True
1234,24,0,421,2,0,14,32,20,1.83,0,0,False,False,True
75,4,0,43,0,0,0,1,21,1.83,1,0,False,False,True
607,12,0,309,1,0,21,23,28,1.79,1,1,False,False,True
2190,28,1,1238,4,1,8,41,24,1.86,0,0,False,False,False
1536,23,1,794,0,0,10,26,25,1.86,1,0,False,False,False
118,4,0,54,1,0,3,0,26,1.86,0,1,False,False,False
0,0,0,0,0,0,0,0,22,1.97,0,0,False,True,False
0,0,0,0,0,0,0,0,23,1.97,0,0,False,True,False
2363,30,9,876,3,0,13,34,23,1.76,1,1,True,False,False
12,1,0,6,0,0,1,0,26,1.75,0,0,False,False,True
1404,21,1,627,1,0,15,29,19,1.8,1,1,False,False,False
0,0,0,0,0,0,0,0,16,1.78,0,0,True,False,False
3123,38,7,1059,4,0,42,30,27,1.89,0,1,True,False,False
4,1,0,1,0,0,0,0,19,1.75,0,0,False,False,True
0,0,0,0,0,0,0,0,19,1.89,0,0,False,False,False
0,0,0,0,0,0,0,0,19,1.86,0,0,False,False,False
1510,24,2,1016,1,0,22,36,19,1.8,1,0,False,False,False
2366,32,2,1696,3,0,31,55,20,1.8,1,1,False,False,False
210,7,0,52,0,0,1,8,16,1.9,0,0,False,False,True
0,0,0,0,0,0,0,0,17,1.9,1,0,False,False,True
4,1,0,2,0,0,1,2,18,1.9,1,1,False,False,True
0,0,0,0,0,0,0,0,16,1.97,0,0,False,False,False
52,1,0,23,0,0,1,1,18,1.76,0,0,False,False,True
146,3,0,79,0,0,0,4,17,1.75,0,0,True,False,False
626,17,0,207,1,0,8,11,19,1.75,1,1,True,False,False
69,2,0,17,0,0,2,1,20,1.75,1,1,True,False,False
20,1,0,5,0,0,0,1,17,1.83,0,0,False,False,True
31,2,0,17,0,0,1,0,20,1.83,0,0,False,False,True
703,12,0,379,1,0,8,12,19,1.76,1,0,False,False,True
0,0,0,0,0,0,0,0,28,1.97,0,0,False,True,False
0,0,0,0,0,0,0,0,29,1.97,0,0,False,True,False
0,0,0,0,0,0,0,0,16,1.8,0,0,True,False,False
0,0,0,0,0,0,0,0,19,1.8,1,0,True,False,False
1122,27,0,207,1,0,18,8,20,1.8,1,1,True,False,False
0,0,0,0,0,0,0,0,27,1.73,0,0,False,False,False
48,3,0,7,0,0,1,1,23,1.8,0,0,True,False,False
660,9,0,504,0,0,4,6,19,1.95,1,0,False,False,False
3125,35,6,1532,7,0,41,118,24,1.75,0,1,False,False,False
2520,28,2,1572,1,0,45,119,25,1.75,1,0,False,False,False
956,15,1,464,3,0,18,31,26,1.75,0,1,False,False,False
0,0,0,0,0,0,0,0,21,1.85,0,0,False,False,False
0,0,0,0,0,0,0,0,31,1.91,0,0,False,False,False
0,0,0,0,0,0,0,0,37,1.9,0,0,False,True,False
2827,38,4,804,4,0,37,64,20,1.84,0,0,True,False,False
2679,35,1,793,5,1,32,49,21,1.84,1,0,True,False,False
3080,36,3,788,8,0,43,70,22,1.84,1,1,True,False,False
2872,34,3,749,4,1,33,50,23,1.84,1,1,True,False,False
615,19,1,272,2,0,6,0,33,1.87,0,0,True,False,False
12,1,0,10,0,0,1,0,34,1.87,0,0,True,False,False
0,0,0,0,0,0,0,0,26,1.86,0,0,True,False,False
3054,37,11,1034,1,0,19,53,24,1.79,1,0,True,False,False
2834,36,3,1065,4,0,25,36,25,1.79,0,1,True,False,False
2960,36,10,1276,2,0,23,39,26,1.79,0,0,True,False,False
1339,27,4,798,0,0,10,14,27,1.79,0,0,True,False,False
1940,33,9,1097,0,0,13,28,28,1.79,0,0,True,False,False
1955,27,6,1004,0,0,13,20,29,1.79,0,0,True,False,False
810,9,0,465,3,0,10,12,20,1.89,0,0,False,False,False
820,12,0,603,3,0,9,19,21,1.89,0,0,False,False,False
807,10,0,614,1,0,6,11,22,1.89,1,0,False,False,False
580,8,0,351,1,0,4,4,23,1.89,1,1,False,False,False
2557,30,1,1802,2,0,25,43,24,1.89,1,1,False,False,False
2987,36,2,1138,3,0,41,101,23,1.76,0,0,False,False,True
716,14,2,222,1,0,8,21,24,1.76,0,0,False,False,True
1279,15,2,454,3,0,20,32,25,1.76,0,0,False,False,True
715,16,1,223,3,1,12,15,26,1.76,1,0,False,False,True
446,17,2,151,1,0,8,11,27,1.76,1,1,False,False,True
1055,19,1,351,3,0,21,22,28,1.76,1,1,False,False,True
3150,35,0,810,8,0,35,41,30,1.91,0,1,False,False,False
2929,33,2,701,9,0,45,28,31,1.91,0,0,False,False,False
2549,35,5,1008,2,0,46,38,28,1.82,1,0,False,False,True
2219,33,5,969,10,0,36,44,30,1.82,1,0,False,False,True
1511,24,5,505,4,0,20,29,31,1.82,1,1,False,False,True
529,11,0,136,2,0,8,17,32,1.82,1,1,False,False,True
2430,27,0,984,2,0,2,0,22,1.97,0,0,False,True,False
1983,31,7,998,1,0,29,67,23,1.81,1,0,True,False,False
3068,35,7,1543,5,0,51,58,24,1.81,1,1,True,False,False
2778,37,7,1169,1,0,57,65,25,1.81,0,1,True,False,False
2620,34,6,1279,0,0,38,29,26,1.81,1,0,True,False,False
3004,38,8,1161,0,0,29,37,27,1.81,0,1,True,False,False
2852,36,7,1301,2,0,22,33,28,1.81,1,0,True,False,False
1039,13,2,420,2,1,8,8,25,1.82,1,1,False,False,True
1622,32,2,676,3,0,18,10,26,1.82,1,1,False,False,True
2824,33,1,1121,3,0,27,21,27,1.82,1,1,False,False,True
1649,28,0,613,4,0,21,20,28,1.82,1,1,False,False,True
1129,17,0,769,1,0,17,27,24,1.91,1,1,False,False,False
630,7,0,176,1,0,0,0,30,1.96,0,0,False,True,False
2747,34,2,2785,6,0,44,72,24,1.91,0,1,False,False,True
1286,26,2,559,3,0,19,14,29,1.82,1,1,True,False,False
375,10,1,119,1,0,9,13,19,1.78,1,1,False,False,True
137,4,0,41,0,0,1,4,21,1.78,0,1,False,False,True
1144,19,0,737,7,0,27,39,28,1.88,0,0,False,False,True
2706,33,1,1628,10,1,43,55,29,1.88,1,0,False,False,True
2408,27,0,1428,2,0,29,35,30,1.88,0,1,False,False,True
1490,19,0,720,2,0,18,30,28,1.75,0,0,False,False,True
3174,37,6,1098,3,0,30,13,22,1.91,0,1,True,False,False
3267,37,6,965,3,0,33,9,23,1.91,0,0,True,False,False
2869,34,7,721,4,0,31,7,24,1.91,1,0,True,False,False
2130,32,0,534,4,0,18,8,25,1.91,1,1,True,False,False
753,9,0,269,0,0,0,0,27,1.88,0,0,False,True,False
756,11,0,486,3,0,14,20,28,1.72,0,0,False,False,True
3086,38,8,1802,4,0,29,34,21,1.85,0,1,False,False,True
2906,36,8,1651,5,0,49,30,22,1.85,0,0,False,False,True
131,2,0,50,0,0,1,0,23,1.85,1,0,False,False,True
1241,27,5,954,1,0,14,15,24,1.85,1,1,False,False,True
1104,21,4,618,0,0,9,16,25,1.85,1,1,False,False,True
1577,26,1,753,0,0,14,6,26,1.85,1,1,False,False,True
404,13,0,243,0,0,4,11,19,1.9,0,0,False,False,True
30,6,0,25,0,0,2,1,20,1.9,0,0,False,False,True
1875,24,3,723,1,0,17,21,21,1.9,1,0,False,False,True
982,24,2,610,0,0,10,18,22,1.9,1,1,False,False,True
205,7,1,132,0,0,2,0,23,1.9,0,1,False,False,True
1973,31,0,726,3,0,29,25,24,1.9,0,0,False,False,True
1655,32,2,597,2,0,24,11,26,1.93,0,0,True,False,False
524,16,0,218,3,0,8,6,27,1.93,0,0,True,False,False
3330,37,0,759,0,0,0,0,30,1.9,0,0,False,True,False
3420,38,0,734,0,0,0,0,31,1.9,0,0,False,True,False
3330,37,0,662,1,0,0,0,32,1.9,0,0,False,True,False
2698,30,0,1118,4,1,32,41,29,1.83,0,0,False,False,False
44,1,0,8,0,0,0,0,23,1.89,0,0,False,True,False
90,1,0,26,0,0,0,0,24,1.89,0,0,False,True,False
0,0,0,0,0,0,0,0,18,1.84,0,0,False,False,False
1260,16,3,469,3,0,14,8,31,1.85,1,0,False,False,True
933,16,0,433,2,0,7,9,29,1.88,1,0,False,False,False
2880,32,3,1121,6,0,30,43,25,1.79,0,0,False,False,False
2508,28,4,1307,3,0,24,37,26,1.79,1,0,False,False,False
3137,35,4,1480,2,0,32,48,27,1.79,1,1,False,False,False
2160,24,0,774,8,0,26,46,28,1.79,1,1,False,False,False
2743,32,1,1229,3,1,27,47,29,1.79,1,1,False,False,False
2599,29,1,1197,5,0,29,60,30,1.79,1,1,False,False,False
0,0,0,0,0,0,0,0,16,1.85,0,0,False,False,True
1767,28,5,670,3,0,18,15,22,1.63,0,1,False,False,True
2009,26,3,816,0,0,6,11,23,1.63,0,0,False,False,True
3173,38,14,1195,2,0,6,19,24,1.63,1,0,False,False,True
2062,28,4,770,2,0,10,12,25,1.63,0,1,False,False,True
926,18,2,262,0,1,5,4,26,1.63,1,0,False,False,True
1085,15,0,436,5,0,9,38,25,1.81,1,1,False,False,False
2237,27,3,856,7,0,25,82,26,1.81,1,1,False,False,False
564,14,1,226,2,0,11,9,27,1.81,1,1,False,False,False
0,0,0,0,0,0,0,0,19,1.91,0,0,False,True,False
0,0,0,0,0,0,0,0,18,1.79,0,0,False,False,True
0,0,0,0,0,0,0,0,19,1.79,0,0,False,False,True
0,0,0,0,0,0,0,0,25,1.97,0,0,False,False,False
928,16,0,378,4,0,9,13,25,1.75,0,1,False,False,True
0,0,0,0,0,0,0,0,18,1.9,0,0,False,True,False
0,0,0,0,0,0,0,0,19,1.76,0,0,True,False,False
2294,35,6,687,0,0,20,23,18,1.78,1,0,False,False,True
341,6,0,159,0,0,4,6,19,1.78,1,1,False,False,True
1697,20,0,592,2,1,18,43,27,1.91,1,0,False,False,False
3150,35,1,996,6,0,34,46,28,1.91,1,1,False,False,False
2372,27,1,665,2,0,26,36,29,1.91,1,1,False,False,False
2845,32,0,2713,4,0,21,24,23,1.87,0,0,False,False,False
3009,35,3,1940,8,0,37,75,21,1.8,0,0,False,False,True
3060,38,2,2023,9,0,29,62,22,1.8,0,0,False,False,True
2680,36,1,1979,8,0,46,86,23,1.8,0,0,False,False,True
703,17,0,286,1,0,12,14,19,1.74,0,0,False,False,False
643,16,0,242,1,0,7,23,20,1.74,1,0,False,False,False
172,2,0,80,0,0,2,7,21,1.74,1,1,False,False,False
15,1,0,9,0,0,0,0,25,1.86,0,1,False,True,False
2606,37,6,964,4,2,44,54,23,1.74,0,1,True,False,False
2247,27,5,1020,4,0,32,23,24,1.74,1,0,True,False,False
2208,29,7,962,3,1,24,28,25,1.74,1,1,True,False,False
3086,36,1,1184,2,0,34,34,26,1.74,1,1,True,False,False
2755,35,7,1104,3,0,46,44,27,1.74,1,1,True,False,False
2812,35,7,1008,3,0,53,48,28,1.74,0,1,True,False,False
1740,31,0,457,0,0,18,18,21,1.79,0,0,True,False,False
966,17,0,168,1,0,20,9,22,1.79,1,0,True,False,False
484,15,1,95,0,0,6,2,23,1.79,0,1,True,False,False
2565,34,2,630,1,1,35,9,25,1.86,0,0,True,False,False
2896,38,2,722,2,0,41,18,26,1.86,0,0,True,False,False
2773,36,3,833,4,0,42,14,27,1.86,0,0,True,False,False
2608,32,7,735,1,0,22,8,28,1.86,0,0,True,False,False
30,2,0,7,0,0,0,0,28,1.7,1,0,True,False,False
286,4,0,95,3,0,7,5,21,1.83,1,0,False,False,False
1246,18,1,435,5,1,21,24,22,1.83,1,1,False,False,False
246,5,0,84,1,0,4,9,23,1.83,1,1,False,False,False
1293,17,0,636,4,0,16,40,25,1.83,1,0,False,False,False
3190,37,1,1541,9,1,22,90,25,1.78,0,0,False,False,True
2044,29,1,786,2,0,10,34,26,1.78,0,0,False,False,True
4,1,0,2,0,0,0,0,17,1.91,0,0,False,False,True
274,8,0,105,2,0,5,5,18,1.91,0,0,False,False,True
539,10,0,166,3,0,11,14,19,1.91,0,0,False,False,True
59,3,0,24,0,0,2,5,22,1.91,1,1,False,False,True
30,4,0,6,0,0,4,0,22,1.93,0,0,True,False,False
0,0,0,0,0,0,0,0,18,1.8,0,0,True,False,False
0,0,0,0,0,0,0,0,20,1.87,0,0,False,False,False
0,0,0,0,0,0,0,0,22,1.93,0,0,False,True,False
3330,37,1,1108,1,0,1,0,27,1.93,0,0,False,True,False
608,13,0,301,0,0,3,16,21,1.81,0,0,False,False,False
142,7,0,63,0,0,0,4,22,1.81,0,0,False,False,False
0,0,0,0,0,0,0,0,18,1.9,0,0,True,False,False
11,2,0,5,0,0,0,1,20,1.9,0,0,True,False,False
23,4,0,9,0,0,2,0,21,1.9,0,0,True,False,False
2055,37,3,602,0,0,24,7,26,1.86,0,0,True,False,False
978,30,1,265,3,0,20,3,27,1.86,0,0,True,False,False
913,20,0,268,0,0,14,4,28,1.86,0,0,True,False,False
0,0,0,0,0,0,0,0,19,1.85,0,0,False,False,False
0,0,0,0,0,0,0,0,20,1.85,0,0,False,False,False
0,0,0,0,0,0,0,0,21,1.85,0,0,False,False,False
535,12,2,416,3,0,4,11,28,1.77,1,0,False,False,True
15,1,0,11,0,0,0,0,29,1.77,1,1,False,False,True
245,5,2,155,0,0,3,0,31,1.77,1,0,False,False,True
0,0,0,0,0,0,0,0,17,1.7,0,0,False,False,True
947,14,1,368,0,0,18,22,21,1.95,0,1,False,False,True
1120,15,1,436,4,0,14,16,22,1.95,1,0,False,False,True
377,12,0,138,0,0,5,10,26,1.87,0,1,False,False,True
275,8,0,82,0,0,1,2,22,1.75,1,1,True,False,False
0,0,0,0,0,0,0,0,23,1.75,1,1,True,False,False
1292,15,3,1228,2,1,13,28,30,1.68,1,0,False,False,True
619,8,2,561,2,0,4,10,31,1.68,0,1,False,False,True
1387,30,6,484,0,0,14,24,24,1.72,0,0,True,False,False
2107,31,0,621,3,0,37,36,27,1.78,0,0,False,False,True
1335,18,1,353,3,0,21,36,28,1.78,1,0,False,False,True
0,0,0,0,0,0,0,0,33,1.88,0,0,False,True,False
90,1,0,10,0,0,0,0,34,1.88,0,0,False,True,False
3150,35,1,1116,7,0,20,35,28,1.94,0,0,False,False,False
1743,23,1,608,2,0,14,17,29,1.94,0,0,False,False,False
1435,17,0,566,4,0,12,10,30,1.94,1,0,False,False,False
660,10,1,264,1,0,4,6,31,1.94,1,1,False,False,False
1263,16,1,582,0,0,5,8,32,1.94,1,1,False,False,False
1350,15,0,640,1,0,6,6,33,1.94,1,1,False,False,False
1113,22,1,493,3,0,19,39,26,1.89,0,0,False,False,False
96,2,0,57,1,0,2,0,19,1.91,0,0,False,False,True
628,13,0,343,2,0,7,11,20,1.91,0,0,False,False,True
860,16,0,449,1,0,11,10,21,1.91,1,0,False,False,True
1771,27,1,1011,2,0,36,43,22,1.91,1,1,False,False,True
2125,32,1,1298,3,0,47,51,23,1.91,1,1,False,False,True
1595,27,0,345,0,0,5,13,26,1.77,0,1,True,False,False
0,0,0,0,0,0,0,0,18,1.74,0,0,False,False,True
2151,27,4,1268,3,0,32,49,24,1.83,1,1,False,False,False
1890,24,5,971,5,0,21,34,25,1.83,1,1,False,False,False
1699,26,2,900,4,0,20,29,26,1.83,1,1,False,False,False
90,1,0,62,0,0,1,0,27,1.83,0,1,False,False,False
0,0,0,0,0,0,0,0,19,1.79,0,0,False,False,True
687,9,0,293,2,0,7,17,20,1.81,1,0,False,False,True
1372,23,1,631,2,1,17,35,21,1.81,1,1,False,False,True
1407,22,1,558,2,0,22,31,22,1.81,1,1,False,False,True
3040,34,3,737,6,0,32,35,27,1.94,0,0,False,False,False
546,18,1,236,2,0,9,12,30,1.78,0,0,False,False,True
1470,21,1,642,4,1,30,37,31,1.78,1,0,False,False,True
1776,21,0,509,5,0,23,23,28,1.94,1,1,False,False,False
2772,33,1,1070,10,1,44,36,29,1.94,0,1,False,False,False
1568,21,0,568,5,0,21,22,30,1.94,1,0,False,False,False
13,1,0,3,0,0,1,0,31,1.94,1,1,False,False,False
57,1,0,11,0,0,1,0,32,1.94,1,1,False,False,False
1230,16,1,379,4,0,17,45,24,1.96,1,1,False,False,False
2779,33,0,937,3,1,28,40,26,1.93,0,0,False,False,False
1428,17,2,776,1,1,21,48,24,1.76,0,0,False,False,False
563,8,2,269,1,0,17,21,25,1.76,1,0,False,False,False
2706,33,5,1281,2,1,41,93,26,1.76,1,1,False,False,False
1608,19,3,792,0,0,23,55,27,1.76,1,1,False,False,False
12,1,0,7,0,0,2,0,20,1.76,0,0,True,False,False
9,1,0,5,0,0,1,1,18,1.77,0,0,True,False,False
2374,30,2,727,1,0,20,15,27,1.73,0,0,True,False,False
2405,31,3,771,4,1,23,18,28,1.73,0,0,True,False,False
1969,25,6,628,2,0,10,9,29,1.73,1,0,True,False,False
2480,33,8,771,3,0,21,17,30,1.73,1,1,True,False,False
1456,24,3,354,1,0,9,7,31,1.73,1,1,True,False,False
558,12,1,171,0,0,2,4,32,1.73,1,1,True,False,False
2249,27,3,1200,5,0,26,47,23,1.78,1,1,False,False,False
360,4,0,115,0,0,0,0,28,1.92,0,0,False,True,False
180,2,0,46,0,0,0,0,29,1.92,0,0,False,True,False
90,1,0,20,0,0,0,0,30,1.92,1,0,False,True,False
0,0,0,0,0,0,0,0,31,1.92,1,1,False,True,False
0,0,0,0,0,0,0,0,32,1.92,0,1,False,True,False
29,3,0,8,0,0,0,0,27,1.79,0,1,True,False,False
3294,37,1,1358,8,0,33,31,25,1.93,0,1,False,False,False
3088,35,1,1305,4,1,22,35,26,1.93,0,0,False,False,False
1231,19,0,641,2,0,14,18,27,1.93,1,0,False,False,False
0,0,0,0,0,0,0,0,18,1.81,0,0,False,False,True
2111,28,4,595,2,0,43,15,28,1.8,1,1,True,False,False
28,3,0,18,0,0,0,0,27,1.83,0,0,False,False,True
277,9,2,111,0,0,3,8,33,1.71,1,0,False,False,True
225,3,0,58,1,0,0,0,39,1.85,1,0,False,True,False
450,5,0,132,1,0,0,0,40,1.85,0,1,False,True,False
396,8,3,140,0,0,3,9,18,1.79,0,0,False,False,True
2069,36,0,542,1,0,31,37,29,1.75,0,0,True,False,False
1571,30,1,438,1,0,28,30,30,1.75,0,0,True,False,False
1327,27,2,386,2,0,20,25,31,1.75,0,0,True,False,False
269,21,1,94,0,0,6,5,32,1.75,0,0,True,False,False
2275,26,2,1564,11,0,35,54,24,1.84,1,1,False,False,False
2273,27,1,1734,6,0,26,64,25,1.84,1,1,False,False,False
2615,31,0,1765,9,0,42,62,26,1.84,1,1,False,False,False
1205,15,1,844,2,0,14,17,27,1.84,1,1,False,False,False
43,3,0,49,0,0,1,1,28,1.84,1,1,False,False,False
10,2,0,6,0,0,0,0,16,1.71,0,0,True,False,False
85,2,0,26,0,0,1,1,18,1.88,0,0,False,False,True
442,18,1,193,0,0,7,16,26,1.85,0,1,False,False,True
3387,38,4,2106,5,1,35,105,30,1.91,0,0,False,False,False
2940,34,1,1656,4,1,27,62,31,1.91,1,0,False,False,False
2706,32,1,1606,8,1,24,49,32,1.91,1,1,False,False,False
1226,17,2,654,1,0,11,25,33,1.91,1,1,False,False,False
965,15,0,520,3,1,7,13,34,1.91,1,1,False,False,False
3060,34,0,803,2,0,0,0,27,1.93,0,0,False,True,False
2520,28,0,806,0,0,0,0,28,1.93,0,0,False,True,False
1710,19,0,498,3,0,2,0,29,1.93,0,0,False,True,False
0,0,0,0,0,0,0,0,30,1.93,1,0,False,True,False
459,8,0,105,2,0,11,5,25,1.86,0,0,True,False,False
1101,24,0,508,5,0,25,38,22,1.75,1,0,False,False,True
1212,26,2,532,1,0,27,37,23,1.75,0,1,False,False,True
759,20,2,288,2,0,25,16,25,1.75,1,1,False,False,True
1037,21,3,376,1,1,11,18,26,1.77,0,0,False,False,True
2475,28,1,550,7,0,35,74,33,1.9,1,0,False,False,False
1841,36,1,637,3,0,29,54,23,1.8,1,0,False,False,True
2472,35,5,756,1,0,29,56,24,1.8,1,1,False,False,True
1143,19,1,492,2,0,10,25,25,1.8,1,1,False,False,True
1674,21,1,717,0,0,26,49,26,1.8,1,1,False,False,True
411,12,0,250,4,0,6,10,27,1.82,0,0,False,False,True
0,0,0,0,0,0,0,0,29,1.82,1,1,False,False,True
954,19,0,230,5,0,30,12,26,1.86,1,1,True,False,False
444,15,1,154,2,0,21,6,27,1.86,1,1,True,False,False
22,2,0,14,1,0,1,0,28,1.86,0,1,True,False,False
939,14,0,480,3,0,11,15,34,1.82,1,1,False,False,False
0,0,0,0,0,0,0,0,31,1.88,0,0,False,True,False
0,0,0,0,0,0,0,0,32,1.88,0,0,False,True,False
0,0,0,0,0,0,0,0,20,1.78,0,1,False,False,False
231,13,1,160,2,0,4,10,28,1.73,0,1,False,False,True
128,4,0,66,1,0,1,3,30,1.73,1,1,False,False,True
356,4,1,110,0,0,2,5,21,1.78,0,0,False,False,False
1035,13,0,434,0,0,3,12,22,1.78,0,0,False,False,False
3232,37,1,1129,5,0,35,70,30,1.84,0,0,False,False,False
2462,28,1,923,1,0,11,39,31,1.84,1,0,False,False,False
230,3,0,113,1,0,2,4,32,1.84,1,1,False,False,False
3195,36,0,1577,5,0,16,33,24,1.85,0,0,False,False,False
3420,38,0,1716,5,0,16,46,25,1.85,0,0,False,False,False
2766,34,1,1321,5,0,22,37,26,1.85,0,0,False,False,False
2787,31,1,1501,3,0,18,36,27,1.85,1,0,False,False,False
2430,29,0,1271,6,1,16,22,28,1.85,1,1,False,False,False
810,9,0,262,0,0,0,0,31,1.85,0,0,False,True,False
12,1,0,6,0,0,1,4,32,1.83,0,1,False,False,True
0,0,0,0,0,0,0,0,34,1.83,1,0,False,False,True
1183,19,0,603,1,0,17,33,20,1.8,1,0,False,False,True
896,15,0,437,2,0,20,17,21,1.8,0,1,False,False,True
223,9,2,86,2,0,7,6,23,1.82,0,1,True,False,False
703,14,1,244,2,0,7,10,21,1.78,1,1,True,False,False
1211,21,3,416,3,0,20,15,22,1.78,0,1,True,False,False
146,6,0,68,0,0,0,2,23,1.91,0,0,False,False,False
1521,23,0,1044,0,0,8,30,32,1.72,1,0,False,False,True
96,3,1,68,0,0,2,2,33,1.72,0,1,False,False,True
1078,21,3,521,1,0,14,19,28,1.75,1,1,False,False,True
2009,24,1,1016,6,0,13,33,29,1.75,1,1,False,False,True
452,6,0,249,0,0,1,8,30,1.75,1,1,False,False,True
1013,16,0,290,0,0,19,11,28,1.85,0,1,True,False,False
1330,23,1,501,3,0,30,23,28,1.78,0,0,True,False,False
118,4,0,77,0,0,1,0,33,1.7,1,1,False,False,True
806,15,0,384,5,1,16,19,34,1.7,1,1,False,False,True
0,0,0,0,0,0,0,0,18,1.75,0,0,False,False,False
809,10,0,324,1,0,3,3,29,1.86,1,1,False,False,False
660,8,0,304,1,1,7,12,31,1.85,0,0,False,False,False
2212,30,3,943,1,0,10,28,32,1.8,0,0,False,False,True
1717,30,3,579,4,0,25,32,27,1.83,1,1,False,False,True
2774,33,5,1236,3,0,34,60,28,1.83,1,1,False,False,True
3411,38,2,1961,7,0,40,74,29,1.83,0,0,False,False,True
0,0,0,0,0,0,0,0,35,1.98,0,0,False,True,False
0,0,0,0,0,0,0,0,36,1.98,0,0,False,True,False
44,1,0,13,0,0,1,2,19,1.82,0,0,False,False,True
23,1,0,10,0,0,0,1,20,1.82,0,0,False,False,True
13,1,0,6,0,0,0,1,21,1.82,0,0,False,False,True
0,0,0,0,0,0,0,0,22,1.82,0,0,False,False,True
840,12,0,450,0,0,3,19,37,1.92,0,0,False,False,False
0,0,0,0,0,0,0,0,29,1.72,1,0,False,False,True
0,0,0,0,0,0,0,0,18,1.8,0,0,True,False,False
2262,32,1,767,1,0,46,22,25,1.9,1,1,True,False,False
934,16,0,245,0,0,24,14,26,1.9,0,1,True,False,False
35,1,1,19,0,0,0,0,28,1.81,0,0,False,False,False
36,2,0,15,0,0,0,0,18,1.85,0,0,False,False,True
34,3,0,14,0,0,2,0,19,1.85,0,0,False,False,True
242,10,0,106,0,0,7,3,24,1.74,1,0,True,False,False
1003,19,0,387,1,0,11,11,25,1.74,0,1,True,False,False
53,2,0,10,0,0,2,0,17,1.94,0,0,True,False,False
1716,31,1,300,0,0,15,10,19,1.94,0,1,True,False,False
2222,34,3,407,2,0,17,8,21,1.94,1,0,True,False,False
1033,22,1,205,0,0,22,7,22,1.94,1,1,True,False,False
621,9,1,178,2,0,13,9,18,1.63,0,0,False,False,False
890,11,1,374,2,1,21,17,19,1.63,1,0,False,False,False
0,0,0,0,0,0,0,0,17,1.82,0,0,False,False,True
0,0,0,0,0,0,0,0,17,1.8,0,0,False,False,True
0,0,0,0,0,0,0,0,18,1.88,0,0,True,False,False
0,0,0,0,0,0,0,0,17,1.88,0,0,False,False,False
0,0,0,0,0,0,0,0,18,1.88,0,0,False,False,False
0,0,0,0,0,0,0,0,18,1.8,0,0,False,False,True
0,0,0,0,0,0,0,0,19,1.8,0,0,False,False,True
0,0,0,0,0,0,0,0,18,1.91,0,0,False,False,True
2893,36,3,529,3,0,23,12,29,1.8,1,0,True,False,False
0,0,0,0,0,0,0,0,24,1.88,0,0,False,False,False
1047,13,0,311,0,0,5,33,23,1.88,0,1,False,False,False
2722,32,1,1149,4,0,20,74,24,1.88,1,0,False,False,False
90,1,0,44,0,0,1,3,26,1.88,1,1,False,False,False
0,0,0,0,0,0,0,0,20,1.7,0,0,False,False,True
8,1,0,2,0,0,0,2,18,1.9,0,0,True,False,False
1373,28,2,310,0,0,3,11,26,1.75,1,1,True,False,False
1923,28,2,538,1,0,14,36,27,1.75,1,1,True,False,False
1216,20,3,326,2,0,7,28,28,1.75,0,1,True,False,False
2122,37,2,576,1,0,10,27,29,1.75,1,0,True,False,False
1295,25,3,354,1,0,9,13,30,1.75,1,1,True,False,False
1641,22,3,400,0,0,13,23,31,1.75,1,1,True,False,False
1857,24,0,1720,4,0,48,61,29,1.74,1,1,False,False,True
1938,23,0,1940,3,1,13,20,35,1.81,1,1,False,False,False
0,0,0,0,0,0,0,0,17,1.74,0,0,False,False,True
2020,23,0,523,1,2,2,0,23,2.0,1,1,False,True,False
3240,36,0,792,1,0,1,0,24,2.0,1,1,False,True,False
3150,35,0,983,2,0,2,0,25,2.0,1,1,False,True,False
1535,24,2,1140,5,0,18,44,27,1.85,1,1,False,False,True
0,0,0,0,0,0,0,0,22,1.9,0,1,False,False,False
2123,29,2,1108,3,1,50,64,22,1.89,0,0,False,False,True
2250,25,0,606,1,0,2,0,36,1.91,0,1,False,True,False
0,0,0,0,0,0,0,0,17,1.83,0,0,False,False,True
720,8,0,259,0,0,0,0,27,1.93,1,1,False,True,False
0,0,0,0,0,0,0,0,29,1.93,0,0,False,True,False
3240,36,0,1382,4,0,1,0,31,1.93,1,0,False,True,False
2049,26,0,1053,1,0,12,23,30,1.86,1,0,False,False,False
630,7,0,468,0,0,3,12,32,1.86,0,0,False,False,False
850,10,0,257,3,0,6,14,27,1.95,1,1,False,False,False
585,7,0,393,0,0,8,8,31,1.95,1,0,False,False,False
2606,35,8,779,2,0,28,20,24,1.8,1,0,True,False,False
2347,27,3,1325,1,0,20,52,24,1.85,1,1,False,False,False
0,0,0,0,0,0,0,0,18,1.83,0,0,False,False,False
252,8,1,127,1,0,2,12,17,1.85,0,0,False,False,False
94,4,0,41,0,0,3,5,18,1.85,1,0,False,False,False
1594,21,0,612,2,0,18,42,19,1.85,0,1,False,False,False
794,12,0,406,3,0,7,18,20,1.85,1,0,False,False,False
135,3,0,64,1,0,5,1,21,1.85,1,1,False,False,False
81,1,0,66,1,0,1,2,22,1.85,1,1,False,False,False
3420,38,2,2076,3,0,9,45,26,1.87,0,1,False,False,False
2603,30,0,1522,1,0,9,41,27,1.87,1,0,False,False,False
1177,14,0,915,3,0,8,19,28,1.87,1,1,False,False,False
2923,34,0,2358,3,0,10,37,29,1.87,0,1,False,False,False
2958,33,2,1978,7,0,18,40,30,1.87,0,0,False,False,False
2241,25,0,1437,2,0,17,35,31,1.87,1,0,False,False,False
2501,37,2,1065,6,0,33,51,21,1.8,1,0,False,False,True
38,3,0,11,0,0,3,3,24,1.72,1,0,True,False,False
0,0,0,0,0,0,0,0,19,1.86,1,0,False,False,True
2197,31,1,1373,0,0,9,37,27,1.85,1,1,False,False,True
760,10,1,594,2,0,4,9,29,1.85,1,1,False,False,True
503,19,0,338,3,0,8,15,23,1.77,1,1,False,False,True
1389,18,2,796,1,0,13,30,24,1.77,0,1,False,False,True
2568,37,4,1444,3,0,23,53,25,1.77,0,0,False,False,True
1614,22,4,885,1,0,11,47,25,1.75,1,0,False,False,True
1844,27,2,857,4,0,23,42,26,1.75,0,1,False,False,True
1907,23,2,1137,1,1,33,48,27,1.75,1,0,False,False,True
470,13,0,221,2,0,8,17,28,1.75,1,1,False,False,True
966,18,0,430,2,0,16,28,29,1.75,1,1,False,False,True
97,2,0,49,0,0,2,1,17,1.8,0,0,False,False,True
1543,24,3,783,4,0,25,36,18,1.8,0,0,False,False,True
1896,33,1,691,7,0,38,30,19,1.8,0,0,False,False,True
975,16,0,506,3,0,21,27,20,1.8,0,0,False,False,True
1424,25,1,697,3,0,26,31,22,1.8,1,0,False,False,True
0,0,0,0,0,0,0,0,19,1.78,0,0,False,False,True
3150,35,0,1127,1,0,0,0,30,1.88,0,0,False,True,False
306,4,0,94,0,0,0,0,31,1.88,1,0,False,True,False
1710,19,0,541,3,0,1,0,32,1.88,1,1,False,True,False
1795,20,0,527,0,0,1,0,33,1.88,1,1,False,True,False
0,0,0,0,0,0,0,0,34,1.88,0,1,False,True,False
2024,31,0,1242,5,1,33,34,29,1.88,0,0,False,False,True
1135,16,0,615,2,0,26,39,26,1.81,1,0,False,False,True
1041,13,0,394,0,0,11,29,24,1.92,1,0,False,False,True
3420,38,1,1607,7,1,69,78,25,1.92,0,1,False,False,True
847,16,2,234,0,0,10,7,30,1.82,0,0,True,False,False
0,0,0,0,0,0,0,0,21,1.88,1,0,False,False,False
0,0,0,0,0,0,0,0,22,1.88,1,1,False,False,False
15,1,0,20,0,0,0,0,17,1.72,0,0,False,False,True
0,0,0,0,0,0,0,0,18,1.72,0,0,False,False,True
1012,12,0,457,1,0,10,11,27,1.88,1,0,False,False,False
0,0,0,0,0,0,0,0,20,1.87,0,0,True,False,False
0,0,0,0,0,0,0,0,27,1.78,0,1,False,False,True
44,1,0,17,0,0,0,1,34,1.73,0,1,False,False,False
0,0,0,0,0,0,0,0,18,1.96,0,0,False,False,False
0,0,0,0,0,0,0,0,19,1.96,0,0,False,False,False
2954,33,0,1905,1,0,16,37,22,1.96,0,0,False,False,False
162,7,0,71,0,0,1,4,17,1.8,0,0,False,False,False
1576,19,1,1007,3,0,12,37,18,1.8,0,0,False,False,False
2467,29,12,1697,3,0,14,61,19,1.8,1,0,False,False,False
3176,38,13,2440,5,0,22,55,20,1.8,0,1,False,False,False
3033,36,7,2381,2,0,21,56,21,1.8,1,0,False,False,False
3291,38,7,1290,6,0,50,49,27,1.84,0,0,True,False,False
2941,37,4,841,7,0,43,20,28,1.84,0,0,True,False,False
1839,29,2,542,1,1,24,15,29,1.84,1,0,True,False,False
2548,32,5,827,4,1,42,24,30,1.84,1,1,True,False,False
2234,27,2,709,3,0,37,19,31,1.84,1,1,True,False,False
5,2,0,4,0,0,0,0,17,1.85,0,0,True,False,False
0,0,0,0,0,0,0,0,20,1.92,0,0,False,False,False
0,0,0,0,0,0,0,0,17,1.9,1,0,False,False,True
0,0,0,0,0,0,0,0,18,1.83,0,0,True,False,False
14,1,0,13,0,0,0,0,20,1.73,0,0,False,False,True
193,4,0,94,1,0,1,5,19,1.75,1,0,False,False,False
1710,19,1,599,1,0,8,64,20,1.75,0,1,False,False,False
11,1,0,3,0,0,0,0,22,1.96,1,0,False,False,False
505,7,0,303,0,0,7,10,23,1.96,0,1,False,False,False
201,4,0,113,1,0,2,1,24,1.96,1,0,False,False,False
140,5,0,87,0,0,0,4,25,1.96,0,1,False,False,False
2903,33,2,1384,7,0,20,15,26,1.96,1,0,False,False,False
3195,36,2,1679,4,1,21,32,27,1.96,0,1,False,False,False
17,1,0,4,0,0,0,0,31,1.89,0,1,False,False,False
275,10,2,135,2,0,5,9,26,1.85,0,1,False,False,True
474,13,0,170,0,1,3,13,23,1.8,0,0,False,False,True
1279,21,1,508,3,1,33,66,30,1.84,1,0,False,False,True
2036,27,0,732,7,0,30,73,31,1.84,1,1,False,False,True
1755,20,0,499,2,0,1,0,31,1.9,1,1,False,True,False
3150,35,0,884,1,0,0,0,32,1.9,1,1,False,True,False
3330,37,0,921,2,0,0,0,33,1.9,0,1,False,True,False
1414,19,0,857,0,0,19,23,29,1.9,1,0,False,False,True
225,8,0,147,0,0,6,3,30,1.9,0,1,False,False,True
364,10,0,108,0,0,2,2,27,1.9,0,0,True,False,False
1216,18,0,366,2,0,27,9,28,1.9,1,0,True,False,False
1281,17,0,751,1,0,10,17,23,1.87,0,0,False,False,False
2602,30,1,1490,1,0,19,40,24,1.87,1,0,False,False,False
3093,35,0,2094,6,0,22,29,25,1.87,1,1,False,False,False
2586,29,1,1866,0,0,24,22,26,1.87,1,1,False,False,False
980,21,2,280,0,0,17,13,24,1.77,1,1,False,False,True
2498,34,2,1010,4,0,28,47,25,1.77,1,1,False,False,True
2119,28,3,833,3,0,23,37,26,1.77,1,1,False,False,True
26,2,0,13,0,0,1,0,27,1.77,1,1,False,False,True
2499,30,1,1352,4,3,50,94,24,1.84,0,1,False,False,True
3015,36,1,1971,10,0,66,90,25,1.84,0,0,False,False,True
838,18,0,617,2,0,13,30,26,1.84,1,0,False,False,True
509,13,0,326,2,0,10,13,27,1.84,1,1,False,False,True
23,2,0,19,1,0,1,0,28,1.84,1,1,False,False,True
436,13,3,146,0,0,1,3,22,1.81,1,1,True,False,False
0,0,0,0,0,0,0,0,20,1.87,0,0,True,False,False
829,27,2,225,0,0,31,15,22,1.84,1,0,True,False,False
0,1,0,0,0,0,1,0,23,1.84,1,1,True,False,False
36,3,0,9,0,0,2,2,24,1.84,1,1,True,False,False
1179,14,0,678,5,0,15,20,29,1.9,0,0,False,False,False
822,11,0,557,5,0,19,15,30,1.9,1,0,False,False,False
1396,17,1,1429,6,0,18,20,31,1.9,1,1,False,False,False
1223,17,0,1227,6,0,17,16,32,1.9,1,1,False,False,False
3060,34,0,1388,2,0,28,59,24,1.93,0,0,False,False,False
1854,21,0,980,3,1,18,39,25,1.93,1,0,False,False,False
2253,26,0,1770,1,0,14,25,26,1.93,1,1,False,False,False
3385,38,2,3037,1,0,12,38,27,1.93,1,1,False,False,False
3420,38,1,3259,1,0,16,23,28,1.93,0,1,False,False,False
371,5,0,341,1,0,4,3,29,1.93,1,0,False,False,False
511,19,1,330,0,0,8,7,20,1.72,0,1,False,False,True
1710,19,0,559,2,0,0,0,27,1.89,0,0,False,True,False
810,9,0,244,0,0,0,0,28,1.89,1,0,False,True,False
3055,34,7,1279,3,0,29,73,27,1.79,0,0,False,False,False
0,0,0,0,0,0,0,0,19,1.83,0,0,False,False,False
2107,28,3,990,6,0,29,74,26,1.69,1,0,False,False,True
2579,32,4,885,6,0,23,28,24,1.83,1,1,False,False,True
5,1,0,3,0,0,0,0,25,1.83,1,1,False,False,True
64,4,0,21,0,0,2,2,25,1.88,0,1,True,False,False
2520,28,0,888,1,0,0,0,34,1.83,0,1,False,True,False
1076,14,1,327,3,0,18,27,24,1.76,0,0,False,False,True
838,21,0,318,6,0,20,10,25,1.76,0,0,False,False,True
2610,29,0,758,1,0,0,0,28,1.97,1,0,False,True,False
2610,29,0,809,1,0,0,0,29,1.97,0,1,False,True,False
2430,27,0,689,1,0,0,0,30,1.97,1,0,False,True,False
1575,18,0,450,0,0,0,0,31,1.97,1,1,False,True,False
270,3,0,97,0,0,0,0,32,1.97,0,1,False,True,False
0,0,0,0,0,0,0,0,33,1.97,1,0,False,True,False
2409,28,6,1144,4,0,28,29,29,1.76,1,1,True,False,False
1538,25,5,779,8,0,23,21,30,1.76,1,1,True,False,False
2286,31,2,1162,5,0,35,28,31,1.76,1,1,True,False,False
1680,28,1,651,3,0,30,23,30,1.7,1,0,False,False,True
1928,27,1,561,1,0,28,22,31,1.7,0,1,False,False,True
421,15,0,160,1,0,9,10,32,1.7,0,0,False,False,True
0,0,0,0,0,0,0,0,29,1.85,0,0,False,True,False
2004,30,8,1113,1,0,19,27,33,1.68,0,0,False,False,True
3420,38,0,818,3,0,27,51,31,1.85,0,0,False,False,False
2430,27,0,653,3,0,20,27,32,1.85,1,0,False,False,False
2818,32,0,913,4,0,31,35,33,1.85,0,1,False,False,False
1926,22,0,892,1,2,18,27,34,1.85,0,0,False,False,False
429,11,0,245,0,0,4,4,35,1.85,1,0,False,False,False
15,3,0,5,0,0,0,0,36,1.85,1,1,False,False,False
1790,21,1,367,3,0,43,15,22,1.91,1,0,True,False,False
15,3,0,4,0,0,0,0,23,1.91,1,1,True,False,False
2265,28,0,1688,7,0,37,51,19,1.9,1,1,False,False,False
2520,28,1,1323,7,0,22,60,23,1.88,0,0,False,False,False
1170,13,0,621,2,0,15,28,24,1.88,1,0,False,False,False
1522,17,1,689,0,0,27,68,19,1.83,0,0,False,False,True
2899,33,3,1684,6,2,60,138,20,1.83,1,0,False,False,True
3298,38,0,1984,8,0,46,143,21,1.83,1,1,False,False,True
2674,32,1,1669,6,0,56,128,22,1.83,1,1,False,False,True
2179,26,4,1432,6,0,54,96,23,1.83,1,1,False,False,True
1222,26,3,408,1,0,17,9,26,1.83,1,1,True,False,False
690,10,0,212,1,0,11,5,27,1.83,0,1,True,False,False
703,15,0,208,2,0,7,5,28,1.83,1,0,True,False,False
2492,34,1,554,5,0,40,46,22,1.8,0,0,True,False,False
3025,35,9,696,8,0,55,76,23,1.8,0,0,True,False,False
2550,29,3,623,5,0,45,30,24,1.8,1,0,True,False,False
3043,34,5,1006,8,1,44,39,25,1.8,1,1,True,False,False
3280,38,3,1094,5,0,48,43,26,1.8,1,1,True,False,False
2613,30,2,734,6,0,32,26,27,1.8,1,1,True,False,False
0,0,0,0,0,0,0,0,18,1.75,0,0,False,False,True
0,0,0,0,0,0,0,0,19,1.75,0,0,False,False,True
2262,30,1,840,9,0,53,75,24,1.85,1,1,False,False,True
4,1,0,0,0,0,0,0,22,1.88,1,0,True,False,False
0,1,0,0,0,0,0,0,24,1.9,0,0,False,True,False
180,2,0,56,0,0,0,0,26,1.9,0,0,False,True,False
0,0,0,0,0,0,0,0,16,1.86,0,0,True,False,False
2750,35,6,1500,5,0,27,42,26,1.75,0,0,True,False,False
1529,34,2,777,3,0,12,19,27,1.75,0,0,True,False,False
1883,36,7,924,1,0,10,22,28,1.75,1,0,True,False,False
2109,32,6,1230,2,0,12,35,29,1.75,0,1,True,False,False
2604,36,7,1436,4,0,17,45,30,1.75,1,0,True,False,False
1406,25,5,677,0,0,5,13,31,1.75,1,1,True,False,False
1115,17,0,298,0,0,8,2,28,1.89,0,0,True,False,False
3169,36,0,1715,2,1,29,85,27,1.95,0,0,False,False,False
1980,22,1,984,1,1,24,57,28,1.95,1,0,False,False,False
1880,21,1,1036,2,0,15,33,29,1.95,1,1,False,False,False
310,4,0,85,0,0,0,0,33,1.86,0,0,False,True,False
1451,17,0,391,0,0,0,0,34,1.86,0,0,False,True,False
270,3,0,88,0,0,0,0,35,1.86,0,0,False,True,False
180,2,0,54,0,0,0,0,36,1.86,0,0,False,True,False
450,5,0,147,0,0,0,0,37,1.86,0,0,False,True,False
90,1,0,24,0,0,0,0,38,1.86,0,0,False,True,False
2136,24,1,833,5,0,23,45,27,1.91,1,1,False,False,False
2590,30,2,983,8,1,31,32,28,1.91,1,1,False,False,False
1454,17,0,659,5,0,14,11,29,1.91,1,1,False,False,False
0,0,0,0,0,0,0,0,31,1.91,1,1,False,False,False
17,1,0,4,0,0,0,0,21,1.77,0,1,True,False,False
0,0,0,0,0,0,0,0,22,1.77,0,0,True,False,False
2028,27,6,639,3,0,25,19,23,1.69,1,1,False,False,True
1709,21,2,609,2,0,16,11,24,1.69,1,1,False,False,True
3049,36,7,1055,5,0,28,25,25,1.69,1,1,False,False,True
1057,24,3,639,2,0,9,14,26,1.69,1,1,False,False,True
181,7,0,97,0,0,1,1,27,1.69,1,1,False,False,True
551,14,2,399,2,0,11,7,28,1.69,1,1,False,False,True
1714,23,1,399,3,1,27,42,19,1.8,0,0,False,False,False
784,11,0,222,1,0,7,20,20,1.8,0,0,False,False,False
101,3,0,45,0,0,1,5,21,1.8,0,0,False,False,False
167,7,0,59,0,0,0,0,33,1.84,0,0,True,False,False
3189,37,4,1679,1,0,18,99,25,1.83,0,0,False,False,True
2076,26,3,506,2,0,25,26,26,1.85,1,0,True,False,False
1052,14,4,291,3,0,24,18,27,1.85,1,1,True,False,False
854,16,0,210,0,0,12,8,28,1.85,0,1,True,False,False
2331,32,5,1838,3,0,27,43,32,1.88,1,0,False,False,True
1947,25,0,1798,4,0,26,42,33,1.88,0,1,False,False,True
228,10,2,416,1,0,5,2,34,1.88,0,0,False,False,True
890,13,0,504,3,0,13,14,23,1.95,1,1,False,False,False
2282,29,1,1361,3,0,20,39,24,1.95,1,1,False,False,False
1939,24,0,1257,2,0,22,21,25,1.95,1,1,False,False,False
223,8,0,92,0,0,3,6,29,1.75,0,0,False,False,True
64,4,0,14,1,0,3,0,28,1.85,0,0,False,False,False
921,11,0,188,4,0,15,17,29,1.85,0,0,False,False,False
90,1,0,27,0,0,1,7,30,1.85,0,0,False,False,False
2701,33,1,1269,7,0,38,107,29,1.73,0,1,False,False,True
2131,32,3,984,7,0,31,60,30,1.73,1,0,False,False,True
2387,31,1,1293,7,0,35,70,31,1.73,1,1,False,False,True
516,17,0,113,1,0,13,8,26,1.78,1,1,True,False,False
207,8,0,32,0,0,2,3,27,1.78,1,1,True,False,False
1092,13,4,641,2,0,10,17,21,1.76,0,1,False,False,True
2834,37,6,1780,2,0,32,52,22,1.76,0,0,False,False,True
3358,38,4,2482,6,0,37,86,23,1.76,0,0,False,False,True
370,7,0,157,1,0,5,21,28,1.77,1,0,False,False,True
1769,28,0,715,5,0,40,62,21,1.82,1,0,False,False,True
1262,22,0,619,4,0,31,49,22,1.82,0,1,False,False,True
3114,36,0,1685,8,1,55,104,23,1.82,0,0,False,False,True
90,1,0,26,0,0,1,0,25,1.91,1,1,False,True,False
0,0,0,0,0,0,0,0,18,1.76,0,0,False,False,True
3420,38,2,1561,6,0,45,55,27,1.89,0,0,False,False,False
2148,24,1,1173,6,0,33,49,28,1.89,0,0,False,False,False
2437,28,5,1041,7,0,54,10,34,1.95,0,0,True,False,False
102,5,0,76,0,0,1,2,35,1.95,0,0,True,False,False
256,3,0,104,3,0,5,5,33,1.84,1,1,False,False,False
2065,31,6,576,7,0,41,13,24,1.87,1,1,True,False,False
943,16,0,229,3,0,19,8,25,1.87,1,1,True,False,False
2879,36,4,862,5,0,45,18,30,1.86,0,0,True,False,False
267,13,0,86,0,0,11,4,27,1.9,1,0,True,False,False
