Minutes,Injured,Recovering,Age,Height,Name,Position,Appearances,Assists,Passes,Yellow cards,Red cards,Fouls,Tackles
3150,1,1,25,0,Thibaut Courtois,Goalkeeper,35,0,983,2,0,2,0
3240,1,1,24,0,Thibaut Courtois,Goalkeeper,36,0,792,1,0,1,0
2020,1,1,23,0,Thibaut Courtois,Goalkeeper,23,0,523,1,2,2,0
2160,1,0,31,1.99,Asmir Begovic,Goalkeeper,24,0,530,0,0,0,0
3420,0,0,30,1.99,Asmir Begovic,Goalkeeper,38,0,945,2,0,2,0
180,0,0,29,1.99,Asmir Begovic,Goalkeeper,2,0,46,0,0,0,0
1397,0,0,28,1.99,Asmir Begovic,Goalkeeper,17,0,336,0,0,0,0
0,0,0,21,1.99,Jamal Blackman,Goalkeeper,0,0,0,0,0,0,0
0,0,0,33,1.9,Marco Amelia,Goalkeeper,0,0,0,0,0,0,0
2027,0,0,25,1.9,Kurt Zouma,Defender,24,0,1775,3,0,17,16
2341,0,0,24,1.9,Kurt Zouma,Defender,28,0,2080,6,0,30,23
2610,0,1,23,1.9,Kurt Zouma,Defender,32,2,1442,3,1,20,32
2887,1,0,22,1.9,Kurt Zouma,Defender,34,0,1021,1,0,19,50
245,0,1,21,1.9,Kurt Zouma,Defender,9,1,128,0,0,2,8
1917,1,1,20,1.9,Kurt Zouma,Defender,23,1,736,0,0,9,30
1800,1,1,34,1.93,Gary Cahill,Defender,20,1,746,3,0,12,13
2168,1,1,33,1.93,Gary Cahill,Defender,25,1,1004,1,0,14,15
22,1,0,32,1.93,Gary Cahill,Defender,2,0,18,0,0,0,0
2084,0,0,31,1.93,Gary Cahill,Defender,27,0,1330,1,1,17,29
3298,0,1,30,1.93,Gary Cahill,Defender,37,0,1849,5,0,34,53
1955,1,0,29,1.93,Gary Cahill,Defender,23,1,773,2,0,17,22
765,0,0,36,1.85,Branislav Ivanovic,Defender,13,0,317,2,0,11,14
582,1,1,32,1.85,Branislav Ivanovic,Defender,13,0,329,2,0,8,11
2918,1,0,31,1.85,Branislav Ivanovic,Defender,33,2,1301,5,0,32,66
797,1,1,25,1.8,Nathan Aké,Defender,10,0,751,4,0,8,10
2505,1,1,24,1.8,Nathan Aké,Defender,29,2,1210,2,0,9,31
3412,1,1,23,1.8,Nathan Aké,Defender,38,0,1696,3,0,28,66
3353,1,0,22,1.8,Nathan Aké,Defender,38,3,1589,5,0,27,53
98,0,0,21,1.8,Nathan Aké,Defender,12,1,405,1,0,4,22
733,0,0,21,1.8,Nathan Aké,Defender,12,1,405,1,0,4,22
1873,0,1,20,1.8,Nathan Aké,Defender,24,0,609,4,1,28,79
1577,0,0,27,1.93,Papy Djilobodji,Defender,18,0,694,4,1,23,24
0,0,0,26,1.93,Papy Djilobodji,Defender,0,0,0,0,0,0,0
263,0,0,28,1.93,Michael Hector,Defender,4,0,186,2,0,5,3
492,1,1,35,1.87,John Terry,Defender,9,0,320,1,0,5,3
1991,1,0,34,1.87,John Terry,Defender,24,0,924,2,2,10,21
135,0,0,20,1.93,Matt Miazga,Defender,2,0,90,1,0,1,3
44,0,1,22,1.85,Fikayo Tomori,Defender,1,0,29,0,0,1,2
1293,1,0,21,1.85,Fikayo Tomori,Defender,15,0,1151,3,0,7,29
0,0,0,19,1.85,Fikayo Tomori,Defender,0,0,0,0,0,0,0
30,0,0,17,1.85,Fikayo Tomori,Defender,1,0,13,0,0,0,1
16,0,0,17,1.88,Jake Clarke-Salter,Defender,1,0,6,0,0,0,2
26,0,0,27,1.76,Juan Cuadrado,Midfielder,1,0,9,0,0,0,0
2190,0,1,30,1.78,César Azpilicueta,Defender,26,2,1887,5,1,32,53
3230,1,0,29,1.78,César Azpilicueta,Defender,36,6,2435,1,0,40,86
3403,0,0,28,1.78,César Azpilicueta,Defender,38,5,2483,4,0,39,105
3330,0,0,27,1.78,César Azpilicueta,Defender,37,6,2760,1,0,25,80
3420,0,0,26,1.78,César Azpilicueta,Defender,38,4,2459,4,0,27,84
3201,0,0,25,1.78,César Azpilicueta,Defender,37,3,1798,7,0,39,114
2670,1,0,23,1.84,Ola Aina,Defender,31,1,1462,3,0,32,37
23,0,0,19,1.84,Ola Aina,Defender,3,0,16,0,0,0,0
0,0,0,18,1.84,Ola Aina,Defender,0,0,0,0,0,0,0
175,1,1,31,1.79,Cesc Fàbregas,Midfielder,6,0,193,1,0,1,6
2310,1,1,30,1.79,Cesc Fàbregas,Midfielder,32,4,2189,4,1,25,68
1328,1,0,29,1.79,Cesc Fàbregas,Midfielder,29,12,1326,8,0,23,30
2897,0,0,28,1.79,Cesc Fàbregas,Midfielder,37,7,2829,5,0,38,103
607,1,1,28,1.79,Ramires,Midfielder,12,0,309,1,0,21,23
1912,0,0,24,1.9,Ruben Loftus-Cheek,Midfielder,31,0,726,3,0,29,25
61,0,0,24,1.9,Ruben Loftus-Cheek,Midfielder,31,0,726,3,0,29,25
205,0,1,23,1.9,Ruben Loftus-Cheek,Midfielder,7,1,132,0,0,2,0
982,1,1,22,1.9,Ruben Loftus-Cheek,Midfielder,24,2,610,0,0,10,18
1875,1,0,21,1.9,Ruben Loftus-Cheek,Midfielder,24,3,723,1,0,17,21
30,0,0,20,1.9,Ruben Loftus-Cheek,Midfielder,6,0,25,0,0,2,1
404,0,0,19,1.9,Ruben Loftus-Cheek,Midfielder,13,0,243,0,0,4,11
0,0,0,18,1.76,Charlie Colkett,Midfielder,0,0,0,0,0,0,0
26,1,1,27,1.77,Victor Moses,Midfielder,2,0,13,0,0,1,0
2119,1,1,26,1.77,Victor Moses,Midfielder,28,3,833,3,0,23,37
2498,1,1,25,1.77,Victor Moses,Midfielder,34,2,1010,4,0,28,47
980,1,1,24,1.77,Victor Moses,Midfielder,21,2,280,0,0,17,13
0,1,1,24,1.77,Victor Moses,Midfielder,21,2,280,0,0,17,13
0,1,1,23,1.82,Kenedy,Forward,0,0,0,0,0,0,0
1343,1,0,22,1.82,Kenedy,Forward,25,1,462,1,0,19,30
1030,0,1,21,1.82,Kenedy,Forward,13,2,351,1,0,15,31
0,0,1,21,1.82,Kenedy,Forward,13,2,351,1,0,15,31
75,1,0,20,1.82,Kenedy,Forward,2,0,29,0,0,2,3
15,1,0,20,1.82,Kenedy,Forward,2,0,29,0,0,2,3
547,0,0,19,1.82,Kenedy,Forward,14,0,290,0,0,6,14
456,0,1,24,1.79,Oscar,Midfielder,9,1,246,1,0,5,22
1773,1,1,23,1.79,Oscar,Midfielder,27,3,1040,4,0,18,62
168,1,1,20,1.75,Kasey Palmer,Midfielder,4,0,53,2,0,4,6
0,0,0,18,1.75,Kasey Palmer,Midfielder,0,0,0,0,0,0,0
2926,0,0,27,1.75,Eden Hazard,Forward,37,15,1819,2,0,12,14
2433,0,0,26,1.75,Eden Hazard,Forward,34,4,1369,2,0,13,6
3005,0,0,25,1.75,Eden Hazard,Forward,36,5,1750,3,0,19,18
2191,0,0,24,1.75,Eden Hazard,Forward,31,3,1415,2,0,15,21
1406,1,1,31,1.75,Willian,Forward,25,5,677,0,0,5,13
2604,1,0,30,1.75,Willian,Forward,36,7,1436,4,0,17,45
2109,0,1,29,1.75,Willian,Forward,32,6,1230,2,0,12,35
1883,1,0,28,1.75,Willian,Forward,36,7,924,1,0,10,22
1529,0,0,27,1.75,Willian,Forward,34,2,777,3,0,12,19
2750,0,0,26,1.75,Willian,Forward,35,6,1500,5,0,27,42
661,1,0,32,1.67,Pedro,Forward,11,1,315,1,0,8,15
1780,0,0,31,1.67,Pedro,Forward,31,2,1066,2,0,17,27
1521,0,0,30,1.67,Pedro,Forward,31,2,654,1,0,9,20
2151,0,0,29,1.67,Pedro,Forward,35,9,947,6,0,33,48
2042,0,0,28,1.67,Pedro,Forward,29,2,971,3,0,23,37
2334,1,0,24,1.81,Bertrand Traoré,Forward,36,6,700,1,0,31,26
3090,0,0,27,1.86,Diego Costa,Forward,35,7,1034,10,0,43,18
2377,0,0,26,1.86,Diego Costa,Forward,28,6,824,8,0,43,21
229,0,0,29,1.77,Radamel Falcao,Forward,10,0,84,1,0,7,2
131,1,0,25,1.8,Alexandre Pato,Forward,2,0,27,0,0,2,3
131,0,0,29,1.85,Loïc Rémy,Forward,5,0,45,0,0,2,0
284,0,0,28,1.85,Loïc Rémy,Forward,13,0,101,0,0,1,0
3062,0,0,26,1.85,Patrick Bamford,Forward,38,7,509,3,0,36,21
281,0,0,22,1.85,Patrick Bamford,Forward,14,0,82,1,0,12,9
33,0,0,22,1.85,Patrick Bamford,Forward,14,0,82,1,0,12,9
235,0,0,21,1.85,Patrick Bamford,Forward,13,0,90,0,0,8,5
118,0,0,21,1.85,Patrick Bamford,Forward,13,0,90,0,0,8,5
1033,1,1,22,1.94,Tammy Abraham,Forward,22,1,205,0,0,22,7
2222,1,0,21,1.94,Tammy Abraham,Forward,34,3,407,2,0,17,8
1716,0,1,19,1.94,Tammy Abraham,Forward,31,1,300,0,0,15,10
53,0,0,17,1.94,Tammy Abraham,Forward,2,0,10,0,0,2,0
0,0,0,33,1.96,Joe Hart,Goalkeeper,0,0,0,0,0,0,0
0,0,0,32,1.96,Joe Hart,Goalkeeper,0,0,0,0,0,0,0
1710,0,0,31,1.96,Joe Hart,Goalkeeper,19,0,565,0,0,0,0
1710,0,0,30,1.96,Joe Hart,Goalkeeper,19,1,544,0,0,1,0
3110,1,0,28,1.96,Joe Hart,Goalkeeper,35,0,721,0,0,0,0
90,0,0,38,1.86,Willy Caballero,Goalkeeper,1,0,24,0,0,0,0
450,0,0,37,1.86,Willy Caballero,Goalkeeper,5,0,147,0,0,0,0
180,0,0,36,1.86,Willy Caballero,Goalkeeper,2,0,54,0,0,0,0
270,0,0,35,1.86,Willy Caballero,Goalkeeper,3,0,88,0,0,0,0
1451,0,0,34,1.86,Willy Caballero,Goalkeeper,17,0,391,0,0,0,0
310,0,0,33,1.86,Willy Caballero,Goalkeeper,4,0,85,0,0,0,0
0,0,0,37,1.9,Richard Wright,Goalkeeper,0,0,0,0,0,0,0
0,0,0,32,1.83,Nicolás Otamendi,Defender,0,0,0,0,0,0,0
1710,0,1,31,1.83,Nicolás Otamendi,Defender,24,0,1533,3,0,21,28
1233,1,0,30,1.83,Nicolás Otamendi,Defender,18,0,1245,1,0,8,24
2968,0,0,29,1.83,Nicolás Otamendi,Defender,34,0,3074,9,0,28,58
2592,0,1,28,1.83,Nicolás Otamendi,Defender,30,1,1945,9,0,30,69
2672,1,1,27,1.83,Nicolás Otamendi,Defender,30,0,1569,9,0,31,90
1223,1,1,32,1.9,Vincent Kompany,Defender,17,0,1227,6,0,17,16
1396,1,1,31,1.9,Vincent Kompany,Defender,17,1,1429,6,0,18,20
822,1,0,30,1.9,Vincent Kompany,Defender,11,0,557,5,0,19,15
1179,0,0,29,1.9,Vincent Kompany,Defender,14,0,678,5,0,15,20
134,1,1,26,1.87,Eliaquim Mangala,Defender,11,0,413,0,0,3,7
483,1,1,26,1.87,Eliaquim Mangala,Defender,11,0,413,0,0,3,7
2010,1,0,24,1.87,Eliaquim Mangala,Defender,23,0,1003,8,0,36,32
1879,1,1,21,1.84,Jason Denayer,Defender,24,0,586,2,0,17,35
0,1,1,20,1.84,Jason Denayer,Defender,0,0,0,0,0,0,0
1012,0,0,34,1.84,Martín Demichelis,Defender,20,0,551,3,0,12,20
2954,0,0,22,1.96,Tosin Adarabioyo,Defender,33,0,1905,1,0,16,37
0,0,0,19,1.96,Tosin Adarabioyo,Defender,0,0,0,0,0,0,0
0,0,0,18,1.96,Tosin Adarabioyo,Defender,0,0,0,0,0,0,0
2533,0,0,30,1.87,Aleksandar Kolarov,Defender,29,1,1859,6,0,34,47
2281,0,1,29,1.87,Aleksandar Kolarov,Defender,29,3,1361,3,0,20,34
2125,1,1,31,1.76,Gaël Clichy,Defender,25,0,1454,2,0,12,44
1087,1,1,30,1.76,Gaël Clichy,Defender,14,1,693,0,0,10,28
421,0,0,22,1.71,Angeliño,Defender,6,0,338,1,0,2,5
0,0,0,18,1.71,Angeliño,Defender,0,0,0,0,0,0,0
1056,0,1,30,1.72,Jesús Navas,Defender,24,0,582,2,0,6,19
2278,1,0,29,1.72,Jesús Navas,Defender,34,7,1268,1,0,18,29
589,0,0,34,1.76,Pablo Zabaleta,Defender,10,0,249,2,0,7,18
2091,0,0,33,1.76,Pablo Zabaleta,Defender,26,1,860,4,0,17,47
3291,0,0,32,1.76,Pablo Zabaleta,Defender,37,1,1153,9,0,33,96
1059,0,1,31,1.76,Pablo Zabaleta,Defender,20,1,573,2,0,14,41
1062,1,0,30,1.76,Pablo Zabaleta,Defender,13,1,575,3,0,15,43
1344,1,1,33,1.76,Bacary Sagna,Defender,17,1,832,2,0,3,23
2448,1,0,32,1.76,Bacary Sagna,Defender,28,3,1587,4,0,17,50
0,0,0,19,1.72,Pablo Maffeo,Defender,0,0,0,0,0,0,0
0,0,0,18,1.72,Pablo Maffeo,Defender,0,0,0,0,0,0,0
1181,0,0,35,1.79,Fernandinho,Midfielder,21,2,1014,6,0,22,31
2398,0,1,34,1.79,Fernandinho,Midfielder,30,1,2222,7,2,26,50
2381,1,1,33,1.79,Fernandinho,Midfielder,29,3,2050,5,0,40,57
2885,1,0,32,1.79,Fernandinho,Midfielder,34,3,2975,7,0,41,62
2755,0,0,31,1.79,Fernandinho,Midfielder,32,1,2180,4,2,48,82
2731,0,0,30,1.79,Fernandinho,Midfielder,33,2,1872,8,0,55,105
558,0,1,29,1.83,Fernando,Midfielder,15,0,370,3,0,11,21
1695,1,1,28,1.83,Fernando,Midfielder,24,0,915,4,0,27,60
0,0,0,20,1.84,George Evans,Midfielder,0,0,0,0,0,0,0
0,0,0,19,1.78,James Horsfield,Defender,0,0,0,0,0,0,0
228,0,0,34,1.88,Yaya Touré,Midfielder,10,2,416,1,0,5,2
1947,0,1,33,1.88,Yaya Touré,Midfielder,25,0,1798,4,0,26,42
2331,1,0,32,1.88,Yaya Touré,Midfielder,32,5,1838,3,0,27,43
261,1,1,30,1.74,Fabian Delph,Midfielder,8,0,217,1,0,3,5
1190,1,1,29,1.74,Fabian Delph,Midfielder,16,0,781,3,1,18,26
725,1,1,28,1.74,Fabian Delph,Midfielder,11,1,693,1,1,6,23
1746,1,1,27,1.74,Fabian Delph,Midfielder,22,2,1614,2,0,15,46
218,1,0,26,1.74,Fabian Delph,Midfielder,7,0,225,1,0,6,7
750,0,0,25,1.74,Fabian Delph,Midfielder,17,0,483,0,0,7,26
76,0,0,19,1.73,Aleix García,Midfielder,4,0,97,0,0,0,3
0,0,0,18,1.73,Aleix García,Midfielder,0,0,0,0,0,0,0
2001,1,1,29,1.81,Kevin De Bruyne,Midfielder,25,12,1265,1,0,27,34
2800,1,1,28,1.81,Kevin De Bruyne,Midfielder,35,20,1907,3,0,26,45
974,1,0,27,1.81,Kevin De Bruyne,Midfielder,19,2,725,2,0,10,22
3085,0,1,26,1.81,Kevin De Bruyne,Midfielder,37,16,2693,2,0,30,62
2884,1,0,25,1.81,Kevin De Bruyne,Midfielder,36,18,1801,4,0,37,50
2003,0,0,24,1.81,Kevin De Bruyne,Midfielder,25,9,1127,2,0,16,28
1833,1,1,33,1.7,David Silva,Midfielder,27,10,1483,0,0,20,26
2411,1,0,32,1.7,David Silva,Midfielder,33,8,2015,3,0,26,30
2437,0,0,31,1.7,David Silva,Midfielder,29,11,2429,5,0,21,32
2767,0,1,30,1.7,David Silva,Midfielder,34,7,2075,6,0,29,43
1801,1,0,29,1.7,David Silva,Midfielder,24,11,1386,1,0,19,36
245,1,0,31,1.77,Samir Nasri,Midfielder,5,2,155,0,0,3,0
15,1,1,29,1.77,Samir Nasri,Midfielder,1,0,11,0,0,0,0
535,1,0,28,1.77,Samir Nasri,Midfielder,12,2,416,3,0,4,11
13,0,0,18,1.81,Bersant Celina,Midfielder,1,1,12,0,0,0,1
10,0,0,17,1.69,Manu García,Midfielder,1,0,18,0,0,0,0
2536,1,1,25,1.7,Raheem Sterling,Forward,31,7,1113,4,0,36,21
2515,1,1,21,1.7,Raheem Sterling,Forward,33,6,1033,7,0,36,24
1923,1,1,20,1.7,Raheem Sterling,Forward,31,2,846,1,0,26,34
0,0,0,18,1.8,Brandon Barker,Forward,0,0,0,0,0,0,0
4,0,0,18,1.67,Patrick Roberts,Midfielder,1,0,3,0,0,0,0
558,1,1,32,1.73,Sergio Agüero,Forward,12,1,171,0,0,2,4
1456,1,1,31,1.73,Sergio Agüero,Forward,24,3,354,1,0,9,7
2480,1,1,30,1.73,Sergio Agüero,Forward,33,8,771,3,0,21,17
1969,1,0,29,1.73,Sergio Agüero,Forward,25,6,628,2,0,10,9
2405,0,0,28,1.73,Sergio Agüero,Forward,31,3,771,4,1,23,18
2374,0,0,27,1.73,Sergio Agüero,Forward,30,2,727,1,0,20,15
703,1,0,28,1.83,Wilfried Bony,Forward,15,0,208,2,0,7,5
690,0,1,27,1.83,Wilfried Bony,Forward,10,0,212,1,0,11,5
1222,1,1,26,1.83,Wilfried Bony,Forward,26,3,408,1,0,17,9
1456,0,0,23,1.85,Kelechi Iheanacho,Forward,25,2,504,1,0,26,12
960,0,0,22,1.85,Kelechi Iheanacho,Forward,20,3,267,1,0,24,3
926,0,1,21,1.85,Kelechi Iheanacho,Forward,30,3,276,2,0,14,6
822,1,0,20,1.85,Kelechi Iheanacho,Forward,21,3,246,2,0,17,9
525,0,1,19,1.85,Kelechi Iheanacho,Forward,20,3,192,0,0,8,6
753,1,0,18,1.85,Kelechi Iheanacho,Forward,26,1,346,1,0,17,14
585,1,0,36,1.96,Petr Cech,Goalkeeper,7,0,224,0,0,0,0
3040,0,1,35,1.96,Petr Cech,Goalkeeper,34,0,811,1,0,0,0
3098,1,1,34,1.96,Petr Cech,Goalkeeper,35,0,844,2,0,3,0
3060,1,1,33,1.96,Petr Cech,Goalkeeper,34,0,853,0,0,0,0
380,1,1,28,1.83,David Ospina,Goalkeeper,5,0,117,0,0,0,0
142,1,0,27,1.83,David Ospina,Goalkeeper,2,0,44,0,0,0,0
360,0,0,26,1.83,David Ospina,Goalkeeper,4,0,110,0,0,0,0
3420,0,0,27,1.95,Emiliano Martínez,Goalkeeper,38,0,1134,1,0,1,0
770,0,0,26,1.95,Emiliano Martínez,Goalkeeper,9,0,245,2,0,0,0
0,0,0,25,1.95,Emiliano Martínez,Goalkeeper,0,0,0,0,0,0,0
180,0,0,23,1.95,Emiliano Martínez,Goalkeeper,16,0,397,2,0,1,0
0,0,0,25,0,Matt Macey,Goalkeeper,0,0,0,0,0,0,0
0,0,0,24,0,Matt Macey,Goalkeeper,0,0,0,0,0,0,0
0,0,0,22,0,Matt Macey,Goalkeeper,0,0,0,0,0,0,0
0,0,0,21,0,Matt Macey,Goalkeeper,0,0,0,0,0,0,0
0,0,0,20,0,Matt Macey,Goalkeeper,0,0,0,0,0,0,0
1328,1,1,32,1.86,Laurent Koscielny,Defender,17,0,891,1,0,9,19
2227,1,1,31,1.86,Laurent Koscielny,Defender,25,0,1745,4,0,14,43
2823,1,1,30,1.86,Laurent Koscielny,Defender,33,0,1667,4,1,19,48
2846,1,1,29,1.86,Laurent Koscielny,Defender,33,0,1691,3,0,31,47
365,0,1,32,0,Per Mertesacker,Defender,6,0,247,0,0,2,2
37,1,1,31,0,Per Mertesacker,Defender,1,0,8,0,0,0,2
2049,1,0,30,0,Per Mertesacker,Defender,24,0,1246,1,1,7,27
1515,1,0,25,1.87,Gabriel Paulista,Defender,19,0,872,6,0,20,25
1761,0,1,24,1.87,Gabriel Paulista,Defender,21,0,1110,4,1,9,43
752,0,1,25,1.82,Calum Chambers,Defender,10,2,479,0,0,7,7
1102,1,1,24,1.82,Calum Chambers,Defender,14,1,796,5,0,18,26
2586,1,1,23,1.82,Calum Chambers,Defender,31,0,1484,9,0,34,63
869,1,1,22,1.82,Calum Chambers,Defender,12,0,600,1,0,10,17
2160,1,0,21,1.82,Calum Chambers,Defender,25,1,1116,4,0,23,49
90,1,0,21,1.82,Calum Chambers,Defender,25,1,1116,4,0,23,49
312,0,0,20,1.82,Calum Chambers,Defender,12,0,195,2,0,6,8
270,1,1,33,1.79,Nacho Monreal,Defender,3,0,177,0,0,1,1
1861,1,1,32,1.79,Nacho Monreal,Defender,22,3,1168,5,0,17,35
2242,1,1,31,1.79,Nacho Monreal,Defender,28,2,1719,3,0,19,54
3153,1,0,30,1.79,Nacho Monreal,Defender,36,2,1753,5,0,33,90
3249,0,1,29,1.79,Nacho Monreal,Defender,37,3,1844,1,0,28,80
809,0,0,30,1.81,Kieran Gibbs,Defender,10,0,264,1,1,6,15
2830,0,1,27,1.81,Kieran Gibbs,Defender,33,1,1014,3,0,22,41
703,1,0,26,1.81,Kieran Gibbs,Defender,11,1,372,3,0,11,12
381,0,1,25,1.81,Kieran Gibbs,Defender,15,0,198,0,0,3,12
2093,0,1,25,1.77,Héctor Bellerín,Defender,25,2,1114,8,0,21,29
1159,1,1,24,1.77,Héctor Bellerín,Defender,15,0,570,2,0,15,20
1533,1,0,23,1.77,Héctor Bellerín,Defender,19,5,785,3,0,16,15
3051,0,1,22,1.77,Héctor Bellerín,Defender,35,3,1842,5,0,36,57
2498,1,1,21,1.77,Héctor Bellerín,Defender,33,4,1392,4,0,20,24
3240,1,0,20,1.77,Héctor Bellerín,Defender,36,5,1689,3,0,19,58
165,1,1,26,1.85,Carl Jenkinson,Defender,3,0,75,0,0,1,3
83,0,1,24,1.85,Carl Jenkinson,Defender,1,0,35,0,0,1,4
1224,1,1,23,1.85,Carl Jenkinson,Defender,20,0,505,3,1,13,24
0,1,1,32,1.77,Mathieu Debuchy,Defender,0,0,0,0,0,0,0
16,1,1,31,1.77,Mathieu Debuchy,Defender,1,0,10,0,0,0,0
144,1,0,30,1.77,Mathieu Debuchy,Defender,2,0,79,0,0,3,9
155,1,1,26,1.77,Francis Coquelin,Midfielder,7,0,96,0,0,2,5
1784,1,0,25,1.77,Francis Coquelin,Midfielder,29,0,1180,5,0,33,71
1646,0,0,24,1.77,Francis Coquelin,Midfielder,26,0,1116,5,1,24,72
1542,0,0,28,1.79,Mohamed Elneny,Midfielder,23,0,1010,3,0,10,14
379,1,1,26,1.79,Mohamed Elneny,Midfielder,8,0,278,0,0,1,13
870,1,1,25,1.79,Mohamed Elneny,Midfielder,13,1,837,3,1,4,12
694,1,0,24,1.79,Mohamed Elneny,Midfielder,14,1,616,1,0,10,22
794,0,0,23,1.79,Mohamed Elneny,Midfielder,11,1,738,3,0,9,10
268,1,0,32,1.78,Mathieu Flamini,Midfielder,10,0,112,0,0,1,2
1089,0,1,31,1.78,Mathieu Flamini,Midfielder,16,0,627,3,0,18,31
1862,1,0,23,1.87,Isaac Hayden,Midfielder,25,4,720,3,1,32,73
1370,0,0,22,1.87,Isaac Hayden,Midfielder,26,0,527,7,0,30,40
1325,1,0,27,1.82,Aaron Ramsey,Midfielder,28,6,773,0,0,21,34
1847,0,0,26,1.82,Aaron Ramsey,Midfielder,24,8,1239,0,0,28,35
1229,0,0,25,1.82,Aaron Ramsey,Midfielder,23,4,920,3,0,15,21
2622,0,0,24,1.82,Aaron Ramsey,Midfielder,31,4,2154,4,0,47,78
619,0,1,31,1.68,Santi Cazorla,Midfielder,8,2,561,2,0,4,10
1292,1,0,30,1.68,Santi Cazorla,Midfielder,15,3,1228,2,1,13,28
210,1,1,27,1.72,Jack Wilshere,Midfielder,8,0,75,0,0,1,1
389,1,0,26,1.72,Jack Wilshere,Midfielder,8,1,217,2,0,7,7
1187,0,1,25,1.72,Jack Wilshere,Midfielder,20,3,808,6,0,15,15
1913,1,1,24,1.72,Jack Wilshere,Midfielder,29,2,1068,4,0,21,27
37,1,1,24,1.72,Jack Wilshere,Midfielder,29,2,1068,4,0,21,27
141,1,1,23,1.72,Jack Wilshere,Midfielder,3,0,83,0,0,1,3
244,1,1,26,1.75,Alex Oxlade-Chamberlain,Midfielder,13,1,131,0,0,3,4
1490,1,1,25,1.75,Alex Oxlade-Chamberlain,Midfielder,30,1,701,1,0,17,18
19,1,1,24,1.75,Alex Oxlade-Chamberlain,Midfielder,2,0,13,0,0,0,1
1483,1,1,23,1.75,Alex Oxlade-Chamberlain,Midfielder,35,7,836,3,0,17,37
242,1,1,23,1.75,Alex Oxlade-Chamberlain,Midfielder,35,7,836,3,0,17,37
1562,1,1,22,1.75,Alex Oxlade-Chamberlain,Midfielder,29,7,774,1,0,30,37
924,1,1,21,1.75,Alex Oxlade-Chamberlain,Midfielder,22,0,439,0,0,11,23
162,1,1,33,1.77,Mikel Arteta,Midfielder,9,0,132,1,0,8,8
1449,1,0,30,1.8,Mesut Özil,Midfielder,18,2,836,1,0,14,17
1741,0,0,29,1.8,Mesut Özil,Midfielder,24,2,1118,2,0,10,12
2164,0,0,28,1.8,Mesut Özil,Midfielder,26,8,1809,4,0,18,20
2847,0,0,27,1.8,Mesut Özil,Midfielder,33,9,2110,2,0,14,26
3048,0,0,26,1.8,Mesut Özil,Midfielder,35,19,2276,4,0,20,35
0,0,0,18,1.84,Jeff Reine-Adélaïde,Midfielder,0,0,0,0,0,0,0
0,0,0,17,1.84,Jeff Reine-Adélaïde,Midfielder,0,0,0,0,0,0,0
1540,0,1,24,1.83,Alex Iwobi,Forward,30,2,595,0,0,13,27
1601,1,1,23,1.83,Alex Iwobi,Forward,25,0,557,0,0,12,25
1968,1,0,22,1.83,Alex Iwobi,Forward,35,6,951,0,0,8,28
1844,0,1,21,1.83,Alex Iwobi,Forward,26,5,1137,1,0,11,19
1462,1,0,20,1.83,Alex Iwobi,Forward,26,3,896,1,0,7,19
630,0,0,19,1.83,Alex Iwobi,Forward,13,2,368,0,0,3,8
1629,1,1,31,1.75,Theo Walcott,Forward,22,3,400,0,0,13,23
12,1,1,31,1.75,Theo Walcott,Forward,22,3,400,0,0,13,23
1295,1,1,30,1.75,Theo Walcott,Forward,25,3,354,1,0,9,13
2122,1,0,29,1.75,Theo Walcott,Forward,37,2,576,1,0,10,27
1153,0,1,28,1.75,Theo Walcott,Forward,20,3,326,2,0,7,28
63,0,1,28,1.75,Theo Walcott,Forward,20,3,326,2,0,7,28
1923,1,1,27,1.75,Theo Walcott,Forward,28,2,538,1,0,14,36
1373,1,1,26,1.75,Theo Walcott,Forward,28,2,310,0,0,3,11
883,0,0,23,1.78,Joel Campbell,Forward,19,2,342,0,0,9,26
12,0,0,20,1.76,Serge Gnabry,Forward,1,0,7,0,0,2,0
1049,1,0,28,1.68,Alexis Sánchez,Forward,31,6,1455,5,0,31,41
1507,1,0,28,1.68,Alexis Sánchez,Forward,31,6,1455,5,0,31,41
3223,0,0,27,1.68,Alexis Sánchez,Forward,38,10,1643,6,0,49,53
2445,0,0,26,1.68,Alexis Sánchez,Forward,30,4,1434,1,0,32,47
746,0,1,33,1.93,Olivier Giroud,Forward,17,0,219,1,0,15,4
999,1,1,32,1.93,Olivier Giroud,Forward,18,0,299,1,0,17,8
832,1,1,31,1.93,Olivier Giroud,Forward,27,4,261,1,0,12,3
611,1,1,30,1.93,Olivier Giroud,Forward,29,1,375,0,0,13,9
373,1,1,30,1.93,Olivier Giroud,Forward,29,1,375,0,0,13,9
1194,1,0,29,1.93,Olivier Giroud,Forward,29,3,369,2,0,21,14
2425,0,0,28,1.93,Olivier Giroud,Forward,38,6,839,2,0,40,34
1548,1,1,29,1.85,Danny Welbeck,Forward,24,1,258,0,0,19,12
817,1,1,28,1.85,Danny Welbeck,Forward,18,0,165,0,0,9,14
147,1,1,27,1.85,Danny Welbeck,Forward,8,1,54,0,0,3,3
1183,1,1,26,1.85,Danny Welbeck,Forward,28,2,392,1,0,13,20
747,1,1,25,1.85,Danny Welbeck,Forward,16,2,192,0,0,7,8
578,1,1,24,1.85,Danny Welbeck,Forward,11,2,148,1,0,6,11
0,1,0,20,1.86,Chuba Akpom,Forward,0,0,0,0,0,0,0
2295,1,1,29,1.89,David de Gea,Goalkeeper,26,0,501,0,0,0,0
3420,1,0,28,1.89,David de Gea,Goalkeeper,38,0,786,2,0,0,0
3420,0,0,27,1.89,David de Gea,Goalkeeper,38,0,948,1,0,1,0
3330,0,0,26,1.89,David de Gea,Goalkeeper,37,0,942,0,0,0,0
3150,0,1,25,1.89,David de Gea,Goalkeeper,35,0,849,2,0,0,0
3060,1,1,24,1.89,David de Gea,Goalkeeper,34,0,854,0,0,0,0
0,0,1,32,1.92,Sergio Romero,Goalkeeper,0,0,0,0,0,0,0
0,1,1,31,1.92,Sergio Romero,Goalkeeper,0,0,0,0,0,0,0
90,1,0,30,1.92,Sergio Romero,Goalkeeper,1,0,20,0,0,0,0
180,0,0,29,1.92,Sergio Romero,Goalkeeper,2,0,46,0,0,0,0
360,0,0,28,1.92,Sergio Romero,Goalkeeper,4,0,115,0,0,0,0
2520,0,1,34,1.83,Víctor Valdés,Goalkeeper,28,0,888,1,0,0,0
3330,0,0,27,1.93,Sam Johnstone,Goalkeeper,37,1,1108,1,0,1,0
0,0,0,22,1.93,Sam Johnstone,Goalkeeper,0,0,0,0,0,0,0
0,0,0,21,1.89,Joel Pereira,Goalkeeper,0,0,0,0,0,0,0
90,0,0,20,1.89,Joel Pereira,Goalkeeper,1,0,27,0,0,0,0
2128,1,0,28,1.94,Chris Smalling,Defender,24,0,954,1,0,22,30
2535,0,1,27,1.94,Chris Smalling,Defender,29,0,1137,4,0,24,40
1213,1,0,26,1.94,Chris Smalling,Defender,18,1,464,0,0,8,12
3150,0,0,25,1.94,Chris Smalling,Defender,35,1,1533,8,0,47,55
120,1,1,29,1.87,Marcos Rojo,Defender,3,0,46,1,0,2,3
211,1,0,28,1.87,Marcos Rojo,Defender,5,0,124,2,0,3,5
640,0,0,27,1.87,Marcos Rojo,Defender,9,0,358,6,0,8,7
1660,0,0,26,1.87,Marcos Rojo,Defender,21,0,951,5,0,24,29
1252,0,0,25,1.87,Marcos Rojo,Defender,16,1,700,3,0,20,43
400,1,1,22,1.85,Axel Tuanzebe,Defender,9,0,263,2,0,6,13
186,1,1,21,1.85,Axel Tuanzebe,Defender,5,0,136,0,0,3,2
0,0,0,19,1.85,Axel Tuanzebe,Defender,1,0,0,0,0,0,0
305,0,0,18,1.85,Axel Tuanzebe,Defender,4,0,143,0,0,6,9
0,0,0,17,1.85,Axel Tuanzebe,Defender,0,0,0,0,0,0,0
2654,1,1,25,1.78,Luke Shaw,Defender,32,5,1609,8,0,42,44
1735,1,1,24,1.78,Luke Shaw,Defender,24,0,1143,7,0,23,34
2592,1,0,23,1.78,Luke Shaw,Defender,29,4,1658,11,0,42,55
788,0,1,22,1.78,Luke Shaw,Defender,11,0,477,2,0,4,18
690,1,0,21,1.78,Luke Shaw,Defender,11,1,382,1,0,7,12
450,0,0,20,1.78,Luke Shaw,Defender,5,1,271,1,0,8,9
360,1,0,27,1.8,Daley Blind,Defender,7,0,224,0,0,4,6
1828,0,0,26,1.8,Daley Blind,Defender,23,2,1040,2,0,14,45
3116,0,1,25,1.8,Daley Blind,Defender,35,1,2029,2,0,27,95
953,0,0,34,1.75,Ashley Young,Defender,12,0,571,5,0,14,14
2568,0,0,33,1.75,Ashley Young,Defender,30,2,1376,8,1,37,52
2447,0,1,32,1.75,Ashley Young,Defender,30,4,1285,7,0,29,53
757,1,0,31,1.75,Ashley Young,Defender,12,1,429,2,0,9,18
1061,0,1,30,1.75,Ashley Young,Defender,18,2,566,5,0,15,20
692,0,0,18,1.89,Cameron Borthwick-Jackson,Defender,10,1,353,0,0,8,8
443,0,0,28,1.83,Matteo Darmian,Defender,6,0,175,0,0,3,14
442,0,0,27,1.83,Matteo Darmian,Defender,8,0,195,0,0,5,16
1332,0,1,26,1.83,Matteo Darmian,Defender,18,0,595,3,0,19,42
1928,1,0,25,1.83,Matteo Darmian,Defender,28,0,934,8,0,27,84
314,0,0,22,1.73,Guillermo Varela,Defender,4,0,146,1,0,5,13
606,0,1,21,1.78,Donald Love,Defender,12,1,215,1,0,9,20
53,1,0,20,1.78,Donald Love,Defender,1,0,26,0,0,1,4
81,1,1,22,1.85,Timothy Fosu-Mensah,Defender,1,0,66,1,0,1,2
135,1,1,21,1.85,Timothy Fosu-Mensah,Defender,3,0,64,1,0,5,1
794,1,0,20,1.85,Timothy Fosu-Mensah,Defender,12,0,406,3,0,7,18
1594,0,1,19,1.85,Timothy Fosu-Mensah,Defender,21,0,612,2,0,18,42
94,1,0,18,1.85,Timothy Fosu-Mensah,Defender,4,0,41,0,0,3,5
252,0,0,17,1.85,Timothy Fosu-Mensah,Defender,8,1,127,1,0,2,12
1004,1,1,29,1.86,Morgan Schneiderlin,Midfielder,15,0,561,4,1,18,31
833,1,1,28,1.86,Morgan Schneiderlin,Midfielder,14,1,545,2,0,21,24
2126,1,0,27,1.86,Morgan Schneiderlin,Midfielder,30,0,1130,5,1,39,58
1059,0,0,26,1.86,Morgan Schneiderlin,Midfielder,17,0,866,2,0,21,26
11,0,0,26,1.86,Morgan Schneiderlin,Midfielder,17,0,866,2,0,21,26
2204,0,1,25,1.86,Morgan Schneiderlin,Midfielder,29,0,1459,3,0,52,71
109,0,0,36,1.89,Michael Carrick,Midfielder,2,0,99,0,0,1,1
1598,0,1,35,1.89,Michael Carrick,Midfielder,23,0,1263,2,0,5,26
1973,1,1,34,1.89,Michael Carrick,Midfielder,28,0,1568,4,0,11,43
0,0,0,18,1.83,Joe Riley,Defender,0,0,0,0,0,0,0
1404,1,1,28,1.82,Ander Herrera,Midfielder,22,3,980,4,0,21,54
1259,1,0,27,1.82,Ander Herrera,Midfielder,26,2,1043,5,0,28,56
2466,0,0,26,1.82,Ander Herrera,Midfielder,31,6,2089,5,1,47,84
1532,0,1,25,1.82,Ander Herrera,Midfielder,27,2,1097,4,0,28,56
744,1,1,30,1.94,Marouane Fellaini,Midfielder,14,1,425,1,0,15,21
612,1,0,29,1.94,Marouane Fellaini,Midfielder,16,0,393,1,0,13,15
1598,0,1,28,1.94,Marouane Fellaini,Midfielder,28,0,1057,9,1,41,55
1069,1,1,27,1.94,Marouane Fellaini,Midfielder,18,0,590,2,0,33,25
0,1,1,32,1.83,Bastian Schweinsteiger,Midfielder,0,0,0,0,0,0,0
1201,1,1,31,1.83,Bastian Schweinsteiger,Midfielder,18,0,1067,3,0,19,36
0,0,0,20,1.85,Joe Rothwell,Midfielder,0,0,0,0,0,0,0
0,0,0,20,1.77,James Weir,Midfielder,0,0,0,0,0,0,0
0,0,0,19,1.77,James Weir,Midfielder,1,0,0,0,0,0,0
0,0,0,19,1.79,Sean Goss,Midfielder,0,0,0,0,0,0,0
511,1,0,32,1.7,Juan Mata,Midfielder,9,2,286,0,0,1,1
752,0,1,31,1.7,Juan Mata,Midfielder,19,2,511,1,0,7,7
1293,1,0,30,1.7,Juan Mata,Midfielder,22,2,700,3,0,10,9
1931,0,0,29,1.7,Juan Mata,Midfielder,28,5,1215,1,0,12,18
1626,0,0,28,1.7,Juan Mata,Midfielder,25,3,990,3,0,10,22
2898,0,0,27,1.7,Juan Mata,Midfielder,38,5,1803,4,1,22,30
1425,0,1,27,1.74,Jesse Lingard,Midfielder,16,4,633,3,0,21,12
0,0,1,27,1.74,Jesse Lingard,Midfielder,16,4,633,3,0,21,12
931,1,1,26,1.74,Jesse Lingard,Midfielder,22,0,391,3,0,28,15
1668,1,0,25,1.74,Jesse Lingard,Midfielder,27,2,761,3,0,27,29
1822,0,1,24,1.74,Jesse Lingard,Midfielder,33,5,932,2,0,34,30
1366,1,0,23,1.74,Jesse Lingard,Midfielder,25,2,727,3,0,26,17
1634,0,1,22,1.74,Jesse Lingard,Midfielder,25,1,712,4,0,24,38
1489,0,0,23,1.78,Andreas Pereira,Midfielder,25,3,703,3,0,27,24
594,0,1,22,1.78,Andreas Pereira,Midfielder,15,1,353,5,0,12,8
80,0,0,19,1.78,Andreas Pereira,Midfielder,4,0,49,2,0,2,1
16,0,0,21,1.83,Nick Powell,Midfielder,1,0,2,0,0,0,0
2923,1,1,22,1.85,Marcus Rashford,Forward,37,9,1189,4,0,25,18
2655,1,1,21,1.85,Marcus Rashford,Forward,31,7,941,3,0,21,13
2343,1,0,20,1.85,Marcus Rashford,Forward,33,6,666,3,1,26,24
1804,0,0,19,1.85,Marcus Rashford,Forward,35,5,576,3,0,21,14
1702,0,0,18,1.85,Marcus Rashford,Forward,32,1,544,3,0,16,16
861,0,0,17,1.85,Marcus Rashford,Forward,11,2,199,0,0,5,7
1630,1,1,21,1.86,Adnan Januzaj,Midfielder,25,3,356,3,1,26,17
144,1,0,20,1.86,Adnan Januzaj,Midfielder,5,0,42,1,0,5,1
2286,1,1,31,1.76,Wayne Rooney,Forward,31,2,1162,5,0,35,28
1538,1,1,30,1.76,Wayne Rooney,Forward,25,5,779,8,0,23,21
2409,1,1,29,1.76,Wayne Rooney,Forward,28,6,1144,4,0,28,29
1487,1,1,24,1.81,Anthony Martial,Forward,22,3,481,0,1,15,2
2640,1,1,23,1.81,Anthony Martial,Forward,32,6,712,1,0,28,15
1623,1,0,22,1.81,Anthony Martial,Forward,27,2,707,2,0,14,9
1582,0,0,21,1.81,Anthony Martial,Forward,30,5,731,1,0,17,15
1560,0,0,20,1.81,Anthony Martial,Forward,25,6,608,2,0,26,17
2632,0,0,19,1.81,Anthony Martial,Forward,31,4,923,2,0,40,21
20,0,0,22,1.76,Memphis Depay,Forward,4,0,14,1,0,1,1
1475,0,1,21,1.76,Memphis Depay,Forward,29,0,642,2,0,20,13
107,1,1,31,1.75,Chicharito,Forward,2,0,20,0,0,0,0
1334,1,1,30,1.75,Chicharito,Forward,25,1,322,2,0,9,3
1543,1,1,29,1.75,Chicharito,Forward,28,0,373,3,0,15,11
23,1,0,27,1.75,Chicharito,Forward,1,0,14,0,0,0,0
4,1,0,22,1.88,Will Keane,Forward,1,0,0,0,0,0,0
0,1,0,30,1.93,Simon Mignolet,Goalkeeper,0,0,0,0,0,0,0
1710,0,0,29,1.93,Simon Mignolet,Goalkeeper,19,0,498,3,0,2,0
2520,0,0,28,1.93,Simon Mignolet,Goalkeeper,28,0,806,0,0,0,0
3060,0,0,27,1.93,Simon Mignolet,Goalkeeper,34,0,803,2,0,0,0
0,0,0,19,1.91,Ryan Fulton,Goalkeeper,0,0,0,0,0,0,0
275,1,1,30,1.87,Mamadou Sakho,Defender,4,0,92,0,0,2,3
931,1,1,29,1.87,Mamadou Sakho,Defender,14,0,538,1,1,3,7
2417,1,1,28,1.87,Mamadou Sakho,Defender,27,0,1321,2,0,5,25
1600,1,1,27,1.87,Mamadou Sakho,Defender,19,2,739,1,0,3,21
687,1,1,26,1.87,Mamadou Sakho,Defender,8,0,225,0,0,1,3
1855,1,1,25,1.87,Mamadou Sakho,Defender,22,0,1243,1,0,9,30
777,1,1,30,1.88,Dejan Lovren,Defender,10,1,680,1,0,4,13
985,1,1,29,1.88,Dejan Lovren,Defender,13,0,821,1,0,3,15
2124,1,0,28,1.88,Dejan Lovren,Defender,29,1,1803,4,0,15,26
2554,0,0,27,1.88,Dejan Lovren,Defender,29,1,2001,6,0,25,41
1896,0,0,26,1.88,Dejan Lovren,Defender,24,0,1052,2,0,23,34
1885,0,0,30,1.91,Martin Skrtel,Defender,22,0,1173,5,0,21,23
2,0,0,23,1.91,Steven Caulker,Defender,6,0,68,0,0,0,2
144,0,0,23,1.91,Steven Caulker,Defender,6,0,68,0,0,0,2
0,0,1,22,1.9,Tiago Ilori,Defender,0,0,0,0,0,0,0
0,0,1,22,1.9,Tiago Ilori,Defender,0,0,0,0,0,0,0
856,1,0,34,1.78,Kolo Touré,Defender,14,0,465,1,0,2,22
0,0,0,18,1.85,Conor Masterson,Defender,0,0,0,0,0,0,0
156,1,1,26,1.71,Alberto Moreno,Defender,2,0,105,0,0,1,3
1264,1,0,25,1.71,Alberto Moreno,Defender,16,0,783,1,0,8,35
295,0,0,24,1.71,Alberto Moreno,Defender,12,1,182,1,0,2,6
2546,0,0,23,1.71,Alberto Moreno,Defender,32,4,1323,3,0,29,92
0,1,1,23,1.77,Brad Smith,Defender,0,0,0,0,0,0,0
270,1,0,22,1.77,Brad Smith,Defender,5,0,114,1,0,2,5
285,0,0,21,1.77,Brad Smith,Defender,4,0,108,1,1,7,11
1147,0,1,29,1.75,Nathaniel Clyne,Defender,13,1,443,2,0,4,17
1145,1,1,27,1.75,Nathaniel Clyne,Defender,18,1,518,2,0,9,37
108,1,1,27,1.75,Nathaniel Clyne,Defender,18,1,518,2,0,9,37
174,1,0,26,1.75,Nathaniel Clyne,Defender,3,0,104,1,0,4,3
3324,0,0,25,1.75,Nathaniel Clyne,Defender,37,2,1795,0,0,14,80
2970,0,0,24,1.75,Nathaniel Clyne,Defender,33,0,1510,6,0,19,84
0,0,0,24,1.81,Jon Flanagan,Defender,0,0,0,0,0,0,0
359,0,0,23,1.81,Jon Flanagan,Defender,6,0,136,2,0,9,23
421,0,1,22,1.81,Jon Flanagan,Defender,5,1,254,1,0,7,11
823,1,0,22,1.86,Andre Wisdom,Defender,10,0,307,1,0,3,19
0,0,0,20,1.8,Connor Randall,Defender,0,0,0,0,0,0,0
163,0,0,19,1.8,Connor Randall,Defender,3,0,82,0,0,2,3
2094,1,1,23,1.86,Emre Can,Midfielder,26,4,1543,8,0,27,67
2368,1,0,22,1.86,Emre Can,Midfielder,32,2,1659,6,0,70,66
2492,0,0,21,1.86,Emre Can,Midfielder,30,0,1793,9,0,36,79
1103,1,1,29,1.79,Lucas Leiva,Midfielder,24,3,887,4,0,18,37
1952,1,1,28,1.79,Lucas Leiva,Midfielder,27,1,1485,8,0,49,108
14,1,1,18,1.78,Jordan Rossiter,Midfielder,1,0,5,0,0,0,1
16,0,1,22,1.82,Kevin Stewart,Midfielder,4,0,20,0,0,1,0
564,1,0,21,1.82,Kevin Stewart,Midfielder,7,0,450,1,0,9,19
45,0,0,18,1.78,Pedro Chirivella,Midfielder,1,0,33,0,0,0,0
1982,1,1,28,1.87,Jordan Henderson,Midfielder,32,3,1740,1,1,26,46
2172,1,0,27,1.87,Jordan Henderson,Midfielder,27,1,2085,1,0,26,51
2118,0,0,26,1.87,Jordan Henderson,Midfielder,24,4,2057,8,0,28,88
1293,0,0,25,1.87,Jordan Henderson,Midfielder,17,3,939,1,0,10,41
1060,1,1,34,1.75,James Milner,Midfielder,26,1,857,3,0,19,26
926,1,1,33,1.75,James Milner,Midfielder,22,2,747,4,0,11,16
1785,1,0,32,1.75,James Milner,Midfielder,31,4,1401,5,1,28,43
1763,0,1,31,1.75,James Milner,Midfielder,32,3,1480,3,0,29,58
3159,1,0,30,1.75,James Milner,Midfielder,36,3,2168,5,0,38,94
2416,0,0,29,1.75,James Milner,Midfielder,28,11,1377,9,1,47,68
3142,0,0,27,1.68,Joe Allen,Midfielder,36,6,1358,8,0,49,96
2936,0,1,26,1.68,Joe Allen,Midfielder,36,2,1286,9,0,27,86
727,1,1,25,1.68,Joe Allen,Midfielder,19,1,410,0,0,14,28
112,0,0,19,1.8,Cameron Brannagan,Midfielder,3,0,124,0,0,0,5
1588,1,0,32,1.72,Adam Lallana,Midfielder,30,1,923,0,0,18,28
373,0,1,31,1.72,Adam Lallana,Midfielder,15,1,266,1,0,7,19
464,1,1,30,1.72,Adam Lallana,Midfielder,13,0,302,1,0,4,16
236,1,1,29,1.72,Adam Lallana,Midfielder,12,0,220,1,0,4,3
2348,1,0,28,1.72,Adam Lallana,Midfielder,31,7,1407,3,0,17,51
2114,0,0,27,1.72,Adam Lallana,Midfielder,30,6,989,2,0,27,59
1117,1,1,25,1.72,Philippe Coutinho,Midfielder,14,6,690,0,0,5,17
2243,1,1,24,1.72,Philippe Coutinho,Midfielder,31,7,1402,2,0,18,35
2003,1,1,23,1.72,Philippe Coutinho,Midfielder,26,5,1092,2,1,10,35
396,0,0,18,1.79,Sheyi Ojo,Midfielder,8,3,140,0,0,3,9
47,0,0,23,1.76,Jordon Ibe,Midfielder,2,0,17,0,0,0,2
794,0,0,22,1.76,Jordon Ibe,Midfielder,19,1,250,1,0,8,6
2003,0,0,21,1.76,Jordon Ibe,Midfielder,32,6,695,1,0,10,14
1055,0,1,20,1.76,Jordon Ibe,Midfielder,25,0,378,0,0,7,12
1173,1,0,19,1.76,Jordon Ibe,Midfielder,27,2,481,0,0,10,10
9,0,0,18,1.77,Sergi Canós,Forward,1,0,5,0,0,1,1
2852,1,0,28,1.81,Roberto Firmino,Forward,36,7,1301,2,0,22,33
3004,0,1,27,1.81,Roberto Firmino,Forward,38,8,1161,0,0,29,37
2620,1,0,26,1.81,Roberto Firmino,Forward,34,6,1279,0,0,38,29
2778,0,1,25,1.81,Roberto Firmino,Forward,37,7,1169,1,0,57,65
3068,1,1,24,1.81,Roberto Firmino,Forward,35,7,1543,5,0,51,58
1983,1,0,23,1.81,Roberto Firmino,Forward,31,7,998,1,0,29,67
1817,1,1,29,1.9,Christian Benteke,Forward,30,1,575,1,1,35,15
1257,1,1,28,1.9,Christian Benteke,Forward,24,1,337,4,1,25,9
813,1,1,27,1.9,Christian Benteke,Forward,16,1,241,1,0,18,5
2234,1,0,26,1.9,Christian Benteke,Forward,31,5,672,6,0,48,11
3137,0,1,25,1.9,Christian Benteke,Forward,36,2,920,10,0,81,9
1518,1,1,24,1.9,Christian Benteke,Forward,29,3,516,2,0,29,8
496,0,1,28,1.82,Daniel Sturridge,Forward,18,1,190,1,0,5,3
116,1,1,27,1.82,Daniel Sturridge,Forward,15,1,158,0,0,1,0
431,1,1,27,1.82,Daniel Sturridge,Forward,15,1,158,0,0,1,0
769,1,0,26,1.82,Daniel Sturridge,Forward,20,1,278,1,0,5,1
980,0,0,25,1.82,Daniel Sturridge,Forward,14,1,317,0,0,2,3
2183,1,0,28,1.77,Danny Ings,Forward,29,4,501,1,0,19,22
2814,0,1,27,1.77,Danny Ings,Forward,38,2,643,3,0,36,42
1666,1,0,26,1.77,Danny Ings,Forward,24,3,392,1,0,16,30
265,0,0,25,1.77,Danny Ings,Forward,8,0,76,0,0,6,5
339,1,1,23,1.77,Danny Ings,Forward,6,0,80,1,0,7,1
181,0,1,25,1.89,Divock Origi,Forward,9,0,56,0,0,0,3
703,1,0,24,1.89,Divock Origi,Forward,28,1,196,1,0,12,12
366,0,1,23,1.89,Divock Origi,Forward,12,1,108,0,0,2,6
9,1,1,22,1.89,Divock Origi,Forward,1,0,2,0,0,0,0
1457,1,1,21,1.89,Divock Origi,Forward,34,3,391,0,0,22,11
663,1,0,20,1.89,Divock Origi,Forward,16,1,164,0,0,11,5
27,0,0,20,1.81,Jerome Sinclair,Forward,4,0,8,0,0,1,0
113,0,0,19,1.81,Jerome Sinclair,Forward,5,0,24,0,0,4,1
3420,0,1,33,1.88,Hugo Lloris,Goalkeeper,38,0,898,0,0,0,0
1808,1,1,32,1.88,Hugo Lloris,Goalkeeper,21,0,474,0,0,0,0
2970,1,1,31,1.88,Hugo Lloris,Goalkeeper,33,0,1047,0,0,0,0
3240,1,1,30,1.88,Hugo Lloris,Goalkeeper,36,0,996,1,0,1,0
3005,1,1,29,1.88,Hugo Lloris,Goalkeeper,34,0,1060,0,0,0,0
3330,1,1,28,1.88,Hugo Lloris,Goalkeeper,37,0,1047,0,0,0,0
0,0,1,35,1.83,Michel Vorm,Goalkeeper,0,0,0,0,0,0,0
180,1,0,34,1.83,Michel Vorm,Goalkeeper,2,0,44,0,0,0,0
90,0,0,33,1.83,Michel Vorm,Goalkeeper,1,0,24,0,0,0,0
415,0,0,32,1.83,Michel Vorm,Goalkeeper,5,0,134,0,0,0,0
90,0,0,31,1.83,Michel Vorm,Goalkeeper,1,0,45,0,0,0,0
0,0,0,20,1.93,Luke McGee,Goalkeeper,0,0,0,0,0,0,0
2241,1,0,31,1.87,Toby Alderweireld,Defender,25,0,1437,2,0,17,35
2958,0,0,30,1.87,Toby Alderweireld,Defender,33,2,1978,7,0,18,40
2923,0,1,29,1.87,Toby Alderweireld,Defender,34,0,2358,3,0,10,37
1177,1,1,28,1.87,Toby Alderweireld,Defender,14,0,915,3,0,8,19
2603,1,0,27,1.87,Toby Alderweireld,Defender,30,0,1522,1,0,9,41
3420,0,1,26,1.87,Toby Alderweireld,Defender,38,2,2076,3,0,9,45
1643,1,1,32,1.89,Jan Vertonghen,Defender,23,1,1101,2,0,7,40
1914,1,0,31,1.89,Jan Vertonghen,Defender,22,0,1531,3,1,10,38
3206,0,1,30,1.89,Jan Vertonghen,Defender,36,0,2488,4,0,20,64
2897,1,1,29,1.89,Jan Vertonghen,Defender,33,0,2051,5,0,21,43
2595,1,0,28,1.89,Jan Vertonghen,Defender,29,0,1474,5,0,17,48
2520,1,1,26,1.88,Eric Dier,Midfielder,28,0,1789,3,0,16,23
1341,1,1,25,1.88,Eric Dier,Midfielder,19,2,914,5,0,19,21
1509,1,0,24,1.88,Eric Dier,Midfielder,20,0,1082,4,0,24,27
2827,0,0,23,1.88,Eric Dier,Midfielder,34,2,2248,4,0,23,61
3044,0,0,22,1.88,Eric Dier,Midfielder,36,0,1981,6,0,24,48
3268,0,0,21,1.88,Eric Dier,Midfielder,37,2,2084,10,0,52,80
0,1,0,28,1.95,Federico Fazio,Defender,0,0,0,0,0,0,0
1320,0,1,24,1.87,Kevin Wimmer,Defender,17,0,504,5,0,20,24
0,0,1,24,1.87,Kevin Wimmer,Defender,17,0,504,5,0,20,24
356,1,0,23,1.87,Kevin Wimmer,Defender,5,0,225,3,0,4,3
812,0,0,22,1.87,Kevin Wimmer,Defender,10,0,541,2,0,12,5
0,0,1,19,1.83,Cameron Carter-Vickers,Defender,0,0,0,0,0,0,0
0,1,0,18,1.83,Cameron Carter-Vickers,Defender,0,0,0,0,0,0,0
865,0,1,29,1.73,Danny Rose,Defender,23,0,837,7,0,25,39
894,0,1,29,1.73,Danny Rose,Defender,23,0,837,7,0,25,39
1798,1,1,28,1.73,Danny Rose,Defender,26,3,929,5,0,26,49
802,1,1,27,1.73,Danny Rose,Defender,10,1,378,4,0,12,15
1533,1,0,26,1.73,Danny Rose,Defender,18,2,783,8,0,26,50
2132,0,1,25,1.73,Danny Rose,Defender,24,3,1062,7,0,41,67
2395,0,1,29,1.83,Kyle Walker,Defender,29,4,1939,5,0,27,28
2777,1,0,28,1.83,Kyle Walker,Defender,33,1,2389,3,0,15,40
2787,0,1,27,1.83,Kyle Walker,Defender,32,6,2362,2,1,17,47
2704,1,0,26,1.83,Kyle Walker,Defender,33,5,1464,8,0,36,72
2943,0,1,25,1.83,Kyle Walker,Defender,33,3,1250,7,0,29,87
2278,1,1,27,1.73,Kieran Trippier,Defender,27,3,1542,2,0,20,67
1914,1,0,26,1.73,Kieran Trippier,Defender,24,5,1266,1,0,18,52
564,0,0,25,1.73,Kieran Trippier,Defender,12,5,346,1,0,8,17
458,0,0,24,1.73,Kieran Trippier,Defender,6,1,265,1,0,3,14
437,1,1,27,1.73,DeAndre Yedlin,Defender,6,0,135,0,0,4,9
934,1,1,26,1.73,DeAndre Yedlin,Defender,16,0,246,3,0,8,18
2475,1,1,25,1.73,DeAndre Yedlin,Defender,29,2,732,6,1,41,54
2842,1,1,24,1.73,DeAndre Yedlin,Defender,34,2,1000,5,0,32,57
1812,0,0,22,1.73,DeAndre Yedlin,Defender,23,1,519,2,0,21,39
2649,1,1,23,1.73,Kyle Walker-Peters,Defender,30,2,1323,4,0,33,83
701,1,0,22,1.73,Kyle Walker-Peters,Defender,13,0,532,1,0,7,21
242,1,0,22,1.73,Kyle Walker-Peters,Defender,13,0,532,1,0,7,21
374,0,1,21,1.73,Kyle Walker-Peters,Defender,6,3,188,1,0,4,7
188,1,0,20,1.73,Kyle Walker-Peters,Defender,3,2,97,0,0,1,5
0,0,0,18,1.73,Kyle Walker-Peters,Defender,0,0,0,0,0,0,0
860,0,1,24,1.78,Harry Winks,Midfielder,15,0,681,5,0,11,16
2226,1,1,23,1.78,Harry Winks,Midfielder,31,0,1694,9,0,24,40
1591,1,1,22,1.78,Harry Winks,Midfielder,26,0,1388,4,0,16,22
770,1,1,21,1.78,Harry Winks,Midfielder,16,1,642,0,0,8,15
477,1,0,20,1.78,Harry Winks,Midfielder,21,1,366,1,0,10,10
0,0,0,19,1.78,Harry Winks,Midfielder,0,0,0,0,0,0,0
516,1,1,31,1.85,Mousa Dembélé,Midfielder,10,0,308,1,0,12,13
1885,1,0,30,1.85,Mousa Dembélé,Midfielder,28,0,1422,6,0,48,36
2065,0,1,29,1.85,Mousa Dembélé,Midfielder,30,1,1479,5,0,45,64
2273,1,0,28,1.85,Mousa Dembélé,Midfielder,29,1,1378,3,0,48,104
749,1,1,24,1.87,Nabil Bentaleb,Midfielder,12,0,406,2,0,19,23
167,1,1,20,1.87,Nabil Bentaleb,Midfielder,5,0,97,1,0,3,2
928,0,1,25,1.75,Ryan Mason,Midfielder,16,0,378,4,0,9,13
0,0,1,25,1.75,Ryan Mason,Midfielder,16,0,378,4,0,9,13
2568,0,0,25,1.77,Tom Carroll,Midfielder,37,4,1444,3,0,23,53
1389,0,1,24,1.77,Tom Carroll,Midfielder,18,2,796,1,0,13,30
0,0,1,24,1.77,Tom Carroll,Midfielder,18,2,796,1,0,13,30
503,1,1,23,1.77,Tom Carroll,Midfielder,19,0,338,3,0,8,15
370,1,1,23,1.85,Josh Onomah,Midfielder,11,0,170,1,0,12,11
17,0,0,19,1.85,Josh Onomah,Midfielder,5,0,19,0,0,0,2
75,0,0,18,1.85,Josh Onomah,Midfielder,8,0,44,0,0,1,4
1091,1,1,27,1.82,Christian Eriksen,Midfielder,20,2,674,5,0,9,19
2772,1,0,26,1.82,Christian Eriksen,Midfielder,35,12,1872,3,0,17,41
3226,0,0,25,1.82,Christian Eriksen,Midfielder,37,10,2258,0,0,14,51
3167,0,1,24,1.82,Christian Eriksen,Midfielder,36,15,1977,0,0,20,45
2942,1,0,23,1.82,Christian Eriksen,Midfielder,35,13,1841,2,0,13,47
617,1,1,24,1.88,Dele Alli,Midfielder,15,1,330,0,0,10,18
1852,1,1,23,1.88,Dele Alli,Midfielder,25,4,810,2,0,12,34
1832,1,1,22,1.88,Dele Alli,Midfielder,25,3,1028,4,0,23,33
2971,1,1,21,1.88,Dele Alli,Midfielder,36,10,1251,7,0,43,46
3044,1,0,20,1.88,Dele Alli,Midfielder,37,7,1328,4,0,50,52
2480,0,1,19,1.88,Dele Alli,Midfielder,33,9,1083,7,0,50,71
2091,1,0,25,1.68,Alex Pritchard,Midfielder,48,1,1266,3,0,20,59
1002,0,0,24,1.68,Alex Pritchard,Midfielder,14,1,344,1,0,5,19
61,1,0,22,1.68,Alex Pritchard,Midfielder,3,0,25,0,0,2,4
5,1,0,22,1.68,Alex Pritchard,Midfielder,3,0,25,0,0,2,4
214,1,0,28,1.87,Nacer Chadli,Midfielder,5,0,69,1,0,1,1
2149,0,1,27,1.87,Nacer Chadli,Midfielder,124,5,662,2,0,17,29
933,1,0,26,1.87,Nacer Chadli,Midfielder,29,2,378,1,0,16,11
703,1,1,28,1.84,Erik Lamela,Midfielder,23,0,338,4,1,24,17
1210,1,1,27,1.84,Erik Lamela,Midfielder,25,1,541,3,0,30,24
971,1,0,26,1.84,Erik Lamela,Midfielder,19,2,422,2,0,23,17
832,0,1,25,1.84,Erik Lamela,Midfielder,25,2,446,4,0,24,23
593,1,0,24,1.84,Erik Lamela,Midfielder,9,1,305,1,0,13,13
2384,0,1,23,1.84,Erik Lamela,Midfielder,34,9,985,9,0,66,81
184,1,0,21,1.75,Clinton N'Jie,Forward,8,1,72,0,0,4,7
2258,0,1,29,1.81,Andros Townsend,Midfielder,34,5,703,0,0,28,78
1289,1,0,28,1.81,Andros Townsend,Midfielder,24,1,393,0,0,9,34
3018,0,0,27,1.81,Andros Townsend,Midfielder,38,4,1027,1,0,10,62
3129,0,0,26,1.81,Andros Townsend,Midfielder,36,7,1023,3,0,10,60
2526,0,0,25,1.81,Andros Townsend,Midfielder,36,4,685,4,0,18,77
1089,0,0,24,1.81,Andros Townsend,Midfielder,16,2,392,0,0,7,29
64,0,0,24,1.81,Andros Townsend,Midfielder,16,2,392,0,0,7,29
3086,1,1,27,1.88,Harry Kane,Forward,35,14,908,1,0,26,22
3083,1,1,24,1.88,Harry Kane,Forward,37,2,657,5,0,34,17
3370,0,0,22,1.88,Harry Kane,Forward,38,1,962,5,0,42,29
0,0,0,27,1.97,Joel Robles,Goalkeeper,0,0,0,0,0,0,0
1736,0,0,26,1.97,Joel Robles,Goalkeeper,20,1,570,2,0,1,0
1170,0,0,25,1.97,Joel Robles,Goalkeeper,13,0,421,1,0,0,0
2250,0,1,36,1.91,Tim Howard,Goalkeeper,25,0,606,1,0,2,0
0,0,0,19,1.92,Jindrich Stanek,Goalkeeper,0,0,0,0,0,0,0
1934,1,1,26,1.88,John Stones,Defender,22,0,1727,0,1,7,21
1118,1,1,25,1.88,John Stones,Defender,16,0,1035,0,0,5,16
1762,1,1,24,1.88,John Stones,Defender,24,0,1751,1,0,6,16
1305,1,0,23,1.88,John Stones,Defender,18,0,1246,0,0,6,15
2013,0,1,22,1.88,John Stones,Defender,27,0,1464,1,0,8,26
2778,1,1,21,1.88,John Stones,Defender,33,0,1566,3,0,11,46
118,0,1,26,1.86,Ramiro Funes Mori,Defender,4,0,54,1,0,3,0
1536,1,0,25,1.86,Ramiro Funes Mori,Defender,23,1,794,0,0,10,26
2190,0,0,24,1.86,Ramiro Funes Mori,Defender,28,1,1238,4,1,8,41
526,0,1,37,1.8,Phil Jagielka,Defender,10,0,204,1,1,8,5
240,1,1,36,1.8,Phil Jagielka,Defender,6,0,75,0,0,1,5
329,1,1,35,1.8,Phil Jagielka,Defender,7,0,192,0,1,2,7
2065,1,1,34,1.8,Phil Jagielka,Defender,25,0,966,2,0,8,33
2250,1,1,33,1.8,Phil Jagielka,Defender,27,2,1216,4,1,13,43
1852,1,0,32,1.8,Phil Jagielka,Defender,21,0,1036,0,0,9,39
2288,1,1,23,1.87,Mason Holgate,Defender,28,0,1103,9,0,29,56
2053,1,1,22,1.87,Mason Holgate,Defender,27,3,1058,5,0,17,44
407,1,1,21,1.87,Mason Holgate,Defender,5,0,253,1,0,2,5
1182,1,0,20,1.87,Mason Holgate,Defender,15,0,475,3,0,12,23
1371,0,0,19,1.87,Mason Holgate,Defender,18,1,643,2,0,12,41
0,0,0,18,1.87,Mason Holgate,Defender,0,0,0,0,0,0,0
180,1,0,21,1.85,Matthew Pennington,Defender,3,0,73,0,0,1,2
299,0,0,20,1.85,Matthew Pennington,Defender,4,0,169,1,0,2,1
400,0,0,34,1.7,Leighton Baines,Defender,8,0,155,0,0,1,10
376,0,1,33,1.7,Leighton Baines,Defender,6,0,191,0,0,2,8
1911,1,0,32,1.7,Leighton Baines,Defender,22,3,754,1,0,7,25
2821,0,0,31,1.7,Leighton Baines,Defender,32,3,1309,4,0,35,63
1477,0,1,30,1.7,Leighton Baines,Defender,18,1,756,0,0,6,34
849,1,1,26,1.72,Bryan Oviedo,Defender,16,0,398,3,0,14,31
477,1,1,26,1.72,Bryan Oviedo,Defender,16,0,398,3,0,14,31
998,1,1,25,1.72,Bryan Oviedo,Defender,14,1,432,0,0,17,41
248,1,1,20,1.86,Brendan Galloway,Defender,3,0,59,0,0,6,7
0,1,1,20,1.86,Brendan Galloway,Defender,3,0,59,0,0,6,7
1222,1,0,19,1.86,Brendan Galloway,Defender,15,1,396,2,0,9,50
0,0,0,24,1.8,Luke Garbutt,Defender,0,0,0,0,0,0,0
44,0,1,34,1.73,Tony Hibbert,Defender,1,0,17,0,0,0,1
77,1,1,23,1.76,Jonjoe Kenny,Defender,4,0,42,0,0,0,2
790,0,0,21,1.76,Jonjoe Kenny,Defender,10,1,427,1,0,10,22
1588,0,0,20,1.76,Jonjoe Kenny,Defender,19,1,587,2,0,17,41
12,0,0,19,1.76,Jonjoe Kenny,Defender,1,0,9,0,0,1,0
61,0,0,18,1.76,Jonjoe Kenny,Defender,1,0,22,0,0,0,1
245,0,0,26,1.8,Muhamed Besic,Midfielder,9,0,106,2,0,6,8
44,0,1,24,1.8,Muhamed Besic,Midfielder,2,0,28,0,0,1,1
0,1,1,23,1.8,Muhamed Besic,Midfielder,0,0,0,0,0,0,0
554,1,0,22,1.8,Muhamed Besic,Midfielder,12,0,337,1,0,5,26
1926,1,0,36,1.84,Gareth Barry,Midfielder,25,1,927,4,0,28,35
2110,0,0,35,1.84,Gareth Barry,Midfielder,33,1,1376,10,0,48,70
2836,0,1,34,1.84,Gareth Barry,Midfielder,33,1,2061,5,1,42,96
36,0,0,17,1.83,Callum Connolly,Defender,1,0,8,0,0,0,0
1537,1,1,26,1.85,Ross Barkley,Midfielder,26,1,753,0,0,14,6
40,1,1,26,1.85,Ross Barkley,Midfielder,26,1,753,0,0,14,6
1104,1,1,25,1.85,Ross Barkley,Midfielder,21,4,618,0,0,9,16
1241,1,1,24,1.85,Ross Barkley,Midfielder,27,5,954,1,0,14,15
131,1,0,23,1.85,Ross Barkley,Midfielder,2,0,50,0,0,1,0
2906,0,0,22,1.85,Ross Barkley,Midfielder,36,8,1651,5,0,49,30
3086,0,1,21,1.85,Ross Barkley,Midfielder,38,8,1802,4,0,29,34
822,1,0,29,1.8,James McCarthy,Midfielder,16,0,331,1,0,6,16
1667,0,0,28,1.8,James McCarthy,Midfielder,33,0,783,9,0,31,82
14,0,1,27,1.8,James McCarthy,Midfielder,1,0,6,0,0,0,2
206,1,1,26,1.8,James McCarthy,Midfielder,4,0,97,0,0,3,9
966,1,1,29,1.75,Tom Cleverley,Midfielder,18,0,430,2,0,16,28
470,1,1,28,1.75,Tom Cleverley,Midfielder,13,0,221,2,0,8,17
1907,1,0,27,1.75,Tom Cleverley,Midfielder,23,2,1137,1,1,33,48
1442,0,1,26,1.75,Tom Cleverley,Midfielder,27,2,857,4,0,23,42
402,0,1,26,1.75,Tom Cleverley,Midfielder,27,2,857,4,0,23,42
1614,1,0,25,1.75,Tom Cleverley,Midfielder,22,4,885,1,0,11,47
641,1,1,28,1.83,Darron Gibson,Midfielder,12,0,387,4,0,12,13
238,1,1,27,1.83,Darron Gibson,Midfielder,7,1,181,3,0,4,4
217,0,1,34,1.73,Leon Osman,Midfielder,9,0,142,0,0,2,3
1424,1,0,22,1.8,Tom Davies,Midfielder,25,1,697,3,0,26,31
975,0,0,20,1.8,Tom Davies,Midfielder,16,0,506,3,0,21,27
1896,0,0,19,1.8,Tom Davies,Midfielder,33,1,691,7,0,38,30
1543,0,0,18,1.8,Tom Davies,Midfielder,24,3,783,4,0,25,36
97,0,0,17,1.8,Tom Davies,Midfielder,2,0,49,0,0,2,1
0,0,0,20,1.83,Kieran Dowell,Midfielder,0,0,0,0,0,0,0
72,0,0,17,1.83,Kieran Dowell,Midfielder,2,0,30,0,0,1,0
0,1,1,29,1.8,Aiden McGeady,Midfielder,0,0,0,0,0,0,0
806,1,1,34,1.7,Steven Pienaar,Midfielder,15,0,384,5,1,16,19
118,1,1,33,1.7,Steven Pienaar,Midfielder,4,0,77,0,0,1,0
136,0,0,29,1.82,Kevin Mirallas,Midfielder,5,0,54,1,0,1,4
2080,0,0,28,1.82,Kevin Mirallas,Midfielder,35,6,720,2,0,27,18
1004,0,1,27,1.82,Kevin Mirallas,Midfielder,23,2,329,0,2,14,14
485,0,1,32,1.65,Aaron Lennon,Midfielder,16,0,118,4,0,10,14
1216,1,1,31,1.65,Aaron Lennon,Midfielder,16,1,277,1,0,12,26
1124,1,0,30,1.65,Aaron Lennon,Midfielder,29,2,468,2,0,21,37
792,1,0,30,1.65,Aaron Lennon,Midfielder,29,2,468,2,0,21,37
509,0,0,29,1.65,Aaron Lennon,Midfielder,11,1,134,0,0,1,13
1539,0,0,28,1.65,Aaron Lennon,Midfielder,25,0,477,1,0,13,35
880,0,0,28,1.78,Steven Naismith,Forward,23,1,501,3,0,30,23
450,0,0,28,1.78,Steven Naismith,Forward,23,1,501,3,0,30,23
2130,1,1,25,1.91,Romelu Lukaku,Forward,32,0,534,4,0,18,8
2869,1,0,24,1.91,Romelu Lukaku,Forward,34,7,721,4,0,31,7
3267,0,0,23,1.91,Romelu Lukaku,Forward,37,6,965,3,0,33,9
3174,0,1,22,1.91,Romelu Lukaku,Forward,37,6,1098,3,0,30,13
19,0,0,29,1.82,Oumar Niasse,Forward,3,0,3,0,0,2,4
940,0,0,28,1.82,Oumar Niasse,Forward,18,0,189,0,0,11,12
58,0,0,28,1.82,Oumar Niasse,Forward,18,0,189,0,0,11,12
1080,0,0,27,1.82,Oumar Niasse,Forward,22,2,250,2,0,31,10
1095,0,0,26,1.82,Oumar Niasse,Forward,17,1,235,3,1,17,10
142,0,0,25,1.82,Oumar Niasse,Forward,5,0,43,0,0,2,4
2106,1,1,25,1.77,Gerard Deulofeu,Forward,28,5,721,3,0,27,33
2082,1,1,24,1.77,Gerard Deulofeu,Forward,30,5,718,3,0,14,11
438,1,0,23,1.77,Gerard Deulofeu,Forward,7,0,142,0,0,3,5
456,0,0,22,1.77,Gerard Deulofeu,Forward,11,0,164,1,0,2,6
1384,0,0,21,1.77,Gerard Deulofeu,Forward,26,8,523,2,0,3,16
72,1,0,32,1.81,Arouna Koné,Forward,6,0,32,0,0,0,0
1457,0,0,31,1.81,Arouna Koné,Forward,25,4,580,1,0,15,25
0,0,0,22,1.78,Conor McAleny,Forward,0,0,0,0,0,0,0
720,0,0,32,0,Fraser Forster,Goalkeeper,8,0,243,0,0,1,0
0,0,0,31,0,Fraser Forster,Goalkeeper,0,0,0,0,0,0,0
90,0,0,30,0,Fraser Forster,Goalkeeper,1,0,19,0,0,0,0
1800,0,1,29,0,Fraser Forster,Goalkeeper,20,0,444,0,0,0,0
3420,1,0,28,0,Fraser Forster,Goalkeeper,38,0,859,3,0,0,0
1620,0,1,27,0,Fraser Forster,Goalkeeper,18,0,459,0,0,0,0
0,0,0,36,1.97,Maarten Stekelenburg,Goalkeeper,0,0,0,0,0,0,0
0,0,1,35,1.97,Maarten Stekelenburg,Goalkeeper,0,0,0,0,0,0,0
0,1,1,34,1.97,Maarten Stekelenburg,Goalkeeper,0,0,0,0,0,0,0
1684,1,0,33,1.97,Maarten Stekelenburg,Goalkeeper,19,0,472,2,0,0,0
1530,0,0,32,1.97,Maarten Stekelenburg,Goalkeeper,17,0,407,0,0,0,0
1612,0,0,27,1.96,Paulo Gazzaniga,Goalkeeper,18,0,456,1,0,1,0
270,0,0,26,1.96,Paulo Gazzaniga,Goalkeeper,3,0,95,0,0,0,0
90,0,0,25,1.96,Paulo Gazzaniga,Goalkeeper,1,0,22,0,0,0,0
180,0,0,23,1.96,Paulo Gazzaniga,Goalkeeper,2,0,54,0,0,0,0
371,1,0,29,1.93,Virgil van Dijk,Defender,5,0,341,1,0,4,3
3420,0,1,28,1.93,Virgil van Dijk,Defender,38,1,3259,1,0,16,23
3385,1,1,27,1.93,Virgil van Dijk,Defender,38,2,3037,1,0,12,38
1260,1,1,26,1.93,Virgil van Dijk,Defender,26,0,1770,1,0,14,25
993,1,1,26,1.93,Virgil van Dijk,Defender,26,0,1770,1,0,14,25
1854,1,0,25,1.93,Virgil van Dijk,Defender,21,0,980,3,1,18,39
3060,0,0,24,1.93,Virgil van Dijk,Defender,34,0,1388,2,0,28,59
0,1,1,27,1.93,Florin Gardos,Defender,0,0,0,0,0,0,0
690,1,0,33,1.91,José Fonte,Defender,8,1,347,0,0,6,11
1405,0,0,32,1.91,José Fonte,Defender,33,0,1604,4,0,27,47
1530,0,0,32,1.91,José Fonte,Defender,33,0,1604,4,0,27,47
3168,0,0,31,1.91,José Fonte,Defender,37,1,1622,4,1,21,53
558,0,0,30,1.89,Maya Yoshida,Defender,8,0,267,1,0,3,8
1520,0,1,29,1.89,Maya Yoshida,Defender,17,1,556,0,0,4,16
2051,1,0,28,1.89,Maya Yoshida,Defender,24,0,1062,2,1,19,27
2070,0,0,27,1.89,Maya Yoshida,Defender,23,0,1126,2,0,18,30
1013,0,1,26,1.89,Maya Yoshida,Defender,20,0,485,0,0,7,13
1469,0,0,22,1.85,Jack Stephens,Defender,17,1,729,1,0,15,22
2599,1,1,30,1.79,Ryan Bertrand,Defender,29,1,1197,5,0,29,60
2743,1,1,29,1.79,Ryan Bertrand,Defender,32,1,1229,3,1,27,47
2160,1,1,28,1.79,Ryan Bertrand,Defender,24,0,774,8,0,26,46
3137,1,1,27,1.79,Ryan Bertrand,Defender,35,4,1480,2,0,32,48
2508,1,0,26,1.79,Ryan Bertrand,Defender,28,4,1307,3,0,24,37
2880,0,0,25,1.79,Ryan Bertrand,Defender,32,3,1121,6,0,30,43
3405,0,1,24,1.83,Matt Targett,Defender,38,2,1684,7,0,28,83
2295,1,1,23,1.83,Matt Targett,Defender,28,2,947,4,0,27,52
1185,1,1,22,1.83,Matt Targett,Defender,16,3,443,2,0,6,27
167,1,1,21,1.83,Matt Targett,Defender,2,0,80,0,0,1,6
374,1,0,20,1.83,Matt Targett,Defender,5,0,205,0,0,1,10
1068,0,0,19,1.83,Matt Targett,Defender,14,1,404,1,0,4,20
142,0,0,22,1.81,Sam McQueen,Defender,7,0,63,0,0,0,4
608,0,0,21,1.81,Sam McQueen,Defender,13,0,301,0,0,3,16
745,1,1,28,1.71,Cédric Soares,Defender,10,1,365,1,0,6,12
250,1,1,27,1.71,Cédric Soares,Defender,21,1,593,1,0,16,53
1309,1,1,27,1.71,Cédric Soares,Defender,21,1,593,1,0,16,53
1494,1,1,26,1.71,Cédric Soares,Defender,18,2,594,4,0,9,23
2797,1,1,25,1.71,Cédric Soares,Defender,32,3,1275,3,0,16,54
2520,1,1,24,1.71,Cédric Soares,Defender,30,3,1256,7,0,22,83
1971,1,1,23,1.71,Cédric Soares,Defender,24,2,786,3,0,18,70
0,0,0,29,1.85,Cuco Martina,Defender,0,0,0,0,0,0,0
1830,0,0,27,1.85,Cuco Martina,Defender,21,2,780,1,0,26,61
591,0,0,26,1.85,Cuco Martina,Defender,9,0,307,0,0,4,11
1079,0,1,25,1.85,Cuco Martina,Defender,15,1,428,1,0,15,37
23,1,1,28,1.84,Victor Wanyama,Midfielder,2,0,19,1,0,1,0
509,1,1,27,1.84,Victor Wanyama,Midfielder,13,0,326,2,0,10,13
838,1,0,26,1.84,Victor Wanyama,Midfielder,18,0,617,2,0,13,30
3015,0,0,25,1.84,Victor Wanyama,Midfielder,36,1,1971,10,0,66,90
2499,0,1,24,1.84,Victor Wanyama,Midfielder,30,1,1352,4,3,50,94
1026,1,1,25,1.69,Jordy Clasie,Midfielder,16,1,623,3,0,14,18
1550,1,1,24,1.69,Jordy Clasie,Midfielder,22,0,768,5,0,18,42
1767,1,0,28,1.83,Oriol Romeu,Midfielder,21,1,1275,6,0,30,69
1856,0,0,27,1.83,Oriol Romeu,Midfielder,30,0,1076,5,0,39,55
2138,0,0,26,1.83,Oriol Romeu,Midfielder,31,0,1103,11,0,46,81
2901,0,0,25,1.83,Oriol Romeu,Midfielder,34,0,1843,11,0,53,93
3072,0,0,24,1.83,Oriol Romeu,Midfielder,35,0,2070,11,0,66,117
1604,0,1,23,1.83,Oriol Romeu,Midfielder,29,0,833,7,0,28,77
3420,1,1,25,1.77,James Ward-Prowse,Midfielder,38,7,2434,5,0,45,75
3420,1,0,24,1.77,James Ward-Prowse,Midfielder,38,3,1666,9,0,57,92
1942,0,0,23,1.77,James Ward-Prowse,Midfielder,26,0,720,4,0,22,36
1714,0,1,22,1.77,James Ward-Prowse,Midfielder,30,3,747,3,0,18,23
1884,1,0,21,1.77,James Ward-Prowse,Midfielder,30,4,966,4,0,27,29
1533,0,1,20,1.77,James Ward-Prowse,Midfielder,33,4,699,5,0,21,14
96,0,1,33,1.72,Steven Davis,Midfielder,3,1,68,0,0,2,2
1521,1,0,32,1.72,Steven Davis,Midfielder,23,0,1044,0,0,8,30
2249,1,1,25,1.81,Harrison Reed,Midfielder,31,2,1477,5,0,40,63
62,0,0,21,1.81,Harrison Reed,Midfielder,3,0,38,0,0,1,2
10,0,0,20,1.81,Harrison Reed,Midfielder,1,0,9,0,0,0,1
1549,1,1,25,1.83,Gastón Ramírez,Midfielder,24,3,625,8,1,36,46
28,1,1,24,1.83,Gastón Ramírez,Midfielder,3,1,15,0,0,0,2
2812,0,1,28,1.74,Sadio Mané,Forward,35,7,1008,3,0,53,48
2755,1,1,27,1.74,Sadio Mané,Forward,35,7,1104,3,0,46,44
3086,1,1,26,1.74,Sadio Mané,Forward,36,1,1184,2,0,34,34
2208,1,1,25,1.74,Sadio Mané,Forward,29,7,962,3,1,24,28
2247,1,0,24,1.74,Sadio Mané,Forward,27,5,1020,4,0,32,23
2606,0,1,23,1.74,Sadio Mané,Forward,37,6,964,4,2,44,54
161,0,0,22,1.72,Juanmi,Forward,12,0,48,0,0,1,1
0,0,0,23,1.78,Lloyd Isgrove,Midfielder,0,0,0,0,0,0,0
979,1,1,29,1.88,Charlie Austin,Forward,25,2,197,1,0,14,13
1030,1,1,28,1.88,Charlie Austin,Forward,24,0,244,2,0,16,7
939,1,1,27,1.88,Charlie Austin,Forward,15,1,255,1,0,14,14
209,1,0,26,1.88,Charlie Austin,Forward,7,0,50,0,0,3,5
2171,1,0,30,1.94,Graziano Pellè,Forward,30,6,872,6,0,40,13
2111,1,1,28,1.8,Shane Long,Forward,28,4,595,2,0,43,15
30,0,0,22,1.93,Sam Gallagher,Forward,4,0,6,0,0,4,0
0,0,0,19,1.76,Ryan Seager,Forward,0,0,0,0,0,0,0
0,0,0,18,1.7,Olufela Olomola,Forward,0,0,0,0,0,0,0
0,0,0,17,1.7,Olufela Olomola,Forward,0,0,0,0,0,0,0
270,0,0,33,1.9,Adrián,Goalkeeper,3,0,80,0,0,0,0
873,0,0,32,1.9,Adrián,Goalkeeper,11,0,260,1,0,0,0
0,0,0,31,1.9,Adrián,Goalkeeper,0,0,0,0,0,0,0
1710,0,0,30,1.9,Adrián,Goalkeeper,19,0,520,2,0,1,0
1440,0,1,29,1.9,Adrián,Goalkeeper,16,0,417,1,0,0,0
2880,1,0,28,1.9,Adrián,Goalkeeper,32,0,853,1,1,1,0
270,0,0,33,1.87,Darren Randolph,Goalkeeper,3,0,61,0,0,0,0
180,0,0,32,1.87,Darren Randolph,Goalkeeper,2,0,36,0,0,0,0
1980,0,1,29,1.87,Darren Randolph,Goalkeeper,22,0,625,1,0,0,0
540,1,0,28,1.87,Darren Randolph,Goalkeeper,6,0,164,0,0,0,0
0,0,0,23,1.97,Raphael Spiegel,Goalkeeper,0,0,0,0,0,0,0
0,0,0,22,1.97,Raphael Spiegel,Goalkeeper,0,0,0,0,0,0,0
0,1,1,31,1.91,Winston Reid,Defender,0,0,0,0,0,0,0
1454,1,1,29,1.91,Winston Reid,Defender,17,0,659,5,0,14,11
2590,1,1,28,1.91,Winston Reid,Defender,30,2,983,8,1,31,32
2136,1,1,27,1.91,Winston Reid,Defender,24,1,833,5,0,23,45
2493,1,1,32,1.91,Angelo Ogbonna,Defender,28,0,1018,5,0,28,26
2787,1,0,31,1.91,Angelo Ogbonna,Defender,31,0,977,4,0,22,38
1870,0,0,30,1.91,Angelo Ogbonna,Defender,24,1,795,2,0,15,31
2880,0,0,29,1.91,Angelo Ogbonna,Defender,32,0,1013,3,0,15,30
1755,0,1,28,1.91,Angelo Ogbonna,Defender,20,0,805,2,0,13,27
2327,1,1,27,1.91,Angelo Ogbonna,Defender,28,0,945,5,0,21,43
552,1,1,31,1.92,James Tomkins,Defender,8,0,182,1,0,3,4
1586,1,1,30,1.92,James Tomkins,Defender,18,1,671,5,0,14,29
2563,1,0,29,1.92,James Tomkins,Defender,29,1,1111,6,0,16,33
2388,0,1,28,1.92,James Tomkins,Defender,28,0,888,8,0,20,47
1976,1,1,27,1.92,James Tomkins,Defender,24,0,728,4,0,10,28
1963,1,1,26,1.92,James Tomkins,Defender,25,0,835,4,0,17,62
1653,0,1,32,1.88,James Collins,Defender,22,0,580,3,0,7,21
1439,1,0,31,1.88,James Collins,Defender,19,0,574,3,1,12,18
4,1,1,18,1.9,Reece Oxford,Midfielder,1,0,2,0,0,1,2
0,1,0,17,1.9,Reece Oxford,Midfielder,0,0,0,0,0,0,0
210,0,0,16,1.9,Reece Oxford,Midfielder,7,0,52,0,0,1,8
0,0,0,19,1.89,Reece Burke,Defender,0,0,0,0,0,0,0
0,0,0,22,1.88,Doneil Henry,Defender,0,0,0,0,0,0,0
0,0,0,19,1.87,Josh Pask,Defender,0,0,0,0,0,0,0
2730,1,1,29,1.7,Aaron Cresswell,Defender,31,0,1251,7,0,16,43
1589,1,0,28,1.7,Aaron Cresswell,Defender,20,1,812,1,0,2,29
3072,0,1,27,1.7,Aaron Cresswell,Defender,36,7,1299,7,0,20,34
2119,1,0,26,1.7,Aaron Cresswell,Defender,26,2,758,2,1,11,21
3315,0,0,25,1.7,Aaron Cresswell,Defender,37,4,1377,1,0,22,38
0,0,1,20,1.78,Stephen Hendrie,Defender,0,0,0,0,0,0,0
1293,1,0,25,1.83,Sam Byram,Defender,17,0,636,4,0,16,40
246,1,1,23,1.83,Sam Byram,Defender,5,0,84,1,0,4,9
1246,1,1,22,1.83,Sam Byram,Defender,18,1,435,5,1,21,24
286,1,0,21,1.83,Sam Byram,Defender,4,0,95,3,0,7,5
0,1,1,29,1.8,Joey O'Brien,Defender,0,0,0,0,0,0,0
0,0,0,18,1.73,Kyle Knoyle,Defender,0,0,0,0,0,0,0
0,0,0,19,1.8,Alex Pike,Defender,0,0,0,0,0,0,0
3122,0,1,30,1.89,Cheikhou Kouyaté,Midfielder,36,0,1279,4,0,36,58
2535,1,1,29,1.89,Cheikhou Kouyaté,Midfielder,35,1,851,4,0,33,67
1897,1,1,28,1.89,Cheikhou Kouyaté,Midfielder,31,2,765,3,0,34,58
2802,1,1,27,1.89,Cheikhou Kouyaté,Midfielder,33,3,955,5,0,45,71
2728,1,0,26,1.89,Cheikhou Kouyaté,Midfielder,31,0,1071,3,0,44,76
3010,0,1,25,1.89,Cheikhou Kouyaté,Midfielder,34,2,1234,5,1,36,95
0,0,0,17,1.85,George Dobson,Midfielder,0,0,0,0,0,0,0
1121,1,1,26,1.86,Pedro Obiang,Midfielder,24,1,536,0,0,13,41
1563,1,1,25,1.86,Pedro Obiang,Midfielder,21,0,757,3,0,27,53
1766,1,0,24,1.86,Pedro Obiang,Midfielder,22,1,911,7,0,27,61
1078,0,0,23,1.86,Pedro Obiang,Midfielder,24,1,476,2,0,20,42
704,1,1,33,1.8,Mark Noble,Midfielder,21,0,430,1,0,9,8
2685,1,1,32,1.8,Mark Noble,Midfielder,33,3,1504,5,0,28,52
2308,1,1,31,1.8,Mark Noble,Midfielder,31,5,1507,6,1,23,47
2403,1,0,30,1.8,Mark Noble,Midfielder,29,0,1324,6,0,28,61
2398,0,0,29,1.8,Mark Noble,Midfielder,30,0,1435,10,0,27,49
3205,0,1,28,1.8,Mark Noble,Midfielder,37,4,1923,8,1,36,103
0,0,0,20,1.8,Diego Poyet,Midfielder,0,0,0,0,0,0,0
6,0,0,21,1.75,Josh Cullen,Midfielder,2,0,4,0,0,0,0
0,0,0,19,1.75,Josh Cullen,Midfielder,1,0,0,0,0,0,0
1515,0,1,29,1.75,Dimitri Payet,Midfielder,18,6,763,2,0,7,9
2573,1,0,28,1.75,Dimitri Payet,Midfielder,30,12,1269,3,0,13,24
560,1,1,27,1.67,Manuel Lanzini,Midfielder,17,1,370,1,0,7,9
1377,1,1,26,1.67,Manuel Lanzini,Midfielder,24,2,756,1,0,6,14
688,1,1,25,1.67,Manuel Lanzini,Midfielder,10,1,452,2,0,5,12
2047,1,1,24,1.67,Manuel Lanzini,Midfielder,27,6,1214,4,0,9,20
2714,1,1,23,1.67,Manuel Lanzini,Midfielder,35,2,1581,9,0,21,44
1918,1,0,22,1.67,Manuel Lanzini,Midfielder,26,2,1093,3,0,9,33
56,0,1,33,1.83,Kevin Nolan,Midfielder,2,0,15,0,0,0,1
0,0,0,19,1.78,Marcus Browne,Midfielder,0,0,0,0,0,0,0
0,0,0,18,1.78,Marcus Browne,Midfielder,0,0,0,0,0,0,0
0,0,0,17,1.78,Marcus Browne,Midfielder,0,0,0,0,0,0,0
0,0,0,18,1.89,Martin Samuelsen,Midfielder,0,0,0,0,0,0,0
0,0,0,18,1.72,Djair Parfitt-Williams,Forward,0,0,0,0,0,0,0
206,1,1,29,1.75,Mauro Zárate,Forward,3,0,67,0,0,1,0
789,1,1,28,1.75,Mauro Zárate,Forward,15,0,263,1,0,12,25
705,0,1,26,1.77,Enner Valencia,Forward,24,1,228,1,0,26,16
213,0,1,26,1.77,Enner Valencia,Forward,24,1,228,1,0,26,16
381,1,1,31,1.93,Andy Carroll,Forward,18,0,136,1,0,12,3
453,0,1,29,1.93,Andy Carroll,Forward,12,0,136,2,0,11,4
508,0,1,28,1.82,Emmanuel Emenike,Forward,13,0,142,0,0,5,5
1983,1,1,30,1.8,Michail Antonio,Forward,26,5,453,3,0,29,7
1768,1,1,29,1.8,Michail Antonio,Forward,24,3,446,3,0,41,13
2098,1,1,28,1.8,Michail Antonio,Forward,33,4,668,3,0,34,23
1357,1,1,27,1.8,Michail Antonio,Forward,21,1,385,1,0,17,15
2440,1,0,26,1.8,Michail Antonio,Forward,29,3,638,4,1,31,32
2062,0,0,25,1.8,Michail Antonio,Forward,26,3,523,3,0,27,37
340,0,1,29,1.88,Nikica Jelavic,Forward,13,2,74,1,0,7,3
3240,1,0,31,1.93,Tim Krul,Goalkeeper,36,0,1382,4,0,1,0
0,0,0,29,1.93,Tim Krul,Goalkeeper,0,0,0,0,0,0,0
720,1,1,27,1.93,Tim Krul,Goalkeeper,8,0,259,0,0,0,0
2250,1,0,29,1.9,Karl Darlow,Goalkeeper,25,0,628,3,0,0,0
0,0,0,28,1.9,Karl Darlow,Goalkeeper,0,0,0,0,0,0,0
0,0,1,27,1.9,Karl Darlow,Goalkeeper,0,0,0,0,0,0,0
900,1,0,26,1.9,Karl Darlow,Goalkeeper,10,0,297,0,0,0,0
810,1,0,24,1.9,Karl Darlow,Goalkeeper,9,0,215,0,0,0,0
0,0,0,21,1.88,Freddie Woodman,Goalkeeper,0,0,0,0,0,0,0
0,0,0,20,1.88,Freddie Woodman,Goalkeeper,0,0,0,0,0,0,0
0,0,0,18,1.88,Freddie Woodman,Goalkeeper,0,0,0,0,0,0,0
673,0,0,22,1.82,Chancel Mbemba,Defender,9,0,213,0,0,5,16
2924,1,1,20,1.82,Chancel Mbemba,Defender,33,0,1147,5,0,21,77
608,1,1,30,1.85,Daryl Janmaat,Defender,8,1,267,1,0,5,14
1521,1,1,29,1.85,Daryl Janmaat,Defender,18,2,599,3,0,16,36
1822,1,1,28,1.85,Daryl Janmaat,Defender,23,0,768,3,0,14,46
1615,1,0,27,1.85,Daryl Janmaat,Defender,27,1,604,2,0,17,45
2755,0,0,26,1.85,Daryl Janmaat,Defender,32,4,1252,5,1,29,80
1627,1,1,26,1.88,Jamaal Lascelles,Defender,19,0,621,4,0,17,14
2079,1,1,25,1.88,Jamaal Lascelles,Defender,24,0,847,5,0,22,14
2745,1,1,24,1.88,Jamaal Lascelles,Defender,32,1,1104,4,0,16,32
2928,1,0,23,1.88,Jamaal Lascelles,Defender,33,0,1184,5,0,16,31
1145,0,0,21,1.88,Jamaal Lascelles,Defender,18,0,486,1,1,11,12
2293,0,0,33,1.84,Fabricio Coloccini,Defender,26,0,849,2,1,9,43
0,1,0,31,1.94,Mike Williamson,Defender,0,0,0,0,0,0,0
809,1,1,29,1.86,Steven Taylor,Defender,10,0,324,1,0,3,3
1256,1,1,28,1.83,Paul Dummett,Defender,15,0,518,2,0,9,16
1229,1,1,27,1.83,Paul Dummett,Defender,16,0,449,2,0,4,27
1986,1,1,26,1.83,Paul Dummett,Defender,26,0,758,1,0,11,34
1603,1,0,25,1.83,Paul Dummett,Defender,20,0,599,1,0,8,28
1896,1,1,23,1.83,Paul Dummett,Defender,23,0,673,3,0,13,54
3,1,0,24,1.79,Massadio Haidara,Defender,1,0,2,0,0,0,0
555,1,1,22,1.79,Massadio Haidara,Defender,7,0,230,1,0,9,12
143,1,0,20,1.84,Kevin Mbabu,Defender,3,0,41,0,0,3,11
0,0,0,22,1.8,Jamie Sterry,Defender,0,0,0,0,0,0,0
6,0,0,19,1.8,Jamie Sterry,Defender,1,0,0,0,0,0,0
2396,1,0,25,1.77,Jack Colback,Midfielder,29,1,1066,11,0,49,81
2107,1,0,26,1.69,Vurnon Anita,Midfielder,28,3,990,6,0,29,74
2947,0,0,29,1.75,Georginio Wijnaldum,Midfielder,38,0,1757,1,0,15,23
2948,0,1,28,1.75,Georginio Wijnaldum,Midfielder,37,0,1625,0,0,15,38
2735,1,1,27,1.75,Georginio Wijnaldum,Midfielder,35,0,1769,3,0,18,40
2387,1,1,26,1.75,Georginio Wijnaldum,Midfielder,33,2,1266,1,0,13,34
2978,1,0,25,1.75,Georginio Wijnaldum,Midfielder,36,9,1625,2,0,22,46
3167,0,1,24,1.75,Georginio Wijnaldum,Midfielder,38,5,1252,1,0,16,38
1575,0,0,30,1.87,Moussa Sissoko,Midfielder,25,0,761,3,0,22,22
2456,0,1,29,1.87,Moussa Sissoko,Midfielder,29,1,1246,8,0,44,39
2336,1,0,28,1.87,Moussa Sissoko,Midfielder,29,3,1348,2,0,24,36
1395,0,0,27,1.87,Moussa Sissoko,Midfielder,33,1,869,3,0,23,23
901,0,1,26,1.87,Moussa Sissoko,Midfielder,25,2,453,3,0,21,14
3222,1,0,25,1.87,Moussa Sissoko,Midfielder,37,7,1385,3,0,50,54
2617,1,1,28,1.84,Jonjo Shelvey,Midfielder,30,3,1401,7,0,31,39
2124,1,1,27,1.84,Jonjo Shelvey,Midfielder,26,2,1044,3,0,19,29
944,1,0,26,1.84,Jonjo Shelvey,Midfielder,16,1,629,1,0,16,22
2267,0,0,25,1.84,Jonjo Shelvey,Midfielder,30,3,1382,2,2,23,39
1048,0,0,23,1.84,Jonjo Shelvey,Midfielder,31,5,1473,8,0,21,37
1220,0,0,23,1.84,Jonjo Shelvey,Midfielder,31,5,1473,8,0,21,37
442,0,1,26,1.85,Siem de Jong,Midfielder,18,1,193,0,0,7,16
84,0,0,26,1.75,Henri Saivet,Midfielder,1,0,24,0,0,0,5
147,0,1,24,1.75,Henri Saivet,Midfielder,4,0,82,0,0,1,13
0,1,0,29,1.72,Sylvain Marveaux,Midfielder,0,0,0,0,0,0,0
279,1,1,26,1.86,Gabriel Obertan,Midfielder,5,1,97,1,0,2,6
223,0,0,29,1.75,Yoan Gouffran,Midfielder,8,0,92,0,0,3,6
137,0,1,21,1.78,Rolando Aarons,Midfielder,4,0,41,0,0,1,4
375,1,1,19,1.78,Rolando Aarons,Midfielder,10,1,119,1,0,9,13
420,0,0,22,1.79,Florian Thauvin,Midfielder,13,0,172,1,0,5,8
1331,1,0,27,1.78,Ayoze Pérez,Forward,25,1,470,2,0,31,32
2018,0,0,26,1.78,Ayoze Pérez,Forward,33,4,734,0,0,30,45
2046,0,0,22,1.78,Ayoze Pérez,Forward,34,2,588,4,0,35,56
29,0,1,27,1.79,Seydou Doumbia,Forward,3,0,8,0,0,0,0
1069,1,0,30,1.8,Papiss Demba Cissé,Forward,21,0,405,1,0,13,10
63,1,0,25,1.82,Emmanuel Rivière,Forward,3,0,19,0,0,2,3
10,1,0,19,1.85,Ivan Toney,Forward,2,0,3,0,0,0,0
3420,0,0,33,1.89,Kasper Schmeichel,Goalkeeper,38,0,1067,0,0,0,0
3420,0,0,32,1.89,Kasper Schmeichel,Goalkeeper,38,0,1033,2,0,0,0
3420,0,1,31,1.89,Kasper Schmeichel,Goalkeeper,38,0,1118,3,0,0,0
2966,1,1,30,1.89,Kasper Schmeichel,Goalkeeper,33,0,1032,3,0,0,0
2667,1,0,29,1.89,Kasper Schmeichel,Goalkeeper,30,0,888,1,0,0,0
3420,0,1,28,1.89,Kasper Schmeichel,Goalkeeper,38,0,1146,2,0,0,0
553,1,0,30,1.93,Ben Hamer,Goalkeeper,7,0,191,0,0,0,0
274,0,0,29,1.93,Ben Hamer,Goalkeeper,4,0,71,0,0,0,0
0,0,0,28,1.93,Ben Hamer,Goalkeeper,0,0,0,0,0,0,0
0,0,0,42,0,Mark Schwarzer,Goalkeeper,0,0,0,0,0,0,0
0,0,0,20,1.83,Jonny Maddison,Goalkeeper,0,0,0,0,0,0,0
2929,0,0,31,0,Robert Huth,Defender,33,2,701,9,0,45,28
3150,0,1,30,0,Robert Huth,Defender,35,0,810,8,0,35,41
719,1,1,25,1.86,Daniel Amartey,Defender,12,0,454,3,0,3,11
640,0,1,23,1.86,Daniel Amartey,Defender,9,0,371,2,0,6,18
490,1,0,22,1.86,Daniel Amartey,Defender,8,0,250,0,1,5,8
1666,0,0,21,1.86,Daniel Amartey,Defender,24,1,782,3,0,30,41
101,0,0,20,1.86,Daniel Amartey,Defender,5,0,66,0,0,0,1
90,0,0,30,1.85,Yohan Benalouane,Defender,1,0,27,0,0,1,7
921,0,0,29,1.85,Yohan Benalouane,Defender,11,0,188,4,0,15,17
64,0,0,28,1.85,Yohan Benalouane,Defender,4,0,14,1,0,3,0
15,1,1,36,1.85,Wes Morgan,Defender,3,0,5,0,0,0,0
429,1,0,35,1.85,Wes Morgan,Defender,11,0,245,0,0,4,4
1926,0,0,34,1.85,Wes Morgan,Defender,22,0,892,1,2,18,27
2818,0,1,33,1.85,Wes Morgan,Defender,32,0,913,4,0,31,35
2430,1,0,32,1.85,Wes Morgan,Defender,27,0,653,3,0,20,27
3420,0,0,31,1.85,Wes Morgan,Defender,38,0,818,3,0,27,51
90,0,0,36,1.86,Marcin Wasilewski,Defender,1,0,23,0,0,0,2
302,0,0,35,1.86,Marcin Wasilewski,Defender,4,0,73,2,0,4,10
702,1,0,34,1.87,Christian Fuchs,Defender,9,0,524,4,0,14,18
770,0,0,33,1.87,Christian Fuchs,Defender,11,0,563,0,0,2,14
206,0,0,32,1.87,Christian Fuchs,Defender,3,0,118,0,0,3,4
1917,0,0,31,1.87,Christian Fuchs,Defender,25,1,896,1,0,12,41
3103,0,1,30,1.87,Christian Fuchs,Defender,36,4,1294,10,0,29,97
2710,1,0,29,1.87,Christian Fuchs,Defender,32,4,1180,4,0,33,99
2291,1,1,23,1.8,Ben Chilwell,Defender,27,5,1469,3,0,23,42
2375,1,1,22,1.8,Ben Chilwell,Defender,27,3,1654,3,0,29,43
3240,1,1,21,1.8,Ben Chilwell,Defender,36,4,1684,4,0,32,55
1852,1,1,20,1.8,Ben Chilwell,Defender,24,2,901,1,1,13,36
694,1,0,19,1.8,Ben Chilwell,Defender,12,0,301,2,0,7,23
0,0,0,18,1.8,Ben Chilwell,Defender,0,0,0,0,0,0,0
2145,1,1,29,1.68,N'Golo Kanté,Midfielder,30,2,1529,7,0,36,79
1733,1,0,28,1.68,N'Golo Kanté,Midfielder,22,0,1134,4,0,45,44
3095,0,0,27,1.68,N'Golo Kanté,Midfielder,36,4,2021,3,0,35,74
2998,0,0,26,1.68,N'Golo Kanté,Midfielder,34,1,2150,3,0,41,113
3139,0,0,25,1.68,N'Golo Kanté,Midfielder,35,1,2122,9,0,53,127
3020,0,0,24,1.68,N'Golo Kanté,Midfielder,37,4,1449,3,0,43,175
195,0,0,31,1.83,Gökhan Inler,Midfielder,5,0,124,0,0,3,10
995,1,0,26,1.81,Matty James,Midfielder,13,0,446,2,0,21,19
0,0,0,25,1.81,Matty James,Midfielder,1,0,0,0,0,0,0
0,0,0,32,1.82,Dean Hammond,Midfielder,0,0,0,0,0,0,0
1739,0,0,30,1.75,Marc Albrighton,Midfielder,31,5,749,2,0,9,33
863,0,1,29,1.75,Marc Albrighton,Midfielder,20,3,407,2,0,7,24
1625,1,0,28,1.75,Marc Albrighton,Midfielder,27,2,621,3,0,10,36
2543,0,0,27,1.75,Marc Albrighton,Midfielder,34,7,1005,5,1,20,52
2423,0,0,26,1.75,Marc Albrighton,Midfielder,33,6,874,5,0,21,50
2766,0,0,25,1.75,Marc Albrighton,Midfielder,38,6,912,4,0,21,65
1426,1,1,27,1.78,Jeffrey Schlupp,Midfielder,27,3,398,3,0,25,29
1035,1,1,26,1.78,Jeffrey Schlupp,Midfielder,17,1,314,2,0,17,18
1665,1,1,25,1.78,Jeffrey Schlupp,Midfielder,30,1,630,1,0,25,41
1748,1,1,24,1.78,Jeffrey Schlupp,Midfielder,24,1,654,3,0,18,57
997,1,1,23,1.78,Jeffrey Schlupp,Midfielder,19,0,349,0,0,4,35
140,1,1,23,1.78,Jeffrey Schlupp,Midfielder,19,0,349,0,0,4,35
1379,1,1,22,1.78,Jeffrey Schlupp,Midfielder,24,2,461,4,0,15,46
18,0,0,24,1.83,Demarai Gray,Forward,1,0,9,0,0,0,1
607,0,1,23,1.83,Demarai Gray,Midfielder,21,3,291,1,0,2,12
1992,1,0,22,1.83,Demarai Gray,Midfielder,34,1,657,2,0,14,25
1692,0,0,21,1.83,Demarai Gray,Midfielder,35,1,557,2,0,7,17
19,0,0,20,1.86,Joseph Dodoo,Forward,1,0,6,0,0,2,0
1955,0,0,29,1.79,Riyad Mahrez,Forward,27,6,1004,0,0,13,20
1940,0,0,28,1.79,Riyad Mahrez,Forward,33,9,1097,0,0,13,28
1339,0,0,27,1.79,Riyad Mahrez,Forward,27,4,798,0,0,10,14
2960,0,0,26,1.79,Riyad Mahrez,Forward,36,10,1276,2,0,23,39
2834,0,1,25,1.79,Riyad Mahrez,Forward,36,3,1065,4,0,25,36
3054,1,0,24,1.79,Riyad Mahrez,Forward,37,11,1034,1,0,19,53
1307,0,1,29,1.65,Nathan Dyer,Midfielder,24,0,512,2,0,17,22
209,1,0,27,1.65,Nathan Dyer,Midfielder,13,1,74,1,0,9,4
18,1,0,27,1.65,Nathan Dyer,Midfielder,13,1,74,1,0,9,4
2844,1,1,33,1.79,Jamie Vardy,Forward,34,9,434,1,0,26,18
3034,1,1,32,1.79,Jamie Vardy,Forward,35,5,442,2,0,20,15
2732,1,0,31,1.79,Jamie Vardy,Forward,34,4,416,3,1,19,14
3258,0,0,30,1.79,Jamie Vardy,Forward,37,1,463,3,0,29,15
2808,0,1,29,1.79,Jamie Vardy,Forward,35,5,529,2,1,26,15
3139,1,0,28,1.79,Jamie Vardy,Forward,36,6,625,5,1,42,35
269,0,0,32,1.75,Shinji Okazaki,Forward,21,1,94,0,0,6,5
1327,0,0,31,1.75,Shinji Okazaki,Forward,27,2,386,2,0,20,25
1571,0,0,30,1.75,Shinji Okazaki,Forward,30,1,438,1,0,28,30
2069,0,0,29,1.75,Shinji Okazaki,Forward,36,0,542,1,0,31,37
261,0,1,31,1.88,Leonardo Ulloa,Forward,14,0,134,0,0,7,4
17,0,1,31,1.88,Leonardo Ulloa,Forward,14,0,134,0,0,7,4
435,1,0,30,1.88,Leonardo Ulloa,Forward,16,0,233,0,0,20,11
966,0,0,29,1.88,Leonardo Ulloa,Forward,29,2,399,0,0,20,27
22,0,0,24,1.77,Andrej Kramaric,Forward,2,0,11,0,0,1,1
90,0,0,27,1.96,Jack Butland,Goalkeeper,1,0,19,0,0,0,0
3150,1,0,24,1.96,Jack Butland,Goalkeeper,35,0,1169,0,0,0,0
450,0,1,23,1.96,Jack Butland,Goalkeeper,5,0,140,0,0,0,0
2790,1,0,22,1.96,Jack Butland,Goalkeeper,31,0,883,0,0,1,0
0,0,0,25,1.99,Jakob Haugaard,Goalkeeper,0,0,0,0,0,0,0
0,0,0,24,1.99,Jakob Haugaard,Goalkeeper,0,0,0,0,0,0,0
404,0,0,23,1.99,Jakob Haugaard,Goalkeeper,5,0,128,0,0,0,0
450,0,1,40,1.85,Shay Given,Goalkeeper,5,0,132,1,0,0,0
225,1,0,39,1.85,Shay Given,Goalkeeper,3,0,58,1,0,0,0
0,0,0,23,1.91,Daniel Bachmann,Goalkeeper,0,0,0,0,0,0,0
0,0,0,21,1.91,Daniel Bachmann,Goalkeeper,0,0,0,0,0,0,0
2372,1,1,29,1.91,Ryan Shawcross,Defender,27,1,665,2,0,26,36
3150,1,1,28,1.91,Ryan Shawcross,Defender,35,1,996,6,0,34,46
1697,1,0,27,1.91,Ryan Shawcross,Defender,20,0,592,2,1,18,43
180,1,0,27,0,Philipp Wollscheid,Defender,2,0,99,1,0,1,4
2684,0,1,26,0,Philipp Wollscheid,Defender,31,0,1220,2,0,17,74
647,0,1,24,1.8,Marc Muniesa,Defender,10,0,308,2,0,9,21
1111,1,1,23,1.8,Marc Muniesa,Defender,15,0,530,2,0,10,28
44,0,1,23,1.93,Dionatan Teixeira,Defender,1,0,7,0,0,0,1
1262,1,0,31,1.83,Erik Pieters,Defender,20,1,472,1,0,26,30
1878,0,0,30,1.83,Erik Pieters,Defender,24,4,745,2,0,21,54
2720,1,0,28,1.83,Erik Pieters,Defender,31,1,1000,5,0,58,71
3150,0,0,27,1.83,Erik Pieters,Defender,36,1,1331,4,0,60,106
3097,0,0,26,1.83,Erik Pieters,Defender,35,1,1504,10,0,58,116
1955,1,1,31,1.82,Glen Johnson,Defender,23,0,740,1,0,12,49
273,1,1,35,1.8,Phil Bardsley,Defender,4,0,109,2,0,8,6
1890,1,1,34,1.8,Phil Bardsley,Defender,21,1,658,6,0,35,49
1672,1,0,33,1.8,Phil Bardsley,Defender,19,0,555,9,0,22,32
1125,0,1,32,1.8,Phil Bardsley,Defender,13,0,418,5,0,22,17
1170,1,0,31,1.8,Phil Bardsley,Defender,15,0,397,4,1,25,32
816,0,0,30,1.8,Phil Bardsley,Defender,11,1,300,1,0,12,31
796,0,0,23,1.86,Giannelli Imbula,Midfielder,12,0,384,1,0,3,11
1260,0,0,22,1.86,Giannelli Imbula,Midfielder,14,0,772,4,0,17,14
2278,0,0,32,1.8,Glenn Whelan,Midfielder,30,1,1408,5,0,18,46
3173,0,0,31,1.8,Glenn Whelan,Midfielder,37,1,2070,6,0,25,71
1524,0,1,32,1.9,Geoff Cameron,Midfielder,20,0,506,2,0,16,34
1628,1,0,31,1.9,Geoff Cameron,Midfielder,19,1,787,1,0,17,48
2361,0,0,30,1.9,Geoff Cameron,Midfielder,30,0,1128,0,1,27,60
752,0,1,22,1.86,Marco van Ginkel,Midfielder,17,0,372,0,0,14,28
408,0,0,31,1.85,Charlie Adam,Midfielder,11,0,246,2,1,8,9
1495,0,1,30,1.85,Charlie Adam,Midfielder,24,3,868,7,0,41,19
1041,1,0,29,1.85,Charlie Adam,Midfielder,22,1,546,6,1,30,18
0,1,0,34,1.83,Steve Sidwell,Midfielder,0,0,0,0,0,0,0
12,0,1,32,1.83,Steve Sidwell,Midfielder,1,0,6,0,0,1,4
162,0,0,31,1.81,Ibrahim Afellay,Midfielder,6,0,81,1,0,1,3
377,0,1,30,1.81,Ibrahim Afellay,Midfielder,12,0,189,0,0,3,3
2105,1,0,29,1.81,Ibrahim Afellay,Midfielder,31,2,1274,3,1,19,27
128,1,1,30,1.73,Stephen Ireland,Midfielder,4,0,66,1,0,1,3
231,0,1,28,1.73,Stephen Ireland,Midfielder,13,1,160,2,0,4,10
0,0,0,17,1.75,Oliver Shenton,Midfielder,0,0,0,0,0,0,0
551,1,1,28,1.69,Xherdan Shaqiri,Midfielder,14,2,399,2,0,11,7
181,1,1,27,1.69,Xherdan Shaqiri,Midfielder,7,0,97,0,0,1,1
1057,1,1,26,1.69,Xherdan Shaqiri,Midfielder,24,3,639,2,0,9,14
3049,1,1,25,1.69,Xherdan Shaqiri,Midfielder,36,7,1055,5,0,28,25
1709,1,1,24,1.69,Xherdan Shaqiri,Midfielder,21,2,609,2,0,16,11
2028,1,1,23,1.69,Xherdan Shaqiri,Midfielder,27,6,639,3,0,25,19
0,1,1,34,1.83,Jonathan Walters,Forward,0,0,0,0,0,0,0
36,1,0,33,1.83,Jonathan Walters,Forward,3,0,9,0,0,0,0
1296,0,1,32,1.83,Jonathan Walters,Forward,23,2,331,1,0,13,8
1724,1,1,31,1.83,Jonathan Walters,Forward,27,3,492,1,0,14,8
101,1,1,34,1.81,Peter Odemwingie,Forward,5,0,49,0,0,3,3
2000,1,0,29,1.92,Marko Arnautovic,Forward,28,4,640,3,0,30,9
2322,0,0,28,1.92,Marko Arnautovic,Forward,31,6,684,5,1,35,21
2725,0,0,27,1.92,Marko Arnautovic,Forward,32,5,861,9,1,41,32
2819,0,0,26,1.92,Marko Arnautovic,Forward,34,6,1081,2,0,49,53
586,0,0,28,1.92,Joselu,Forward,16,0,208,1,0,5,14
1655,0,1,27,1.92,Joselu,Forward,30,1,593,2,0,30,22
1090,0,0,25,1.92,Joselu,Forward,22,1,379,0,0,19,14
86,0,0,37,0,Peter Crouch,Forward,6,0,28,1,0,3,1
1554,0,0,36,0,Peter Crouch,Forward,31,2,634,4,0,40,2
1334,0,1,35,0,Peter Crouch,Forward,27,2,496,3,0,26,4
456,1,0,34,0,Peter Crouch,Forward,11,1,152,0,0,13,3
3150,1,1,35,1.9,Lukasz Fabianski,Goalkeeper,35,0,856,2,0,1,0
2119,1,1,34,1.9,Lukasz Fabianski,Goalkeeper,25,0,572,1,0,1,0
3420,1,0,33,1.9,Lukasz Fabianski,Goalkeeper,38,0,1071,0,0,0,0
3420,0,0,32,1.9,Lukasz Fabianski,Goalkeeper,38,0,1113,0,0,1,0
3330,0,0,31,1.9,Lukasz Fabianski,Goalkeeper,37,0,928,1,0,1,0
3330,0,0,30,1.9,Lukasz Fabianski,Goalkeeper,37,1,1000,1,0,1,0
0,0,0,28,1.9,Kristoffer Nordfeldt,Goalkeeper,0,0,0,0,0,0,0
90,0,0,27,1.9,Kristoffer Nordfeldt,Goalkeeper,1,0,22,0,0,0,0
90,0,0,26,1.9,Kristoffer Nordfeldt,Goalkeeper,1,0,25,0,0,0,0
0,0,0,37,0,Gerhard Tremmel,Goalkeeper,0,0,0,0,0,0,0
0,0,0,36,0,Gerhard Tremmel,Goalkeeper,0,0,0,0,0,0,0
0,0,0,19,1.93,Josh Vickers,Goalkeeper,0,0,0,0,0,0,0
2082,1,0,31,1.9,Federico Fernández,Defender,24,0,834,4,0,15,29
2618,0,1,30,1.9,Federico Fernández,Defender,32,2,1110,8,0,17,42
1482,1,0,29,1.9,Federico Fernández,Defender,19,1,611,2,0,12,16
2677,0,1,28,1.9,Federico Fernández,Defender,30,1,1210,5,0,29,40
2430,1,0,27,1.9,Federico Fernández,Defender,27,2,1133,7,0,26,44
2880,0,0,26,1.9,Federico Fernández,Defender,32,1,1697,3,0,31,58
1832,0,0,32,1.83,Ashley Williams,Defender,24,0,732,3,1,25,23
3159,0,1,31,1.83,Ashley Williams,Defender,36,3,1720,7,1,38,53
1407,0,0,24,1.84,Jordi Amat,Defender,17,0,658,5,0,26,36
461,0,1,23,1.84,Jordi Amat,Defender,8,0,193,0,0,4,7
2583,1,0,29,1.94,Kyle Bartley,Defender,30,1,827,4,0,30,27
233,1,0,26,1.94,Kyle Bartley,Defender,5,0,115,2,0,5,3
284,0,1,24,1.94,Kyle Bartley,Defender,5,0,127,2,0,4,9
729,0,1,22,1.92,Joe Rodon,Defender,12,0,429,0,0,2,14
0,0,0,19,1.92,Joe Rodon,Defender,0,0,0,0,0,0,0
15,0,1,31,1.76,Neil Taylor,Defender,1,0,9,1,0,1,1
1089,1,0,30,1.76,Neil Taylor,Defender,14,0,419,2,0,8,16
0,1,0,26,1.78,Franck Tabanou,Defender,0,0,0,0,0,0,0
1035,0,0,22,1.78,Stephen Kingsley,Defender,13,0,434,0,0,3,12
356,0,0,21,1.78,Stephen Kingsley,Defender,4,1,110,0,0,2,5
3033,0,0,28,1.81,Kyle Naughton,Defender,34,2,1638,1,0,31,92
2718,0,0,27,1.81,Kyle Naughton,Defender,31,0,1392,5,0,25,76
1764,0,1,26,1.81,Kyle Naughton,Defender,27,3,1081,2,1,23,40
1397,0,0,27,1.88,Leroy Fer,Midfielder,20,1,632,5,0,28,44
2404,0,0,26,1.88,Leroy Fer,Midfielder,34,2,1230,9,0,48,55
757,0,1,25,1.88,Leroy Fer,Midfielder,11,2,441,2,0,14,21
1352,0,1,31,1.85,Jack Cork,Midfielder,16,0,500,2,0,21,26
2618,1,0,30,1.85,Jack Cork,Midfielder,30,0,923,1,0,33,35
3313,0,0,29,1.85,Jack Cork,Midfielder,37,2,1329,6,0,30,51
3420,0,1,28,1.85,Jack Cork,Midfielder,38,1,1584,7,0,23,60
2233,1,0,27,1.85,Jack Cork,Midfielder,30,0,1285,7,0,25,59
2542,0,1,26,1.85,Jack Cork,Midfielder,35,2,1712,3,0,29,77
90,0,0,20,1.78,Matt Grimes,Midfielder,1,0,44,0,0,3,1
305,1,1,34,1.67,Leon Britton,Midfielder,5,0,137,1,0,7,6
1177,1,0,33,1.67,Leon Britton,Midfielder,16,0,727,3,0,6,23
1525,0,1,32,1.67,Leon Britton,Midfielder,25,0,1000,4,0,14,41
17,0,0,23,0,Jay Fulton,Midfielder,2,0,8,1,0,2,0
691,0,0,22,0,Jay Fulton,Midfielder,11,0,323,2,0,11,31
2253,0,1,30,1.86,Gylfi Sigurdsson,Midfielder,36,5,853,2,0,22,30
2563,1,0,29,1.86,Gylfi Sigurdsson,Midfielder,35,3,1019,3,0,34,50
3134,0,1,28,1.86,Gylfi Sigurdsson,Midfielder,38,6,990,3,0,33,55
2262,1,0,27,1.86,Gylfi Sigurdsson,Midfielder,27,3,700,2,0,19,38
3327,0,0,26,1.86,Gylfi Sigurdsson,Midfielder,38,13,1038,2,0,18,45
2916,0,1,25,1.86,Gylfi Sigurdsson,Midfielder,36,3,1193,6,0,26,42
373,1,1,26,1.7,Jefferson Montero,Midfielder,13,1,94,0,0,1,7
1354,1,1,25,1.7,Jefferson Montero,Midfielder,23,2,365,0,0,11,21
421,0,0,32,1.7,Wayne Routledge,Midfielder,15,0,160,1,0,9,10
1928,0,1,31,1.7,Wayne Routledge,Midfielder,27,1,561,1,0,28,22
1680,1,0,30,1.7,Wayne Routledge,Midfielder,28,1,651,3,0,30,23
1148,0,0,23,1.76,Modou Barrow,Forward,18,2,299,1,0,15,22
780,0,0,22,1.76,Modou Barrow,Forward,22,2,206,0,0,3,18
0,0,0,20,1.78,Kenji Gorré,Forward,0,0,0,0,0,0,0
1696,0,1,29,1.84,Bafétimbi Gomis,Forward,33,0,509,0,0,17,7
668,0,0,25,1.83,Alberto Paloschi,Forward,10,0,199,2,0,17,7
267,1,0,27,1.9,Éder,Forward,13,0,86,0,0,11,4
66,0,0,27,1.8,Marvin Emnes,Forward,2,0,14,0,0,0,1
0,1,1,30,0,Costel Pantilimon,Goalkeeper,0,0,0,0,0,0,0
81,1,0,29,0,Costel Pantilimon,Goalkeeper,2,0,33,0,0,0,0
0,0,1,28,0,Costel Pantilimon,Goalkeeper,17,0,497,3,0,2,0
1530,0,1,28,0,Costel Pantilimon,Goalkeeper,17,0,497,3,0,2,0
0,0,1,28,1.91,Giedrius Arlauskis,Goalkeeper,0,0,0,0,0,0,0
23,1,1,27,1.91,Giedrius Arlauskis,Goalkeeper,1,0,5,0,0,0,0
0,0,0,38,1.91,Heurelho Gomes,Goalkeeper,0,0,0,0,0,0,0
0,0,0,37,1.91,Heurelho Gomes,Goalkeeper,0,0,0,0,0,0,0
2129,0,0,36,1.91,Heurelho Gomes,Goalkeeper,24,0,630,0,0,1,0
3339,0,0,35,1.91,Heurelho Gomes,Goalkeeper,38,0,1034,1,0,1,0
3397,0,0,34,1.91,Heurelho Gomes,Goalkeeper,38,0,957,4,0,2,0
0,0,0,29,1.97,Rene Gilmartin,Goalkeeper,0,0,0,0,0,0,0
0,0,0,28,1.97,Rene Gilmartin,Goalkeeper,0,0,0,0,0,0,0
745,0,0,28,1.89,Mario Suárez,Midfielder,15,0,422,2,0,14,21
57,1,1,32,1.94,Sebastian Prödl,Defender,1,0,11,0,0,1,0
13,1,1,31,1.94,Sebastian Prödl,Defender,1,0,3,0,0,1,0
1568,1,0,30,1.94,Sebastian Prödl,Defender,21,0,568,5,0,21,22
2772,0,1,29,1.94,Sebastian Prödl,Defender,33,1,1070,10,1,44,36
1776,1,1,28,1.94,Sebastian Prödl,Defender,21,0,509,5,0,23,23
2489,1,0,30,1.89,Craig Cathcart,Defender,29,0,914,7,0,13,41
3098,0,1,29,1.89,Craig Cathcart,Defender,36,0,1280,2,0,16,50
495,1,0,28,1.89,Craig Cathcart,Defender,7,0,185,1,0,2,8
1161,0,0,27,1.89,Craig Cathcart,Defender,15,1,364,3,0,13,23
3033,0,0,26,1.89,Craig Cathcart,Defender,35,0,1032,3,0,9,45
185,0,1,33,1.89,Miguel Britos,Defender,3,0,59,0,0,3,4
797,1,0,32,1.89,Miguel Britos,Defender,12,0,388,3,1,8,15
2284,0,0,31,1.89,Miguel Britos,Defender,27,2,1025,6,2,36,34
2076,0,0,30,1.89,Miguel Britos,Defender,24,0,786,7,0,19,25
0,0,0,26,1.93,Gabriele Angella,Defender,0,0,0,0,0,0,0
0,1,1,22,1.88,Tommie Hoban,Defender,0,0,0,0,0,0,0
0,1,0,21,1.88,Tommie Hoban,Defender,0,0,0,0,0,0,0
0,0,0,29,1.84,Daniel Pudil,Defender,0,0,0,0,0,0,0
132,0,0,27,1.8,Miguel Layún,Defender,3,0,52,0,0,1,2
766,1,0,28,1.78,Juan Carlos Paredes,Defender,17,0,264,1,0,10,15
2036,1,1,31,1.84,Valon Behrami,Midfielder,27,0,732,7,0,30,73
1279,1,0,30,1.84,Valon Behrami,Midfielder,21,1,508,3,1,33,66
1982,0,0,28,1.81,Almen Abdi,Midfielder,32,0,938,4,0,38,83
457,0,1,32,1.78,Ben Watson,Midfielder,8,0,236,1,0,11,19
135,0,0,30,1.78,Adlène Guédioura,Midfielder,17,1,393,2,0,20,22
722,0,0,30,1.78,Adlène Guédioura,Midfielder,17,1,393,2,0,20,22
417,0,0,29,1.78,Adlène Guédioura,Midfielder,18,2,251,2,0,13,13
9,0,0,28,1.66,Ikechi Anya,Midfielder,1,0,3,0,0,0,0
1680,0,0,27,1.66,Ikechi Anya,Midfielder,28,1,660,0,0,1,16
2025,1,0,29,1.76,José Manuel Jurado,Midfielder,27,0,956,3,0,12,37
223,0,1,23,1.82,Steven Berghuis,Forward,9,2,86,2,0,7,6
65,1,0,32,1.8,Alessandro Diamanti,Forward,3,0,51,0,0,1,3
200,1,1,30,1.79,Nordin Amrabat,Forward,3,0,66,0,0,6,6
2100,1,1,29,1.79,Nordin Amrabat,Forward,29,3,675,4,0,47,45
500,1,1,28,1.79,Nordin Amrabat,Forward,12,0,156,2,1,15,5
64,0,1,25,1.88,Víctor Ibarbo,Forward,4,0,21,0,0,2,2
0,0,0,25,1.72,Fernando Forestieri,Forward,0,0,0,0,0,0,0
9,0,1,31,1.81,Odion Ighalo,Forward,1,0,2,0,0,0,0
90,1,0,30,1.81,Odion Ighalo,Forward,11,0,25,0,0,1,2
1291,0,0,27,1.81,Odion Ighalo,Forward,18,1,296,1,0,17,10
3152,0,0,26,1.81,Odion Ighalo,Forward,37,3,722,4,0,47,27
2234,1,1,31,1.84,Troy Deeney,Forward,27,2,709,3,0,37,19
2548,1,1,30,1.84,Troy Deeney,Forward,32,5,827,4,1,42,24
1839,1,0,29,1.84,Troy Deeney,Forward,29,2,542,1,1,24,15
2941,0,0,28,1.84,Troy Deeney,Forward,37,4,841,7,0,43,20
3291,0,0,27,1.84,Troy Deeney,Forward,38,7,1290,6,0,50,49
1367,1,1,28,1.8,Matej Vydra,Forward,28,2,236,0,0,6,9
812,1,0,27,1.8,Matej Vydra,Forward,19,1,136,0,0,1,4
311,0,0,26,1.8,Matej Vydra,Forward,13,1,73,1,0,7,2
2,0,0,24,1.8,Matej Vydra,Forward,1,0,2,0,0,0,0
0,0,0,23,1.8,Matej Vydra,Forward,0,0,0,0,0,0,0
0,1,0,33,1.97,Wayne Hennessey,Goalkeeper,0,0,0,0,0,0,0
270,0,1,32,1.97,Wayne Hennessey,Goalkeeper,3,0,97,0,0,0,0
1575,1,1,31,1.97,Wayne Hennessey,Goalkeeper,18,0,450,0,0,0,0
2430,1,0,30,1.97,Wayne Hennessey,Goalkeeper,27,0,689,1,0,0,0
2610,0,1,29,1.97,Wayne Hennessey,Goalkeeper,29,0,809,1,0,0,0
2610,1,0,28,1.97,Wayne Hennessey,Goalkeeper,29,0,758,1,0,0,0
0,1,0,26,1.93,Alex McCarthy,Goalkeeper,0,0,0,0,0,0,0
630,0,0,25,1.93,Alex McCarthy,Goalkeeper,7,0,204,0,0,0,0
1350,1,1,33,1.94,Scott Dann,Defender,15,0,640,1,0,6,6
1263,1,1,32,1.94,Scott Dann,Defender,16,1,582,0,0,5,8
660,1,1,31,1.94,Scott Dann,Defender,10,1,264,1,0,4,6
1435,1,0,30,1.94,Scott Dann,Defender,17,0,566,4,0,12,10
1743,0,0,29,1.94,Scott Dann,Defender,23,1,608,2,0,14,17
3150,0,0,28,1.94,Scott Dann,Defender,35,1,1116,7,0,20,35
1509,0,0,32,1.79,Adrian Mariappa,Defender,20,0,462,4,1,20,20
1921,0,0,31,1.79,Adrian Mariappa,Defender,26,0,882,3,0,19,35
2208,0,1,30,1.79,Adrian Mariappa,Defender,28,0,961,4,0,32,45
561,1,0,29,1.79,Adrian Mariappa,Defender,7,0,244,0,0,4,17
256,0,0,28,1.79,Adrian Mariappa,Defender,3,0,117,0,0,3,4
95,0,0,36,1.9,Damien Delaney,Defender,2,0,38,0,0,0,2
2006,0,1,35,1.9,Damien Delaney,Defender,30,2,889,8,0,26,25
2880,1,0,34,1.9,Damien Delaney,Defender,32,3,1055,2,0,18,31
630,0,0,34,1.99,Brede Hangeland,Defender,7,0,242,2,0,13,10
0,0,0,20,1.85,Luke Croll,Defender,0,0,0,0,0,0,0
0,1,0,28,1.78,Pape Souaré,Defender,1,0,3,0,0,0,0
8,0,0,27,1.78,Pape Souaré,Defender,1,0,9,0,0,0,0
270,0,0,26,1.78,Pape Souaré,Defender,3,0,97,0,0,1,5
3015,0,0,25,1.78,Pape Souaré,Defender,34,1,1165,6,1,25,32
2255,1,1,30,1.86,Joel Ward,Defender,26,1,819,5,0,32,43
1,1,1,30,1.91,Martin Kelly,Defender,1,0,3,0,0,0,1
1110,1,0,28,1.91,Martin Kelly,Defender,13,0,357,2,0,6,21
1194,0,0,27,1.91,Martin Kelly,Defender,15,0,343,1,0,8,19
2128,0,0,26,1.91,Martin Kelly,Defender,29,2,626,4,0,19,46
1042,0,0,25,1.91,Martin Kelly,Defender,13,0,379,3,0,11,32
90,0,1,31,1.87,Mile Jedinak,Midfielder,1,0,68,0,0,4,6
1531,1,0,30,1.87,Mile Jedinak,Midfielder,27,0,830,6,0,36,50
0,0,0,20,0,Connor Dymond,Midfielder,0,0,0,0,0,0,0
2387,1,1,31,1.73,Yohan Cabaye,Midfielder,31,1,1293,7,0,35,70
2131,1,0,30,1.73,Yohan Cabaye,Midfielder,32,3,984,7,0,31,60
2701,0,1,29,1.73,Yohan Cabaye,Midfielder,33,1,1269,7,0,38,107
1471,0,1,32,1.78,James McArthur,Midfielder,18,2,772,3,0,32,57
3104,1,0,31,1.78,James McArthur,Midfielder,37,3,1428,6,0,57,88
3072,0,0,30,1.78,James McArthur,Midfielder,38,6,1400,7,0,61,84
2434,0,1,29,1.78,James McArthur,Midfielder,33,1,1070,5,0,45,58
2009,1,1,28,1.78,James McArthur,Midfielder,29,3,854,5,0,41,59
2192,1,0,27,1.78,James McArthur,Midfielder,28,2,1058,5,0,41,55
383,0,1,32,1.73,Jason Puncheon,Midfielder,11,0,212,1,0,12,8
8,0,1,32,1.73,Jason Puncheon,Midfielder,11,0,212,1,0,12,8
570,1,0,31,1.73,Jason Puncheon,Midfielder,10,0,238,5,0,14,13
3096,0,1,30,1.73,Jason Puncheon,Midfielder,36,5,1468,9,0,62,74
2624,1,0,29,1.73,Jason Puncheon,Midfielder,31,3,1240,3,0,34,54
0,1,0,25,1.84,Jordon Mutch,Midfielder,0,0,0,0,0,0,0
49,0,0,24,1.84,Jordon Mutch,Midfielder,4,0,41,0,0,0,2
793,0,1,23,1.84,Jordon Mutch,Midfielder,20,0,307,0,0,11,18
1160,0,1,29,1.83,Joe Ledley,Midfielder,18,0,563,1,0,7,25
979,1,0,28,1.83,Joe Ledley,Midfielder,19,0,399,1,0,12,16
0,0,0,19,1.8,Jake Gray,Midfielder,0,0,0,0,0,0,0
0,0,0,19,1.84,Luke Dreher,Midfielder,1,0,3,0,0,0,0
0,0,0,17,1.84,Luke Dreher,Midfielder,0,0,0,0,0,0,0
0,0,0,16,1.84,Luke Dreher,Midfielder,0,0,0,0,0,0,0
0,0,0,20,1.82,Hiram Boateng,Midfielder,0,0,0,0,0,0,0
18,0,0,19,1.82,Hiram Boateng,Midfielder,1,0,4,0,0,2,0
10,0,0,21,1.68,Jonathan Williams,Midfielder,1,0,5,0,0,0,0
854,0,1,28,1.85,Yannick Bolasie,Forward,16,0,210,0,0,12,8
1028,1,1,27,1.85,Yannick Bolasie,Forward,14,4,291,3,0,24,18
24,1,1,27,1.85,Yannick Bolasie,Forward,14,4,291,3,0,24,18
2076,1,0,26,1.85,Yannick Bolasie,Forward,26,3,506,2,0,25,26
2613,1,1,27,1.8,Wilfried Zaha,Forward,30,2,734,6,0,32,26
3280,1,1,26,1.8,Wilfried Zaha,Forward,38,3,1094,5,0,48,43
3043,1,1,25,1.8,Wilfried Zaha,Forward,34,5,1006,8,1,44,39
2550,1,0,24,1.8,Wilfried Zaha,Forward,29,3,623,5,0,45,30
3025,0,0,23,1.8,Wilfried Zaha,Forward,35,9,696,8,0,55,76
2492,0,0,22,1.8,Wilfried Zaha,Forward,34,1,554,5,0,40,46
25,1,1,30,1.83,Bakary Sako,Midfielder,4,0,10,0,0,1,2
468,1,1,29,1.83,Bakary Sako,Midfielder,16,0,131,0,0,8,7
135,1,1,28,1.83,Bakary Sako,Midfielder,7,0,42,0,0,2,6
1066,1,0,27,1.83,Bakary Sako,Midfielder,20,1,336,1,0,13,18
0,0,0,22,1.82,Sullay Kaikai,Midfielder,0,0,0,0,0,0,0
13,0,0,21,1.82,Sullay Kaikai,Midfielder,1,0,6,0,0,0,1
23,0,0,20,1.82,Sullay Kaikai,Midfielder,1,0,10,0,0,0,1
44,0,0,19,1.82,Sullay Kaikai,Midfielder,1,0,13,0,0,1,2
0,0,1,27,1.89,Connor Wickham,Forward,0,0,0,0,0,0,0
90,1,1,26,1.89,Connor Wickham,Forward,6,1,46,0,0,4,1
60,1,1,25,1.89,Connor Wickham,Forward,6,1,11,0,0,3,0
410,1,1,23,1.89,Connor Wickham,Forward,8,0,98,1,0,12,4
1324,1,1,22,1.89,Connor Wickham,Forward,21,3,387,1,0,32,13
786,0,1,35,1.86,Glenn Murray,Forward,23,1,167,0,0,15,5
2514,1,1,34,1.86,Glenn Murray,Forward,38,1,606,5,0,80,17
2198,1,0,33,1.86,Glenn Murray,Forward,35,0,664,9,0,60,18
668,0,0,31,1.86,Glenn Murray,Forward,21,0,203,2,0,26,7
127,0,0,31,1.86,Glenn Murray,Forward,21,0,203,2,0,26,7
503,1,1,30,1.74,Dwight Gayle,Forward,18,1,108,0,0,6,2
847,1,0,29,1.74,Dwight Gayle,Forward,20,2,145,2,0,6,12
1958,0,1,27,1.74,Dwight Gayle,Forward,35,3,433,3,0,23,12
767,1,0,25,1.74,Dwight Gayle,Forward,16,0,144,1,1,20,11
616,0,0,31,1.92,Emmanuel Adebayor,Forward,12,1,230,1,0,10,2
250,0,1,31,1.88,Marouane Chamakh,Forward,10,0,93,1,0,7,7
900,0,0,31,1.93,Brad Guzan,Goalkeeper,10,0,297,0,0,1,0
2520,0,0,30,1.93,Brad Guzan,Goalkeeper,28,0,721,2,0,0,0
900,0,0,30,1.83,Mark Bunn,Goalkeeper,10,0,241,2,0,1,0
0,0,1,27,1.83,Jed Steer,Goalkeeper,0,0,0,0,0,0,0
8,1,0,26,1.83,Jed Steer,Goalkeeper,1,0,2,0,0,0,0
1080,0,0,22,1.83,Jores Okore,Defender,12,0,330,1,0,8,37
1893,1,1,30,1.85,Ciaran Clark,Defender,22,0,790,3,0,16,24
857,1,1,28,1.85,Ciaran Clark,Defender,11,0,304,1,0,6,20
1745,1,0,27,1.85,Ciaran Clark,Defender,20,1,699,3,0,17,25
1440,0,1,25,1.85,Ciaran Clark,Defender,18,0,559,6,0,14,24
0,0,1,24,1.89,Nathan Baker,Defender,0,0,0,0,0,0,0
123,0,0,33,1.91,Joleon Lescott,Defender,2,0,34,0,0,2,0
2630,0,0,32,1.91,Joleon Lescott,Defender,32,0,1061,2,0,16,35
180,0,0,32,1.91,Joleon Lescott,Defender,32,0,1061,2,0,16,35
1603,0,1,27,1.86,Aly Cissokho,Defender,18,0,647,3,1,13,26
90,1,1,28,1.85,José Crespo,Defender,1,0,27,0,0,1,0
314,0,0,19,1.8,Kevin Toner,Defender,4,1,97,0,0,2,10
836,1,0,21,1.76,Jordan Amavi,Defender,10,2,368,2,0,18,36
2641,1,0,28,1.78,Joe Bennett,Defender,30,1,694,5,0,20,50
0,0,0,25,1.78,Joe Bennett,Defender,0,0,0,0,0,0,0
0,0,0,25,1.78,Joe Bennett,Defender,0,0,0,0,0,0,0
723,0,1,30,1.77,Kieran Richardson,Defender,11,1,269,4,0,18,18
2045,1,1,27,1.8,Micah Richards,Defender,24,1,717,3,0,16,42
2330,0,1,30,1.85,Alan Hutton,Defender,28,1,843,6,1,28,55
0,0,0,18,1.8,Niall Mason,Defender,0,0,0,0,0,0,0
3411,1,1,30,1.74,Ashley Westwood,Midfielder,38,3,2044,7,0,35,23
3150,1,0,29,1.74,Ashley Westwood,Midfielder,35,6,1741,9,0,33,54
2822,0,0,28,1.74,Ashley Westwood,Midfielder,34,7,1419,5,0,30,59
1106,0,0,27,1.74,Ashley Westwood,Midfielder,19,1,599,2,0,13,13
550,0,0,26,1.74,Ashley Westwood,Midfielder,9,0,257,3,0,8,7
2719,0,1,25,1.74,Ashley Westwood,Midfielder,32,2,1512,6,0,30,62
2825,1,0,28,1.74,Idrissa Gueye,Midfielder,33,2,1739,6,0,54,142
2757,0,0,27,1.74,Idrissa Gueye,Midfielder,33,1,1566,6,1,50,117
2686,0,0,26,1.74,Idrissa Gueye,Midfielder,33,1,1885,11,0,51,135
3075,0,0,25,1.74,Idrissa Gueye,Midfielder,35,1,1869,10,0,68,144
1824,0,0,22,1.77,Jordan Veretout,Midfielder,25,5,991,4,0,19,32
554,0,0,26,1.8,Leandro Bacuna,Midfielder,11,0,145,2,0,13,15
2419,0,0,23,1.8,Leandro Bacuna,Midfielder,31,0,1133,8,0,36,48
152,0,0,19,1.83,Jordan Lyden,Midfielder,4,0,67,0,0,1,2
1440,0,1,22,1.71,Carles Gil,Midfielder,23,0,730,3,0,3,22
0,0,1,33,1.76,Joe Cole,Midfielder,0,0,0,0,0,0,0
2185,1,1,24,1.8,Jack Grealish,Midfielder,26,10,996,6,0,40,31
3234,1,1,23,1.8,Jack Grealish,Midfielder,36,6,1371,8,0,34,29
831,1,0,19,1.8,Jack Grealish,Midfielder,16,0,316,1,0,6,6
1595,0,1,26,1.77,Scott Sinclair,Forward,27,0,345,0,0,5,13
676,1,1,24,1.78,Callum Robinson,Forward,16,1,138,1,0,11,6
57,0,0,17,1.8,Andre Green,Midfielder,2,0,23,0,0,0,2
2604,1,1,23,1.78,Adama Traoré,Forward,37,9,713,1,0,39,33
186,1,0,19,1.78,Adama Traoré,Forward,10,1,30,1,0,4,1
41,0,0,29,1.71,Charles N'Zogbia,Midfielder,2,0,9,0,0,1,1
2097,0,0,28,1.82,Jordan Ayew,Forward,33,3,633,4,0,45,38
3162,0,0,27,1.82,Jordan Ayew,Forward,37,2,814,6,0,59,48
1186,0,0,26,1.82,Jordan Ayew,Forward,20,2,265,3,0,31,38
2859,0,0,25,1.82,Jordan Ayew,Forward,36,2,835,2,1,63,82
864,0,0,24,1.82,Jordan Ayew,Forward,14,3,240,1,0,18,14
2353,0,0,23,1.82,Jordan Ayew,Forward,30,0,800,6,1,48,40
524,0,0,27,1.93,Rudy Gestede,Forward,16,0,218,3,0,8,6
1655,0,0,26,1.93,Rudy Gestede,Forward,32,2,597,2,0,24,11
1035,1,1,28,1.83,Gabriel Agbonlahor,Forward,15,2,223,0,0,21,6
263,1,1,22,1.89,Keinan Davis,Forward,15,1,73,0,0,4,2
538,1,0,21,1.89,Keinan Davis,Forward,18,0,136,0,0,12,1
0,0,0,17,1.89,Keinan Davis,Forward,0,0,0,0,0,0,0
90,0,0,33,1.92,John Ruddy,Goalkeeper,2,0,14,0,0,0,0
0,0,0,32,1.92,John Ruddy,Goalkeeper,0,0,0,0,0,0,0
90,0,0,31,1.92,John Ruddy,Goalkeeper,1,0,19,0,0,0,0
2430,0,0,28,1.92,John Ruddy,Goalkeeper,27,0,772,0,0,0,0
990,0,0,24,1.91,Declan Rudd,Goalkeeper,11,0,295,2,0,2,0
585,1,0,31,1.95,Timm Klose,Defender,7,0,393,0,0,8,8
850,1,1,27,1.95,Timm Klose,Defender,10,0,257,3,0,6,14
2698,0,0,29,1.83,Russell Martin,Defender,30,0,1118,4,1,32,41
329,1,0,29,1.88,Ryan Bennett,Defender,16,0,433,2,0,7,9
604,1,0,29,1.88,Ryan Bennett,Defender,16,0,433,2,0,7,9
3154,1,0,29,1.78,Martin Olsson,Defender,36,1,1144,7,0,27,34
1253,0,0,28,1.78,Martin Olsson,Defender,15,0,496,2,0,12,10
1774,0,1,27,1.78,Martin Olsson,Defender,24,2,479,2,0,18,26
810,0,0,25,1.82,Ivo Pinto,Defender,10,0,306,0,0,9,17
660,0,0,31,1.85,Steven Whittaker,Defender,8,0,304,1,1,7,12
2351,1,0,33,1.81,Alexander Tettey,Midfielder,30,1,1293,5,0,21,23
1952,1,0,29,1.81,Alexander Tettey,Midfielder,23,0,1064,10,0,39,48
370,1,0,28,1.77,Youssouf Mulumbu,Midfielder,7,0,157,1,0,5,21
151,0,0,28,1.83,Bradley Johnson,Midfielder,4,0,67,0,0,4,5
275,0,1,26,1.85,Vadis Odjidja-Ofoe,Midfielder,10,2,135,2,0,5,9
1287,0,0,28,1.77,Graham Dorrans,Midfielder,21,1,724,2,0,15,23
1750,0,0,32,1.74,Gary O'Neil,Midfielder,27,0,943,7,1,40,41
0,0,1,27,1.78,Tony Andreu,Midfielder,0,0,0,0,0,0,0
1055,1,1,28,1.76,Robbie Brady,Midfielder,19,1,351,3,0,21,22
446,1,1,27,1.76,Robbie Brady,Midfielder,17,2,151,1,0,8,11
715,1,0,26,1.76,Robbie Brady,Midfielder,16,1,223,3,1,12,15
1279,0,0,25,1.76,Robbie Brady,Midfielder,15,2,454,3,0,20,32
716,0,0,24,1.76,Robbie Brady,Midfielder,14,2,222,1,0,8,21
2987,0,0,23,1.76,Robbie Brady,Midfielder,36,2,1138,3,0,41,101
2004,0,0,33,1.68,Wes Hoolahan,Midfielder,30,8,1113,1,0,19,27
2105,1,1,23,1.75,James Maddison,Midfielder,31,5,1020,4,0,19,32
2628,1,1,22,1.75,James Maddison,Midfielder,31,3,1473,4,0,36,59
2849,1,0,21,1.75,James Maddison,Midfielder,36,7,1404,3,1,25,48
1730,1,1,26,1.73,Nathan Redmond,Midfielder,29,3,697,1,0,31,30
2769,1,0,25,1.73,Nathan Redmond,Midfielder,32,4,1021,2,0,23,49
3276,0,0,24,1.73,Nathan Redmond,Midfielder,38,4,1125,3,0,29,45
1945,0,0,23,1.73,Nathan Redmond,Midfielder,31,3,799,3,0,19,32
2905,0,0,22,1.73,Nathan Redmond,Midfielder,37,1,1136,2,1,38,39
2335,0,0,21,1.73,Nathan Redmond,Midfielder,35,3,974,0,0,29,31
1621,0,0,25,1.73,Jacob Murphy,Midfielder,26,3,458,3,0,23,39
57,0,0,28,1.83,Lewis Grabban,Forward,3,1,19,0,0,0,1
568,0,0,27,1.83,Lewis Grabban,Forward,21,0,309,2,0,9,11
249,0,0,27,1.83,Lewis Grabban,Forward,21,0,309,2,0,9,11
11,1,0,27,1.77,Gary Hooper,Forward,2,0,5,0,0,0,0
1776,0,0,28,1.85,Cameron Jerome,Forward,34,2,405,2,0,36,11
0,0,0,26,1.86,Ricky van Wolfswinkel,Forward,0,0,0,0,0,0,0
13,1,0,27,1.93,Kyle Lafferty,Forward,1,0,4,0,0,0,0
3420,0,0,36,1.93,Ben Foster,Goalkeeper,38,0,1089,1,0,2,0
3420,0,0,35,1.93,Ben Foster,Goalkeeper,38,0,1151,1,0,2,0
3330,0,0,34,1.93,Ben Foster,Goalkeeper,37,0,1079,2,0,1,0
3420,0,0,33,1.93,Ben Foster,Goalkeeper,38,0,1119,2,0,0,0
1350,0,1,32,1.93,Ben Foster,Goalkeeper,15,0,369,1,0,0,0
90,0,1,34,1.91,Boaz Myhill,Goalkeeper,1,0,19,1,0,1,0
0,1,0,33,1.91,Boaz Myhill,Goalkeeper,0,0,0,0,0,0,0
2070,0,0,32,1.91,Boaz Myhill,Goalkeeper,23,0,604,2,0,0,0
0,0,0,33,1.93,Anders Lindegaard,Goalkeeper,0,0,0,0,0,0,0
0,0,0,31,1.93,Anders Lindegaard,Goalkeeper,0,0,0,0,0,0,0
2476,1,1,32,1.88,Jonny Evans,Defender,28,2,1850,7,0,18,25
3386,1,1,31,1.88,Jonny Evans,Defender,38,1,2491,8,1,35,48
1995,1,1,30,1.88,Jonny Evans,Defender,24,0,1029,2,0,21,24
2272,1,1,29,1.88,Jonny Evans,Defender,28,2,961,7,0,26,29
2638,1,0,28,1.88,Jonny Evans,Defender,31,1,942,8,0,31,42
0,1,1,30,1.77,James Chester,Defender,0,0,0,0,0,0,0
961,0,1,26,1.77,James Chester,Defender,13,0,327,5,0,11,32
1926,0,0,30,1.88,Craig Dawson,Defender,22,0,764,3,1,14,11
2359,0,0,29,1.88,Craig Dawson,Defender,29,0,937,6,0,31,29
2509,1,0,27,1.88,Craig Dawson,Defender,28,0,906,6,0,35,38
3385,0,0,25,1.88,Craig Dawson,Defender,38,0,1115,3,0,28,59
456,0,1,37,1.91,Gareth McAuley,Defender,9,0,125,0,0,2,8
3143,1,0,36,1.91,Gareth McAuley,Defender,36,1,742,5,0,27,50
3060,0,0,35,1.91,Gareth McAuley,Defender,34,0,849,4,1,32,45
35,0,0,28,1.81,Sébastien Pocognoli,Defender,1,1,19,0,0,0,0
27,1,0,25,1.75,Cristian Gamboa,Defender,1,0,12,1,0,1,2
377,0,1,26,1.87,Sandro,Midfielder,12,0,138,0,0,5,10
898,0,0,30,1.82,Claudio Yacob,Midfielder,16,0,374,5,0,25,36
2422,0,0,29,1.82,Claudio Yacob,Midfielder,33,0,933,9,0,39,94
2851,0,0,28,1.82,Claudio Yacob,Midfielder,34,1,1092,8,0,62,108
206,1,0,31,1.83,James Morrison,Midfielder,4,0,88,0,0,0,2
1733,0,1,30,1.83,James Morrison,Midfielder,31,2,764,3,0,19,26
1342,1,0,29,1.83,James Morrison,Midfielder,18,3,593,3,0,7,26
1922,0,1,32,1.87,Chris Brunt,Midfielder,26,7,882,5,0,15,41
2477,1,0,31,1.87,Chris Brunt,Midfielder,31,4,910,5,0,17,36
1802,0,0,30,1.87,Chris Brunt,Midfielder,22,3,621,7,0,18,28
213,0,0,29,1.76,Craig Gardner,Midfielder,9,1,61,1,0,8,4
2034,0,0,28,1.76,Craig Gardner,Midfielder,34,3,616,5,0,38,51
2222,0,0,33,1.84,Darren Fletcher,Midfielder,27,1,1048,0,0,14,47
59,1,1,22,1.91,Sam Field,Midfielder,3,0,24,0,0,2,5
539,0,0,19,1.91,Sam Field,Midfielder,10,0,166,3,0,11,14
274,0,0,18,1.91,Sam Field,Midfielder,8,0,105,2,0,5,5
4,0,0,17,1.91,Sam Field,Midfielder,1,0,2,0,0,0,0
1395,0,0,28,1.8,James McClean,Midfielder,30,0,359,7,0,35,40
1464,0,0,27,1.8,James McClean,Midfielder,34,2,350,9,0,31,55
2413,0,0,26,1.8,James McClean,Midfielder,35,2,598,7,1,36,70
114,0,0,22,1.78,Kyle Edwards,Midfielder,5,0,34,0,0,1,3
274,1,1,24,1.74,Callum McManaman,Midfielder,12,1,77,2,0,2,6
0,0,0,18,1.82,Jonathan Leko,Midfielder,0,0,0,0,0,0,0
110,0,0,17,1.82,Jonathan Leko,Midfielder,9,1,16,0,0,0,0
271,0,0,16,1.82,Jonathan Leko,Midfielder,5,1,49,0,0,7,9
484,0,1,23,1.79,Saido Berahino,Forward,15,1,95,0,0,6,2
721,1,0,22,1.79,Saido Berahino,Forward,17,0,168,1,0,20,9
245,1,0,22,1.79,Saido Berahino,Forward,17,0,168,1,0,20,9
1740,0,0,21,1.79,Saido Berahino,Forward,31,0,457,0,0,18,18
2608,0,0,28,1.86,Salomón Rondón,Forward,32,7,735,1,0,22,8
2773,0,0,27,1.86,Salomón Rondón,Forward,36,3,833,4,0,42,14
2896,0,0,26,1.86,Salomón Rondón,Forward,38,2,722,2,0,41,18
2565,0,0,25,1.86,Salomón Rondón,Forward,34,2,630,1,1,35,9
0,0,1,26,1.81,Brown Ideye,Forward,0,0,0,0,0,0,0
12,0,0,34,1.87,Rickie Lambert,Forward,1,0,10,0,0,1,0
615,0,0,33,1.87,Rickie Lambert,Forward,19,1,272,2,0,6,0
1216,1,0,28,1.9,Victor Anichebe,Forward,18,0,366,2,0,27,9
364,0,0,27,1.9,Victor Anichebe,Forward,10,0,108,0,0,2,2
810,1,0,28,1.89,Vito Mannone,Goalkeeper,9,0,244,0,0,0,0
1710,0,0,27,1.89,Vito Mannone,Goalkeeper,19,0,559,2,0,0,0
2743,1,0,26,1.85,Jordan Pickford,Goalkeeper,31,0,998,1,0,1,0
3420,0,0,25,1.85,Jordan Pickford,Goalkeeper,38,0,1184,2,0,1,0
3420,0,0,24,1.85,Jordan Pickford,Goalkeeper,38,0,1118,1,0,1,0
3420,0,1,23,1.85,Jordan Pickford,Goalkeeper,38,0,1162,0,0,1,0
2610,1,0,22,1.85,Jordan Pickford,Goalkeeper,29,0,954,0,0,0,0
180,0,0,21,1.85,Jordan Pickford,Goalkeeper,2,0,70,0,0,0,0
0,0,0,20,1.88,Max Stryjek,Goalkeeper,0,0,0,0,0,0,0
1230,1,1,24,1.96,Sebastián Coates,Defender,16,1,379,4,0,17,45
436,1,0,25,1.95,Jan Kirchhoff,Midfielder,7,0,199,1,0,8,14
1084,0,1,24,1.95,Jan Kirchhoff,Midfielder,15,0,553,0,0,20,51
2160,1,0,35,1.92,John O'Shea,Defender,28,1,686,5,0,17,29
2007,0,1,34,1.92,John O'Shea,Defender,28,0,590,2,0,19,32
1775,1,1,29,1.76,Patrick van Aanholt,Defender,22,1,952,2,0,11,35
2511,1,0,28,1.76,Patrick van Aanholt,Defender,29,2,1216,0,0,9,43
3198,0,1,27,1.76,Patrick van Aanholt,Defender,36,2,1610,3,0,12,48
2184,1,1,26,1.76,Patrick van Aanholt,Defender,28,1,882,7,0,18,47
714,1,0,25,1.76,Patrick van Aanholt,Defender,32,1,1001,3,0,15,43
1783,1,0,25,1.76,Patrick van Aanholt,Defender,32,1,1001,3,0,15,43
2970,0,1,24,1.76,Patrick van Aanholt,Defender,33,3,1067,2,0,16,85
36,1,1,23,1.78,Adam Matthews,Defender,1,0,13,0,0,0,2
0,0,0,18,1.8,Josh Robson,Defender,0,0,0,0,0,0,0
15,0,0,28,1.88,Jack Rodwell,Midfielder,1,0,2,0,0,0,0
1493,1,0,25,1.88,Jack Rodwell,Midfielder,20,1,570,4,0,23,38
1157,0,0,24,1.88,Jack Rodwell,Midfielder,22,0,446,5,0,17,25
3189,0,0,25,1.83,Yann M'Vila,Midfielder,37,4,1679,1,0,18,99
640,1,1,28,1.78,Lee Cattermole,Midfielder,8,0,281,4,0,14,13
2216,1,0,27,1.78,Lee Cattermole,Midfielder,31,0,929,8,0,40,57
0,0,0,26,1.75,Liam Bridcutt,Midfielder,0,0,0,0,0,0,0
0,1,0,19,1.86,Tom Beadling,Midfielder,0,0,0,0,0,0,0
354,0,1,30,1.78,Jordi Gómez,Midfielder,6,0,156,0,0,4,9
1470,1,0,31,1.78,Sebastian Larsson,Midfielder,21,1,642,4,1,30,37
546,0,0,30,1.78,Sebastian Larsson,Midfielder,18,1,236,2,0,9,12
0,1,1,30,1.67,Emanuele Giaccherini,Midfielder,0,0,0,0,0,0,0
662,0,0,29,1.89,Ola Toivonen,Forward,12,2,254,1,0,9,10
233,0,0,21,1.73,George Honeyman,Midfielder,5,0,108,1,0,4,9
38,0,0,20,1.73,George Honeyman,Midfielder,1,0,5,0,0,0,0
52,0,0,18,1.76,Rees Greenwood,Midfielder,1,0,23,0,0,1,1
1741,1,1,25,1.8,Fabio Borini,Forward,24,0,503,5,0,27,20
1898,1,0,24,1.8,Fabio Borini,Forward,26,2,550,6,0,31,24
67,1,0,28,1.78,Jeremain Lens,Midfielder,2,0,20,0,0,1,2
1294,0,0,27,1.78,Jeremain Lens,Midfielder,20,3,385,3,1,27,36
1029,1,1,22,1.75,Duncan Watmore,Forward,14,2,192,1,0,10,13
906,1,0,21,1.75,Duncan Watmore,Forward,23,1,156,0,0,5,7
362,1,1,20,1.73,Lynden Gooch,Midfielder,11,0,99,3,0,9,12
0,1,0,19,1.73,Lynden Gooch,Midfielder,0,0,0,0,0,0,0
838,0,0,25,1.76,Wahbi Khazri,Midfielder,21,0,318,6,0,20,10
1076,0,0,24,1.76,Wahbi Khazri,Midfielder,14,1,327,3,0,18,27
21,0,1,35,1.71,Jermain Defoe,Forward,4,0,3,0,0,0,0
1083,1,0,34,1.71,Jermain Defoe,Forward,24,1,131,1,0,12,12
3323,0,0,33,1.71,Jermain Defoe,Forward,37,2,456,1,0,24,20
2551,0,0,32,1.71,Jermain Defoe,Forward,33,1,425,3,0,17,17
566,0,0,30,1.86,Dame N'Doye,Forward,11,0,187,2,0,20,12
1013,0,1,28,1.85,Steven Fletcher,Forward,16,0,290,0,0,19,11
357,0,0,29,1.83,Danny Graham,Forward,10,0,88,0,0,8,1
0,0,0,20,1.91,Mikael Mandron,Forward,0,0,0,0,0,0,0
0,0,0,39,1.93,Artur Boruc,Goalkeeper,0,0,0,0,0,0,0
1080,0,0,38,1.93,Artur Boruc,Goalkeeper,12,0,286,2,0,0,0
0,0,1,37,1.93,Artur Boruc,Goalkeeper,0,0,0,0,0,0,0
3150,1,0,36,1.93,Artur Boruc,Goalkeeper,35,0,888,2,0,0,0
2880,0,0,35,1.93,Artur Boruc,Goalkeeper,32,0,743,2,0,1,0
180,1,1,31,1.88,Adam Federici,Goalkeeper,2,0,54,1,0,0,0
495,1,0,30,1.88,Adam Federici,Goalkeeper,6,0,108,0,0,0,0
90,0,0,24,1.89,Ryan Allsop,Goalkeeper,1,0,26,0,0,0,0
44,0,0,23,1.89,Ryan Allsop,Goalkeeper,1,0,8,0,0,0,0
0,0,0,18,1.88,Jordan Holmes,Goalkeeper,0,0,0,0,0,0,0
3195,0,1,27,1.96,Tyrone Mings,Defender,36,2,1679,4,1,21,32
2903,1,0,26,1.96,Tyrone Mings,Defender,33,2,1384,7,0,20,15
140,0,1,25,1.96,Tyrone Mings,Defender,5,0,87,0,0,0,4
201,1,0,24,1.96,Tyrone Mings,Defender,4,0,113,1,0,2,1
505,0,1,23,1.96,Tyrone Mings,Defender,7,0,303,0,0,7,10
11,1,0,22,1.96,Tyrone Mings,Defender,1,0,3,0,0,0,0
2430,1,1,28,1.85,Steve Cook,Defender,29,0,1271,6,1,16,22
2787,1,0,27,1.85,Steve Cook,Defender,31,1,1501,3,0,18,36
2766,0,0,26,1.85,Steve Cook,Defender,34,1,1321,5,0,22,37
3420,0,0,25,1.85,Steve Cook,Defender,38,0,1716,5,0,16,46
3195,0,0,24,1.85,Steve Cook,Defender,36,0,1577,5,0,16,33
1012,1,0,27,1.88,Tommy Elphick,Defender,12,0,457,1,0,10,11
840,0,0,37,1.92,Sylvain Distin,Defender,12,0,450,0,0,3,19
12,0,1,21,1.89,Baily Cargill,Defender,1,0,1,0,0,0,1
0,1,0,20,1.89,Baily Cargill,Defender,0,0,0,0,0,0,0
238,0,0,22,1.9,Jack Simpson,Defender,4,0,93,0,0,1,5
403,0,0,21,1.9,Jack Simpson,Defender,6,0,236,0,0,3,9
72,0,0,20,1.9,Jack Simpson,Defender,1,0,5,0,0,0,1
0,0,0,16,1.88,Corey Jordan,Defender,0,0,0,0,0,0,0
1351,1,1,30,1.73,Matt Ritchie,Midfielder,18,2,437,2,0,12,10
1314,1,1,29,1.73,Matt Ritchie,Midfielder,18,1,526,4,0,26,22
2940,1,1,28,1.73,Matt Ritchie,Midfielder,36,8,1100,9,0,55,70
2812,1,0,27,1.73,Matt Ritchie,Midfielder,35,5,1046,6,0,37,46
2976,0,0,25,1.73,Matt Ritchie,Midfielder,37,6,1429,5,0,41,54
127,0,1,32,1.78,Charlie Daniels,Defender,2,0,37,0,0,0,1
1583,1,0,31,1.78,Charlie Daniels,Defender,21,0,840,4,0,7,25
3004,0,1,30,1.78,Charlie Daniels,Defender,35,3,1568,0,0,7,48
3060,1,1,29,1.78,Charlie Daniels,Defender,34,3,1616,1,0,12,58
3285,1,0,28,1.78,Charlie Daniels,Defender,37,5,1692,2,0,10,75
0,0,0,27,1.73,Rhoys Wiggins,Defender,0,0,0,0,0,0,0
965,1,1,34,1.91,Simon Francis,Defender,15,0,520,3,1,7,13
1226,1,1,33,1.91,Simon Francis,Defender,17,2,654,1,0,11,25
2706,1,1,32,1.91,Simon Francis,Defender,32,1,1606,8,1,24,49
2940,1,0,31,1.91,Simon Francis,Defender,34,1,1656,4,1,27,62
3387,0,0,30,1.91,Simon Francis,Defender,38,4,2106,5,1,35,105
2061,1,1,28,1.74,Adam Smith,Defender,24,1,841,7,0,25,47
2073,1,1,27,1.74,Adam Smith,Defender,25,1,872,5,1,18,46
2067,1,0,26,1.74,Adam Smith,Defender,27,3,912,6,0,23,49
3099,0,0,25,1.74,Adam Smith,Defender,36,5,1452,6,0,45,85
2095,0,0,24,1.74,Adam Smith,Defender,31,0,911,5,0,33,71
0,0,0,21,1.88,Matt Butcher,Midfielder,0,0,0,0,0,0,0
0,0,0,20,1.88,Matt Butcher,Midfielder,0,0,0,0,0,0,0
0,0,0,18,1.88,Matt Butcher,Midfielder,0,0,0,0,0,0,0
1260,1,1,29,1.8,Dan Gosling,Midfielder,24,1,520,3,0,21,26
1737,1,0,28,1.8,Dan Gosling,Midfielder,25,1,970,8,0,29,58
1941,0,0,27,1.8,Dan Gosling,Midfielder,28,1,1062,8,0,38,50
1356,0,0,26,1.8,Dan Gosling,Midfielder,27,0,825,6,0,25,50
2398,0,0,25,1.8,Dan Gosling,Midfielder,34,1,1194,6,0,31,73
233,1,1,32,1.78,Andrew Surman,Midfielder,5,0,127,1,0,1,4
1438,1,0,31,1.78,Andrew Surman,Midfielder,18,0,838,2,0,7,11
1852,0,1,30,1.78,Andrew Surman,Midfielder,25,5,1177,2,0,9,16
1802,1,0,29,1.78,Andrew Surman,Midfielder,22,1,1318,1,1,17,15
3420,0,0,28,1.78,Andrew Surman,Midfielder,38,3,2287,4,0,26,51
2008,1,0,28,1.77,Harry Arter,Midfielder,25,1,658,10,0,25,62
962,0,1,27,1.77,Harry Arter,Midfielder,13,0,586,4,0,9,19
2959,1,1,26,1.77,Harry Arter,Midfielder,35,4,2004,11,1,34,83
1671,1,0,25,1.77,Harry Arter,Midfielder,21,0,1034,7,0,23,57
749,0,0,25,1.68,Eunan O'Kane,Midfielder,16,1,379,2,0,6,9
28,0,0,27,1.83,Shaun MacDonald,Midfielder,3,0,18,0,0,0,0
55,0,1,22,1.73,Juan Iturbe,Forward,2,0,23,0,0,0,0
710,1,1,29,1.83,Junior Stanislas,Midfielder,15,0,261,1,0,5,10
1027,1,1,28,1.83,Junior Stanislas,Midfielder,23,3,496,1,0,6,12
1293,1,1,27,1.83,Junior Stanislas,Midfielder,19,2,489,1,0,6,16
1475,1,1,26,1.83,Junior Stanislas,Midfielder,21,5,615,1,0,8,14
1439,1,0,25,1.83,Junior Stanislas,Midfielder,21,2,662,1,0,11,29
739,1,0,27,1.65,Christian Atsu,Midfielder,19,3,198,2,0,11,10
1487,0,1,26,1.65,Christian Atsu,Midfielder,28,0,383,2,0,13,24
1782,1,0,25,1.65,Christian Atsu,Midfielder,28,2,448,1,0,10,17
0,0,1,31,1.8,Marc Pugh,Midfielder,0,0,0,0,0,0,0
981,1,1,30,1.8,Marc Pugh,Midfielder,20,0,469,2,0,7,7
1332,1,1,29,1.8,Marc Pugh,Midfielder,21,2,497,1,0,7,22
1333,1,0,28,1.8,Marc Pugh,Midfielder,26,2,501,1,0,10,32
926,1,0,26,1.63,Ryan Fraser,Midfielder,18,2,262,0,1,5,4
2062,0,1,25,1.63,Ryan Fraser,Midfielder,28,4,770,2,0,10,12
3173,1,0,24,1.63,Ryan Fraser,Midfielder,38,14,1195,2,0,6,19
2009,0,0,23,1.63,Ryan Fraser,Midfielder,26,3,816,0,0,6,11
1767,0,1,22,1.63,Ryan Fraser,Midfielder,28,5,670,3,0,18,15
289,0,0,26,1.8,Lee Tomlin,Forward,6,0,116,1,0,2,6
137,0,1,28,1.87,Joshua King,Forward,11,0,49,0,0,4,4
2020,1,1,27,1.87,Joshua King,Forward,26,4,499,0,0,37,16
2974,1,1,26,1.87,Joshua King,Forward,35,3,802,3,0,53,30
2456,1,1,25,1.87,Joshua King,Forward,33,3,689,3,0,45,36
2720,1,0,24,1.87,Joshua King,Forward,36,2,715,1,0,58,49
1922,0,0,23,1.87,Joshua King,Forward,31,2,444,1,0,37,29
532,1,0,24,1.83,Benik Afobe,Forward,17,0,152,0,0,9,4
1451,0,1,23,1.83,Benik Afobe,Forward,31,3,297,1,0,21,9
938,1,0,22,1.83,Benik Afobe,Forward,15,0,224,0,0,15,5
2897,1,1,27,1.8,Callum Wilson,Forward,35,1,510,10,0,55,12
2535,1,0,26,1.8,Callum Wilson,Forward,30,9,440,3,0,41,9
1366,1,1,24,1.8,Callum Wilson,Forward,20,0,191,0,0,30,6
770,1,0,23,1.8,Callum Wilson,Forward,13,0,131,0,0,12,5
38,1,0,24,1.72,Tokelo Rantie,Forward,3,0,11,0,0,3,3
167,0,0,33,1.84,Yann Kermorgant,Forward,7,0,59,0,0,0,0
23,0,0,21,1.9,Sam Surridge,Forward,4,0,9,0,0,2,0
11,0,0,20,1.9,Sam Surridge,Forward,2,0,5,0,0,0,1
0,0,0,18,1.9,Sam Surridge,Forward,0,0,0,0,0,0,0
0,0,0,34,1.88,Eduardo,Goalkeeper,0,0,0,0,0,0,0
0,0,0,33,1.88,Eduardo,Goalkeeper,0,0,0,0,0,0,0
1396,1,0,33,1.89,David Luiz,Defender,20,0,998,1,1,15,12
2811,0,0,32,1.89,David Luiz,Defender,33,1,1799,5,2,30,28
3239,0,1,31,1.89,David Luiz,Defender,36,2,2620,3,0,34,41
839,1,0,30,1.89,David Luiz,Defender,10,0,492,4,1,12,18
2956,0,1,29,1.89,David Luiz,Defender,33,0,1570,6,0,29,42
1371,1,1,24,1.88,Andreas Christensen,Defender,17,0,1141,2,1,9,11
1752,1,1,23,1.88,Andreas Christensen,Defender,21,0,1307,5,0,17,38
615,1,1,22,1.88,Andreas Christensen,Defender,8,0,458,1,0,8,10
2071,1,1,21,1.88,Andreas Christensen,Defender,27,0,1349,0,0,8,26
959,0,0,29,1.89,Marcos Alonso,Defender,13,0,508,2,0,13,13
1430,0,1,28,1.89,Marcos Alonso,Defender,18,2,908,4,0,16,28
2761,1,0,27,1.89,Marcos Alonso,Defender,31,4,1881,6,0,28,74
2860,0,0,26,1.89,Marcos Alonso,Defender,33,2,1347,6,0,26,51
2694,0,1,25,1.89,Marcos Alonso,Defender,31,3,1250,2,0,25,56
448,0,1,22,1.85,Nathaniel Chalobah,Midfielder,6,0,182,1,0,3,9
159,1,0,21,1.85,Nathaniel Chalobah,Midfielder,10,1,103,2,0,2,5
722,0,0,26,1.85,Michy Batshuayi,Forward,18,1,167,0,0,12,5
224,0,0,25,1.85,Michy Batshuayi,Forward,16,1,78,0,0,4,4
756,0,1,24,1.85,Michy Batshuayi,Forward,11,0,163,0,0,7,2
353,1,0,23,1.85,Michy Batshuayi,Forward,12,1,96,0,0,4,5
235,0,0,22,1.85,Michy Batshuayi,Forward,20,1,80,0,0,9,2
1643,0,1,21,1.86,Dominic Solanke,Forward,32,1,431,1,0,15,8
341,1,0,20,1.86,Dominic Solanke,Forward,10,1,99,0,0,2,8
581,0,0,19,1.86,Dominic Solanke,Forward,21,1,197,0,0,13,7
0,0,1,18,1.86,Dominic Solanke,Forward,0,0,0,0,0,0,0
346,0,1,36,1.84,Claudio Bravo,Goalkeeper,4,0,119,0,0,0,0
0,1,0,35,1.84,Claudio Bravo,Goalkeeper,0,0,0,0,0,0,0
225,0,1,34,1.84,Claudio Bravo,Goalkeeper,3,0,55,0,0,0,0
1969,1,1,33,1.84,Claudio Bravo,Goalkeeper,22,0,664,0,0,0,0
900,0,0,23,1.96,Angus Gunn,Goalkeeper,10,0,231,0,0,0,0
1080,0,0,22,1.96,Angus Gunn,Goalkeeper,12,0,289,0,0,0,0
0,0,0,20,1.96,Angus Gunn,Goalkeeper,0,0,0,0,0,0,0
900,1,1,26,1.93,Pablo Marí,Defender,10,0,629,2,0,8,15
114,1,0,25,1.93,Pablo Marí,Defender,2,0,100,0,0,2,2
1474,1,1,23,1.75,Oleksandr Zinchenko,Defender,20,0,1368,0,0,9,25
1272,1,1,22,1.75,Oleksandr Zinchenko,Defender,19,0,1210,0,1,13,31
1153,1,0,21,1.75,Oleksandr Zinchenko,Defender,14,3,1184,1,0,15,34
533,0,0,20,1.75,Oleksandr Zinchenko,Defender,8,0,672,1,0,7,23
2031,1,0,29,1.8,Ilkay Gündogan,Midfielder,28,2,1714,1,0,8,25
2015,0,1,28,1.8,Ilkay Gündogan,Midfielder,31,1,1953,7,0,16,27
2135,1,0,27,1.8,Ilkay Gündogan,Midfielder,31,3,1994,3,0,13,19
1508,0,1,26,1.8,Ilkay Gündogan,Midfielder,30,1,1402,3,0,14,27
710,1,1,25,1.8,Ilkay Gündogan,Midfielder,10,1,505,0,0,2,10
2089,0,1,28,1.74,Aaron Mooy,Midfielder,31,2,970,1,1,13,37
2327,1,1,27,1.74,Aaron Mooy,Midfielder,29,1,1278,4,0,26,62
3067,1,0,26,1.74,Aaron Mooy,Midfielder,36,3,1902,5,0,26,102
1612,0,0,20,1.71,Phil Foden,Midfielder,28,5,762,0,0,12,22
892,0,0,19,1.71,Phil Foden,Midfielder,23,2,494,0,0,12,14
327,0,1,18,1.71,Phil Foden,Midfielder,13,0,231,0,0,4,7
43,1,0,17,1.71,Phil Foden,Midfielder,5,1,44,0,0,1,1
49,0,0,17,1.71,Brahim Díaz,Forward,5,0,28,0,0,1,1
11,1,0,23,1.83,Leroy Sané,Midfielder,1,0,7,0,0,0,0
1867,0,1,22,1.83,Leroy Sané,Midfielder,31,10,847,1,0,9,24
2424,1,1,21,1.83,Leroy Sané,Midfielder,32,15,1091,4,0,24,27
1787,1,1,20,1.83,Leroy Sané,Midfielder,26,3,691,4,0,14,35
776,0,1,29,1.75,Nolito,Forward,19,2,391,3,1,18,14
2059,0,1,23,1.75,Gabriel Jesus,Forward,29,4,732,2,0,28,17
2026,1,1,22,1.75,Gabriel Jesus,Forward,34,7,609,3,0,27,17
1019,1,1,21,1.75,Gabriel Jesus,Forward,29,3,357,1,0,12,10
1671,1,1,20,1.75,Gabriel Jesus,Forward,29,3,591,6,0,28,23
651,1,0,19,1.75,Gabriel Jesus,Forward,10,4,242,2,0,11,5
0,0,0,21,1.89,Pau López,Goalkeeper,0,0,0,0,0,0,0
0,0,0,20,1.88,Alfie Whiteman,Goalkeeper,0,0,0,0,0,0,0
0,0,0,19,1.88,Alfie Whiteman,Goalkeeper,0,0,0,0,0,0,0
0,0,0,18,1.88,Alfie Whiteman,Goalkeeper,0,0,0,0,0,0,0
4,0,0,20,1.76,Filip Lesniak,Midfielder,1,1,6,0,0,1,1
2,0,0,21,1.79,Luke Amos,Midfielder,1,0,3,0,0,0,1
0,0,0,17,1.7,Samuel Shashoua,Midfielder,0,0,0,0,0,0,0
36,1,1,24,1.84,Vincent Janssen,Forward,3,0,9,0,0,2,2
0,1,1,23,1.84,Vincent Janssen,Forward,1,0,0,0,0,1,0
829,1,0,22,1.84,Vincent Janssen,Forward,27,2,225,0,0,31,15
43,1,1,28,1.84,Shkodran Mustafi,Defender,3,0,49,0,0,1,1
1205,1,1,27,1.84,Shkodran Mustafi,Defender,15,1,844,2,0,14,17
2615,1,1,26,1.84,Shkodran Mustafi,Defender,31,0,1765,9,0,42,62
2273,1,1,25,1.84,Shkodran Mustafi,Defender,27,1,1734,6,0,26,64
2275,1,1,24,1.84,Shkodran Mustafi,Defender,26,2,1564,11,0,35,54
2557,1,1,24,1.89,Rob Holding,Defender,30,1,1802,2,0,25,43
580,1,1,23,1.89,Rob Holding,Defender,8,0,351,1,0,4,4
807,1,0,22,1.89,Rob Holding,Defender,10,0,614,1,0,6,11
820,0,0,21,1.89,Rob Holding,Defender,12,0,603,3,0,9,19
810,0,0,20,1.89,Rob Holding,Defender,9,0,465,3,0,10,12
2526,0,1,27,1.86,Granit Xhaka,Midfielder,31,2,2189,7,1,39,50
2590,1,1,26,1.86,Granit Xhaka,Midfielder,31,2,1903,10,0,56,45
2501,1,1,25,1.86,Granit Xhaka,Midfielder,29,2,2245,10,0,45,52
3266,1,1,24,1.86,Granit Xhaka,Midfielder,38,7,3116,10,0,57,78
2486,1,1,23,1.86,Granit Xhaka,Midfielder,32,2,2298,5,2,37,77
1233,0,0,22,1.8,Ainsley Maitland-Niles,Midfielder,26,0,648,2,0,16,33
485,0,0,22,1.8,Ainsley Maitland-Niles,Midfielder,26,0,648,2,0,16,33
1382,0,1,21,1.8,Ainsley Maitland-Niles,Midfielder,20,2,840,4,1,15,41
985,1,0,20,1.8,Ainsley Maitland-Niles,Midfielder,16,1,451,1,1,8,33
907,0,0,19,1.8,Ainsley Maitland-Niles,Midfielder,15,0,536,1,0,10,25
1,0,0,18,1.8,Ainsley Maitland-Niles,Midfielder,1,0,4,0,0,0,1
465,1,1,29,1.8,Lucas Pérez,Forward,15,0,143,0,0,5,6
265,1,0,27,1.8,Lucas Pérez,Forward,11,0,116,0,0,2,3
0,0,0,20,1.91,Kieran O'Hara,Goalkeeper,0,0,0,0,0,0,0
915,1,1,26,1.87,Eric Bailly,Defender,12,0,562,3,0,10,5
147,1,1,25,1.87,Eric Bailly,Defender,4,0,78,0,0,2,0
637,1,1,24,1.87,Eric Bailly,Defender,12,0,302,0,1,5,15
999,1,0,23,1.87,Eric Bailly,Defender,13,0,426,2,0,10,17
2060,0,0,22,1.87,Eric Bailly,Defender,25,0,876,4,0,28,60
90,0,0,19,1.79,Demetri Mitchell,Defender,1,0,50,0,0,0,5
2125,1,1,23,1.91,Scott McTominay,Midfielder,32,1,1298,3,0,47,51
1771,1,1,22,1.91,Scott McTominay,Midfielder,27,1,1011,2,0,36,43
860,1,0,21,1.91,Scott McTominay,Midfielder,16,0,449,1,0,11,10
628,0,0,20,1.91,Scott McTominay,Midfielder,13,0,343,2,0,7,11
96,0,0,19,1.91,Scott McTominay,Midfielder,2,0,57,1,0,2,0
1896,1,1,27,1.91,Paul Pogba,Midfielder,26,3,1333,3,0,41,36
1204,1,1,26,1.91,Paul Pogba,Midfielder,16,3,1034,1,0,26,20
3011,1,1,25,1.91,Paul Pogba,Midfielder,35,9,2068,6,0,54,47
2151,1,1,24,1.91,Paul Pogba,Midfielder,27,10,1721,5,1,44,33
2609,1,1,23,1.91,Paul Pogba,Midfielder,30,4,2178,7,0,62,53
111,1,1,30,1.77,Henrikh Mkhitaryan,Midfielder,3,0,69,1,0,2,0
1642,1,1,29,1.77,Henrikh Mkhitaryan,Midfielder,25,4,796,1,0,27,28
796,1,1,28,1.77,Henrikh Mkhitaryan,Midfielder,26,9,980,2,0,23,33
930,1,1,28,1.77,Henrikh Mkhitaryan,Midfielder,26,9,980,2,0,23,33
1349,1,1,27,1.77,Henrikh Mkhitaryan,Midfielder,24,1,775,1,0,19,23
90,0,0,20,1.75,Josh Harrop,Midfielder,1,0,41,0,0,4,6
19,0,0,18,1.68,Angel Gomes,Midfielder,2,0,13,0,0,1,0
25,0,0,17,1.68,Angel Gomes,Midfielder,2,0,21,0,0,0,1
2,0,0,15,1.68,Angel Gomes,Midfielder,1,0,13,0,0,0,0
102,0,0,35,1.95,Zlatan Ibrahimovic,Forward,5,0,76,0,0,1,2
2437,0,0,34,1.95,Zlatan Ibrahimovic,Forward,28,5,1041,7,0,54,10
0,1,0,25,1.91,Loris Karius,Goalkeeper,0,0,0,0,0,0,0
1710,0,1,24,1.91,Loris Karius,Goalkeeper,19,0,521,1,0,2,0
900,1,0,23,1.91,Loris Karius,Goalkeeper,10,0,268,0,0,0,0
0,0,0,39,0,Alexander Manninger,Goalkeeper,0,0,0,0,0,0,0
691,1,1,28,1.95,Joel Matip,Defender,10,2,546,2,0,11,14
703,1,0,27,1.95,Joel Matip,Defender,9,0,553,0,0,7,13
1532,0,1,26,1.95,Joel Matip,Defender,22,0,1341,3,0,11,39
1994,1,1,25,1.95,Joel Matip,Defender,25,0,1655,3,0,19,35
2455,1,0,24,1.95,Joel Matip,Defender,29,0,1699,3,0,14,47
1448,0,1,31,1.87,Ragnar Klavan,Defender,19,0,1198,0,0,7,14
1405,1,1,30,1.87,Ragnar Klavan,Defender,20,0,938,3,0,15,25
3033,1,0,21,1.8,Trent Alexander-Arnold,Defender,36,7,2381,2,0,21,56
3176,0,1,20,1.8,Trent Alexander-Arnold,Defender,38,13,2440,5,0,22,55
2467,1,0,19,1.8,Trent Alexander-Arnold,Defender,29,12,1697,3,0,14,61
1576,0,0,18,1.8,Trent Alexander-Arnold,Defender,19,1,1007,3,0,12,37
162,0,0,17,1.8,Trent Alexander-Arnold,Defender,7,0,71,0,0,1,4
13,0,1,21,1.91,Marko Grujic,Midfielder,3,0,14,0,0,0,2
39,1,0,20,1.91,Marko Grujic,Midfielder,5,0,33,1,0,2,1
6,1,0,18,1.88,Ovie Ejaria,Midfielder,2,0,8,0,0,0,1
0,0,1,20,1.74,Ben Woodburn,Midfielder,0,0,0,0,0,0,0
6,0,0,17,1.74,Ben Woodburn,Forward,1,0,8,0,0,0,0
82,0,0,16,1.74,Ben Woodburn,Forward,5,0,32,0,0,2,4
44,1,0,24,1.75,Lazar Markovic,Forward,1,0,29,0,0,1,0
1012,1,1,22,1.75,Lazar Markovic,Forward,12,0,334,4,0,17,18
1122,1,1,20,1.8,Rhian Brewster,Forward,27,0,207,1,0,18,8
0,1,0,19,1.8,Rhian Brewster,Forward,0,0,0,0,0,0,0
0,0,0,16,1.8,Rhian Brewster,Forward,0,0,0,0,0,0,0
0,0,0,19,1.91,Mateusz Hewelt,Goalkeeper,0,0,0,0,0,0,0
2756,1,1,22,1.74,Ademola Lookman,Forward,34,4,1049,5,0,46,35
601,1,0,20,1.74,Ademola Lookman,Forward,21,2,253,0,0,8,15
152,0,0,19,1.74,Ademola Lookman,Forward,7,1,45,0,0,5,1
287,0,0,18,1.74,Ademola Lookman,Forward,8,0,94,0,0,4,5
2876,1,0,23,1.89,Dominic Calvert-Lewin,Forward,33,0,675,3,0,37,17
2630,0,1,22,1.89,Dominic Calvert-Lewin,Forward,36,1,553,9,0,57,7
1774,1,1,21,1.89,Dominic Calvert-Lewin,Forward,35,2,430,3,0,34,13
1873,1,1,20,1.89,Dominic Calvert-Lewin,Forward,32,6,493,4,0,43,15
345,1,0,19,1.89,Dominic Calvert-Lewin,Forward,11,0,87,1,0,4,7
1010,0,1,26,1.79,Arthur Masuaku,Defender,12,2,476,2,0,10,20
932,1,1,25,1.79,Arthur Masuaku,Defender,17,1,503,4,1,10,41
1755,1,0,24,1.79,Arthur Masuaku,Defender,23,1,880,2,0,16,57
1872,0,1,23,1.79,Arthur Masuaku,Defender,27,3,683,5,0,30,58
971,1,0,22,1.79,Arthur Masuaku,Defender,13,1,468,1,0,16,40
256,1,1,33,1.84,Álvaro Arbeloa,Defender,3,0,104,3,0,5,5
2880,0,0,21,1.88,Declan Rice,Midfielder,32,1,1526,2,0,21,59
3420,0,0,20,1.88,Declan Rice,Midfielder,38,3,1733,6,0,41,116
3004,0,0,19,1.88,Declan Rice,Midfielder,34,0,1518,4,0,17,98
1422,0,0,18,1.88,Declan Rice,Midfielder,26,0,573,1,0,5,36
0,0,0,17,1.88,Declan Rice,Midfielder,1,0,6,0,0,0,0
847,1,0,21,1.87,Edimilson Fernandes,Midfielder,14,1,268,1,0,5,17
982,0,0,20,1.87,Edimilson Fernandes,Midfielder,28,0,473,4,0,16,22
0,0,0,21,1.8,Moses Makasi,Midfielder,0,0,0,0,0,0,0
0,0,0,20,1.8,Moses Makasi,Midfielder,0,0,0,0,0,0,0
18,1,1,19,1.73,Domingos Quina,Midfielder,4,0,10,0,0,1,2
335,1,0,18,1.73,Domingos Quina,Midfielder,8,0,227,0,0,7,9
0,0,0,17,1.73,Domingos Quina,Midfielder,0,0,0,0,0,0,0
0,0,0,16,1.73,Domingos Quina,Midfielder,0,0,0,0,0,0,0
31,1,0,21,1.76,Nathan Holland,Midfielder,2,0,11,0,0,0,3
0,0,0,20,1.76,Nathan Holland,Midfielder,0,0,0,0,0,0,0
0,0,0,18,1.76,Nathan Holland,Midfielder,0,0,0,0,0,0,0
239,0,0,24,1.76,Gökhan Töre,Midfielder,5,1,56,0,0,4,4
1037,0,0,26,1.77,Sofiane Feghouli,Midfielder,21,3,376,1,1,11,18
527,1,1,32,1.82,Robert Snodgrass,Midfielder,11,0,136,2,0,8,17
2,1,1,32,1.82,Robert Snodgrass,Midfielder,11,0,136,2,0,8,17
1511,1,1,31,1.82,Robert Snodgrass,Midfielder,24,5,505,4,0,20,29
2219,1,0,30,1.82,Robert Snodgrass,Midfielder,33,5,969,10,0,36,44
837,1,0,28,1.82,Robert Snodgrass,Midfielder,35,5,1008,2,0,46,38
1712,1,0,28,1.82,Robert Snodgrass,Midfielder,35,5,1008,2,0,46,38
1237,1,1,22,1.8,Grady Diangana,Midfielder,20,0,336,0,0,11,35
603,0,0,20,1.8,Grady Diangana,Midfielder,17,1,244,0,0,4,20
0,0,0,19,1.8,Grady Diangana,Midfielder,0,0,0,0,0,0,0
459,0,0,25,1.86,Simone Zaza,Forward,8,0,105,2,0,11,5
531,0,0,22,1.81,Jonathan Calleri,Forward,16,0,119,0,0,10,5
0,0,1,21,1.86,Mouez Hassen,Goalkeeper,0,0,0,0,0,0,0
0,0,0,36,1.98,Stuart Taylor,Goalkeeper,0,0,0,0,0,0,0
0,0,0,35,1.98,Stuart Taylor,Goalkeeper,0,0,0,0,0,0,0
0,0,0,18,1.91,Harry Lewis,Goalkeeper,0,0,0,0,0,0,0
90,1,1,29,1.8,Martín Cáceres,Defender,1,0,50,0,0,0,1
180,0,0,28,1.73,Jérémy Pied,Defender,2,1,96,0,0,1,9
126,0,0,27,1.73,Jérémy Pied,Defender,4,0,70,0,0,1,3
0,1,0,20,1.68,Jake Hesketh,Midfielder,0,0,0,0,0,0,0
759,1,1,25,1.75,Sofiane Boufal,Midfielder,20,2,288,2,0,25,16
1212,0,1,23,1.75,Sofiane Boufal,Midfielder,26,2,532,1,0,27,37
1101,1,0,22,1.75,Sofiane Boufal,Midfielder,24,0,508,5,0,25,38
208,0,0,21,1.74,Josh Sims,Midfielder,7,1,44,0,0,1,1
159,0,0,20,1.74,Josh Sims,Midfielder,6,0,62,0,0,1,4
206,0,0,19,1.74,Josh Sims,Midfielder,7,1,81,0,0,2,3
470,1,0,26,1.86,Manolo Gabbiadini,Forward,12,0,121,0,0,9,6
1071,0,1,25,1.86,Manolo Gabbiadini,Forward,28,0,223,2,0,14,3
730,1,1,24,1.86,Manolo Gabbiadini,Forward,11,0,117,1,0,8,2
810,0,0,31,1.85,Steve Mandanda,Goalkeeper,9,0,262,0,0,0,0
0,0,0,25,1.97,Ryan Inniss,Defender,0,0,0,0,0,0,0
0,0,0,18,1.85,Ben Wynter,Defender,0,0,0,0,0,0,0
3060,0,1,22,1.83,Aaron Wan-Bissaka,Defender,34,4,1806,3,0,31,88
3071,1,1,21,1.83,Aaron Wan-Bissaka,Defender,35,4,1651,8,0,21,129
3135,1,0,20,1.83,Aaron Wan-Bissaka,Defender,35,3,1165,4,1,23,129
628,0,0,19,1.83,Aaron Wan-Bissaka,Defender,7,0,203,1,0,2,29
0,0,0,18,1.83,Aaron Wan-Bissaka,Defender,0,0,0,0,0,0,0
2364,0,1,29,1.86,Luka Milivojevic,Midfielder,31,1,1294,8,1,38,65
2514,1,0,28,1.86,Luka Milivojevic,Midfielder,31,1,1433,12,0,50,61
3420,0,0,27,1.86,Luka Milivojevic,Midfielder,38,2,1986,10,0,60,89
3081,0,0,26,1.86,Luka Milivojevic,Midfielder,36,1,1652,8,0,69,85
1227,0,0,25,1.86,Luka Milivojevic,Midfielder,14,0,490,4,0,27,29
0,0,0,18,1.74,Michael Phillips,Midfielder,0,0,0,0,0,0,0
0,0,0,19,1.77,Noor Husin,Midfielder,0,0,0,0,0,0,0
16,0,0,24,1.83,Freddie Ladapo,Forward,1,0,7,0,0,0,0
0,0,0,23,1.83,Freddie Ladapo,Forward,0,0,0,0,0,0,0
753,0,0,27,1.88,Ron-Robert Zieler,Goalkeeper,9,0,269,0,0,0,0
439,0,1,26,1.91,Molla Wagué,Defender,6,0,145,0,0,5,5
2179,1,1,23,1.83,Wilfred Ndidi,Midfielder,26,4,1432,6,0,54,96
2674,1,1,22,1.83,Wilfred Ndidi,Midfielder,32,1,1669,6,0,56,128
3298,1,1,21,1.83,Wilfred Ndidi,Midfielder,38,0,1984,8,0,46,143
2899,1,0,20,1.83,Wilfred Ndidi,Midfielder,33,3,1684,6,2,60,138
1522,0,0,19,1.83,Wilfred Ndidi,Midfielder,17,1,689,0,0,27,68
291,1,1,27,1.67,Nampalys Mendy,Midfielder,7,0,209,0,0,4,7
2088,1,0,26,1.67,Nampalys Mendy,Midfielder,31,0,1092,5,0,22,33
271,1,0,24,1.67,Nampalys Mendy,Midfielder,4,0,95,1,0,4,2
0,0,0,19,1.79,Bartosz Kapustka,Midfielder,0,0,0,0,0,0,0
0,0,0,24,1.71,Ahmed Musa,Forward,0,0,0,0,0,0,0
752,0,0,23,1.71,Ahmed Musa,Forward,21,0,214,1,0,13,13
19,0,1,32,1.88,Islam Slimani,Forward,1,0,9,0,0,0,0
130,1,1,29,1.88,Islam Slimani,Forward,16,1,157,1,0,3,2
239,1,1,29,1.88,Islam Slimani,Forward,16,1,157,1,0,3,2
1277,1,0,28,1.88,Islam Slimani,Forward,23,4,423,1,0,27,12
0,0,0,37,1.93,Lee Grant,Goalkeeper,0,0,0,0,0,0,0
0,0,0,36,1.93,Lee Grant,Goalkeeper,0,0,0,0,0,0,0
270,1,0,34,1.93,Lee Grant,Goalkeeper,3,0,78,0,0,0,0
2520,0,0,33,1.93,Lee Grant,Goalkeeper,28,0,881,1,0,0,0
1244,1,0,25,1.85,Bruno Martins Indi,Defender,17,0,351,3,0,12,21
3147,0,0,24,1.85,Bruno Martins Indi,Defender,35,0,1115,5,0,25,61
1385,1,0,21,1.83,Ramadan Sobhi,Midfielder,4,0,43,0,0,0,1
75,1,0,21,1.83,Ramadan Sobhi,Midfielder,4,0,43,0,0,0,1
1234,0,0,20,1.83,Ramadan Sobhi,Midfielder,24,0,421,2,0,14,32
848,0,0,19,1.83,Ramadan Sobhi,Midfielder,17,1,299,2,0,10,22
0,0,0,17,1.74,Thibaud Verlinden,Midfielder,0,0,0,0,0,0,0
19,1,0,19,1.85,Julien Ngoy,Forward,1,0,5,0,0,1,1
44,0,0,18,1.85,Julien Ngoy,Forward,5,0,11,0,0,0,2
2251,1,1,28,1.87,Christian Kabasele,Defender,27,2,670,1,2,22,37
1587,1,0,27,1.87,Christian Kabasele,Defender,21,0,550,2,1,22,25
2332,0,1,26,1.87,Christian Kabasele,Defender,28,0,903,5,0,31,42
766,1,0,25,1.87,Christian Kabasele,Defender,16,0,238,1,0,13,15
0,0,0,18,1.92,Charlie Rowan,Defender,0,0,0,0,0,0,0
51,0,0,18,1.72,Andrew Eleftheriou,Defender,1,0,14,0,0,0,2
2452,1,0,27,1.83,Abdoulaye Doucouré,Midfielder,29,3,1341,6,0,23,52
3166,0,1,26,1.83,Abdoulaye Doucouré,Midfielder,37,2,1678,9,0,51,64
3062,1,0,25,1.83,Abdoulaye Doucouré,Midfielder,35,6,1942,7,0,36,71
3325,0,0,24,1.83,Abdoulaye Doucouré,Midfielder,37,3,2244,10,0,44,79
1358,0,0,23,1.83,Abdoulaye Doucouré,Midfielder,20,0,833,4,0,12,17
1649,1,1,28,1.82,Roberto Pereyra,Midfielder,28,0,613,4,0,21,20
2824,1,1,27,1.82,Roberto Pereyra,Midfielder,33,1,1121,3,0,27,21
1622,1,1,26,1.82,Roberto Pereyra,Midfielder,32,2,676,3,0,18,10
1039,1,1,25,1.82,Roberto Pereyra,Midfielder,13,2,420,2,1,8,8
23,0,0,17,1.8,Dion Pereira,Forward,2,0,6,0,0,0,0
1254,0,1,21,1.88,M'Baye Niang,Forward,16,2,405,2,0,24,11
22,0,1,28,1.86,Stefano Okaka,Forward,2,0,14,1,0,1,0
444,1,1,27,1.86,Stefano Okaka,Forward,15,1,154,2,0,21,6
954,1,1,26,1.86,Stefano Okaka,Forward,19,0,230,5,0,30,12
65,1,1,23,1.82,Isaac Success,Forward,5,0,17,1,0,2,0
1036,1,1,22,1.82,Isaac Success,Forward,30,1,349,4,0,24,15
0,1,1,21,1.82,Isaac Success,Forward,0,0,0,0,0,0,0
503,1,1,20,1.82,Isaac Success,Forward,19,1,131,2,0,12,16
0,0,0,19,1.78,Michael Folivi,Forward,0,0,0,0,0,0,0
9,0,0,18,1.78,Michael Folivi,Forward,1,0,3,0,0,1,0
1129,1,0,24,1.89,Alfie Mawson,Defender,15,0,477,2,0,6,11
3420,0,0,23,1.89,Alfie Mawson,Defender,38,1,1744,3,0,19,32
2430,0,0,22,1.89,Alfie Mawson,Defender,27,0,1218,1,0,10,29
1949,0,0,24,1.9,Mike van der Hoorn,Defender,24,0,858,4,0,22,32
661,0,1,23,1.9,Mike van der Hoorn,Defender,8,0,324,1,0,12,9
619,0,1,26,1.75,Luciano Narsingh,Forward,18,0,194,0,0,3,7
408,1,1,25,1.75,Luciano Narsingh,Forward,13,3,123,0,0,3,3
16,0,1,26,1.86,Borja Bastón,Forward,2,0,6,0,0,0,1
546,1,0,23,1.86,Borja Bastón,Forward,18,0,180,0,0,3,5
683,0,1,33,1.95,Fernando Llorente,Forward,20,4,223,2,0,12,4
223,1,0,32,1.95,Fernando Llorente,Forward,16,0,88,1,0,4,6
2451,0,1,31,1.95,Fernando Llorente,Forward,33,1,900,2,0,51,18
1316,1,0,24,1.88,Oliver McBurnie,Forward,23,0,440,2,0,24,15
2118,0,0,23,1.88,Oliver McBurnie,Forward,36,0,617,4,0,28,37
269,0,1,21,1.88,Oliver McBurnie,Forward,11,1,99,0,0,4,4
76,1,0,20,1.88,Oliver McBurnie,Forward,5,0,33,0,0,1,1
1440,0,0,31,1.87,David Marshall,Goalkeeper,16,0,410,0,0,0,0
0,0,0,31,1.94,Dusan Kuciak,Goalkeeper,0,0,0,0,0,0,0
180,0,0,32,1.91,Eldin Jakupovic,Goalkeeper,2,0,43,0,0,0,0
1980,0,0,31,1.91,Eldin Jakupovic,Goalkeeper,22,0,636,0,0,0,0
3048,1,0,27,1.94,Harry Maguire,Defender,34,1,2227,11,0,40,29
3420,0,1,26,1.94,Harry Maguire,Defender,38,1,2519,6,0,33,37
2599,1,0,25,1.94,Harry Maguire,Defender,31,0,1747,6,1,20,31
3420,0,0,24,1.94,Harry Maguire,Defender,38,4,1740,7,0,34,63
2306,0,0,23,1.94,Harry Maguire,Defender,29,2,1182,5,0,24,54
1329,1,0,28,1.95,Andrea Ranocchia,Defender,16,2,550,2,0,13,28
632,1,1,24,1.87,Markus Henriksen,Midfielder,15,0,182,1,0,15,14
1719,1,0,32,1.89,Michael Dawson,Defender,22,0,656,4,0,13,15
3386,1,1,26,1.78,Andrew Robertson,Defender,38,7,2680,2,0,23,46
3113,1,1,25,1.78,Andrew Robertson,Defender,36,12,2492,2,0,18,54
3219,1,0,24,1.78,Andrew Robertson,Defender,36,11,2396,4,0,18,80
1943,0,1,23,1.78,Andrew Robertson,Defender,22,5,1421,2,0,15,31
2735,1,0,22,1.78,Andrew Robertson,Defender,33,2,1231,5,0,18,53
162,0,0,18,1.8,Josh Tymon,Defender,3,0,81,0,0,0,5
325,0,0,17,1.8,Josh Tymon,Defender,5,0,135,1,0,4,8
616,1,1,24,1.79,Omar Elabdellaoui,Defender,8,0,218,0,0,2,6
0,0,0,19,0,Josh Clackstone,Defender,0,0,0,0,0,0,0
1246,0,0,30,1.8,Jake Livermore,Midfielder,18,0,383,2,1,30,33
2675,0,0,27,1.8,Jake Livermore,Midfielder,34,2,1103,5,0,42,72
1303,0,0,26,1.8,Jake Livermore,Midfielder,37,1,1606,5,1,33,79
1674,0,0,26,1.8,Jake Livermore,Midfielder,37,1,1606,5,1,33,79
1278,0,1,26,1.9,Alfred N'Diaye,Midfielder,15,0,563,7,0,34,37
2024,0,0,29,1.88,Tom Huddlestone,Midfielder,31,0,1242,5,1,33,34
2044,0,0,26,1.78,Sam Clucas,Midfielder,29,1,786,2,0,10,34
3190,0,0,25,1.78,Sam Clucas,Midfielder,37,1,1541,9,1,22,90
954,0,0,27,1.89,David Meyler,Midfielder,20,0,509,2,0,9,27
0,0,0,18,1.78,Daniel Batty,Midfielder,0,0,0,0,0,0,0
576,0,0,29,1.79,Evandro,Midfielder,11,0,279,1,0,14,17
277,1,0,33,1.71,Shaun Maloney,Midfielder,9,2,111,0,0,3,8
0,0,0,20,1.77,Greg Olley,Midfielder,0,0,0,0,0,0,0
149,1,0,32,1.8,Kamil Grosicki,Midfielder,3,1,40,0,0,1,2
1145,1,1,28,1.8,Kamil Grosicki,Midfielder,15,4,251,1,0,12,4
2576,0,0,23,1.82,Jarrod Bowen,Forward,38,5,620,0,0,15,26
921,0,0,22,1.82,Jarrod Bowen,Forward,13,4,213,0,0,4,19
177,0,0,19,1.82,Jarrod Bowen,Forward,7,0,70,0,0,3,2
1427,1,0,25,1.85,Abel Hernández,Forward,24,3,252,0,0,19,7
1168,0,0,26,1.83,Adama Diomande,Forward,22,0,321,1,0,19,25
0,1,0,21,1.8,Greg Luer,Forward,0,0,0,0,0,0,0
0,0,0,25,1.95,Mika,Goalkeeper,0,0,0,0,0,0,0
0,0,0,18,1.86,Michael Ledger,Midfielder,0,0,0,0,0,0,0
826,1,1,26,1.78,Javier Manquillo,Defender,13,0,290,1,0,7,24
1599,1,1,25,1.78,Javier Manquillo,Defender,21,1,475,5,0,18,39
1096,1,0,24,1.78,Javier Manquillo,Defender,18,3,352,2,0,13,27
1759,0,0,23,1.78,Javier Manquillo,Defender,21,1,540,2,0,24,36
1427,0,0,22,1.78,Javier Manquillo,Defender,20,0,425,2,0,14,30
0,0,0,23,1.79,Didier Ndong,Midfielder,0,0,0,0,0,0,0
2519,0,0,22,1.79,Didier Ndong,Midfielder,31,0,1008,5,0,37,82
0,0,0,19,1.78,Ethan Robson,Midfielder,0,0,0,0,0,0,0
0,0,0,17,1.73,Elliot Embleton,Midfielder,0,0,0,0,0,0,0
9,0,0,17,1.75,Joel Asoro,Forward,1,0,1,0,0,0,0
809,0,1,21,1.8,Josh Maja,Forward,15,0,180,0,0,8,7
0,0,0,17,1.8,Josh Maja,Forward,0,0,0,0,0,0,0
3420,0,0,22,1.9,Aaron Ramsdale,Goalkeeper,38,0,1019,1,0,1,0
3330,0,0,21,1.9,Aaron Ramsdale,Goalkeeper,37,1,945,0,0,0,0
0,0,0,19,1.9,Aaron Ramsdale,Goalkeeper,0,0,0,0,0,0,0
0,0,0,18,1.9,Aaron Ramsdale,Goalkeeper,0,0,0,0,0,0,0
1344,0,1,22,1.75,Lewis Cook,Midfielder,27,0,720,5,0,23,27
721,1,0,21,1.75,Lewis Cook,Midfielder,13,0,391,2,0,12,13
2238,0,1,20,1.75,Lewis Cook,Midfielder,29,2,1228,5,0,33,67
431,1,0,19,1.75,Lewis Cook,Midfielder,6,2,279,1,0,2,10
37,1,0,22,1.7,Emerson Hyndman,Midfielder,1,0,23,0,0,0,6
59,0,1,21,1.7,Emerson Hyndman,Midfielder,1,0,24,0,0,0,0
289,1,1,24,1.84,Lys Mousset,Forward,11,0,44,0,0,7,1
1232,1,1,23,1.84,Lys Mousset,Forward,30,4,240,1,0,24,9
345,1,0,22,1.84,Lys Mousset,Forward,24,0,121,1,0,7,3
581,0,0,21,1.84,Lys Mousset,Forward,23,0,161,1,0,11,9
265,0,0,20,1.84,Lys Mousset,Forward,11,0,63,0,0,6,4
0,0,0,37,1.93,Dimitrios Konstantopoulos,Goalkeeper,0,0,0,0,0,0,0
0,1,0,26,1.85,Ben Gibson,Defender,0,0,0,0,0,0,0
63,0,0,25,1.85,Ben Gibson,Defender,1,0,33,1,0,2,1
975,0,1,27,1.92,Bernardo Espinosa,Defender,11,0,526,2,0,17,22
916,1,0,25,1.9,Daniel Ayala,Defender,14,0,380,3,0,15,11
0,0,1,30,1.8,Alex Baptiste,Defender,0,0,0,0,0,0,0
0,0,0,18,1.9,Dael Fry,Defender,0,0,0,0,0,0,0
1960,1,0,28,1.88,George Friend,Defender,24,2,780,4,0,28,62
59,1,0,22,1.79,James Husband,Defender,1,0,28,0,0,0,0
2196,1,1,29,1.86,Antonio Barragán,Defender,26,0,1027,5,0,27,72
2777,1,0,25,1.85,Marten de Roon,Midfielder,33,0,1322,8,0,66,73
0,0,0,21,1.87,Julien de Sart,Midfielder,0,0,0,0,0,0,0
2806,0,0,27,1.75,Adam Clayton,Midfielder,34,2,1450,10,0,52,79
2700,0,0,24,1.75,Adam Forshaw,Midfielder,34,1,1353,4,0,33,62
707,0,0,30,1.77,Grant Leadbitter,Midfielder,13,0,340,1,0,8,14
0,0,0,23,1.85,Adam Reach,Midfielder,0,0,0,0,0,0,0
2212,0,0,32,1.8,Stewart Downing,Midfielder,30,3,943,1,0,10,28
436,1,1,22,1.81,Viktor Fischer,Forward,13,3,146,0,0,1,3
121,0,0,28,1.85,Albert Adomah,Midfielder,2,0,32,0,0,3,5
208,0,0,26,1.85,Jordan Rhodes,Forward,6,0,42,0,0,3,1
2879,0,0,30,1.86,Álvaro Negredo,Forward,36,4,862,5,0,45,18
1359,0,0,29,1.84,Cristhian Stuani,Forward,23,0,383,4,0,21,35
39,0,0,31,1.8,David Nugent,Forward,4,0,14,0,0,2,1
31,0,0,20,1.83,Rekeem Harper,Midfielder,2,0,17,0,0,1,0
20,0,0,17,1.83,Rekeem Harper,Midfielder,1,0,5,0,0,0,1
547,1,0,31,1.83,Hal Robson-Kanu,Forward,19,0,79,2,0,15,2
820,1,0,28,1.83,Hal Robson-Kanu,Forward,21,0,184,2,1,20,5
679,0,0,27,1.83,Hal Robson-Kanu,Forward,29,2,166,3,0,28,5
0,0,1,34,1.88,Tom Heaton,Goalkeeper,0,0,0,0,0,0,0
1795,1,1,33,1.88,Tom Heaton,Goalkeeper,20,0,527,0,0,1,0
1710,1,1,32,1.88,Tom Heaton,Goalkeeper,19,0,541,3,0,1,0
306,1,0,31,1.88,Tom Heaton,Goalkeeper,4,0,94,0,0,0,0
3150,0,0,30,1.88,Tom Heaton,Goalkeeper,35,0,1127,1,0,0,0
2880,0,0,28,1.98,Nick Pope,Goalkeeper,32,0,839,1,0,2,0
3420,0,1,27,1.98,Nick Pope,Goalkeeper,38,0,1007,1,0,0,0
3114,0,0,25,1.98,Nick Pope,Goalkeeper,35,0,1099,3,0,1,0
0,0,0,24,1.98,Nick Pope,Goalkeeper,0,0,0,0,0,0,0
270,0,0,36,1.93,Paul Robinson,Goalkeeper,3,0,102,0,0,0,0
2990,0,1,27,1.88,Michael Keane,Defender,35,1,1939,4,0,15,28
2556,1,0,26,1.88,Michael Keane,Defender,31,0,1447,3,0,20,31
2970,0,0,25,1.88,Michael Keane,Defender,33,2,1592,2,0,22,41
2560,0,0,24,1.88,Michael Keane,Defender,30,1,1157,3,0,21,33
3150,0,0,23,1.88,Michael Keane,Defender,35,1,1127,4,0,14,28
2694,1,0,30,1.8,Ben Mee,Defender,30,0,1122,3,0,15,32
2880,0,0,29,1.8,Ben Mee,Defender,32,1,1257,7,0,25,41
3420,0,1,28,1.8,Ben Mee,Defender,38,2,1502,9,0,27,54
2610,1,0,27,1.8,Ben Mee,Defender,29,0,1071,5,0,14,33
3015,0,0,26,1.8,Ben Mee,Defender,34,0,1144,5,0,23,47
3240,1,0,27,1.85,James Tarkowski,Defender,36,0,1259,6,0,27,66
3420,0,1,26,1.85,James Tarkowski,Defender,38,2,1350,10,0,49,66
3087,1,1,25,1.85,James Tarkowski,Defender,35,1,1135,8,0,35,71
2790,1,0,24,1.85,James Tarkowski,Defender,31,0,1091,5,0,25,46
553,0,0,23,1.85,James Tarkowski,Defender,19,0,263,1,0,10,19
636,1,1,29,1.88,Kevin Long,Defender,8,0,265,2,0,7,11
562,1,0,28,1.88,Kevin Long,Defender,8,0,200,0,0,9,7
513,0,0,27,1.88,Kevin Long,Defender,6,1,168,0,0,3,18
1440,0,1,26,1.88,Kevin Long,Defender,16,2,541,1,0,15,32
270,1,0,25,1.88,Kevin Long,Defender,3,0,108,0,0,1,4
230,1,1,32,1.84,Stephen Ward,Defender,3,0,113,1,0,2,4
2462,1,0,31,1.84,Stephen Ward,Defender,28,1,923,1,0,11,39
3232,0,0,30,1.84,Stephen Ward,Defender,37,1,1129,5,0,35,70
3060,1,1,31,1.8,Matthew Lowton,Defender,34,1,1194,5,0,19,54
1530,1,1,30,1.8,Matthew Lowton,Defender,17,1,551,2,0,14,41
1748,1,0,29,1.8,Matthew Lowton,Defender,21,0,638,7,0,22,56
2294,0,0,28,1.8,Matthew Lowton,Defender,26,3,823,1,0,19,55
3240,0,0,27,1.8,Matthew Lowton,Defender,36,2,1086,9,0,34,101
0,0,0,24,1.88,Tendayi Darikwa,Defender,0,0,0,0,0,0,0
452,1,1,30,1.75,Steven Defour,Midfielder,6,0,249,0,0,1,8
2009,1,1,29,1.75,Steven Defour,Midfielder,24,1,1016,6,0,13,33
1078,1,1,28,1.75,Steven Defour,Midfielder,21,3,521,1,0,14,19
1424,0,0,28,1.85,Jeff Hendrick,Midfielder,22,1,538,1,1,15,8
1935,0,0,27,1.85,Jeff Hendrick,Midfielder,24,2,545,8,0,17,18
2068,0,1,26,1.85,Jeff Hendrick,Midfielder,32,0,659,4,0,17,24
2339,1,0,25,1.85,Jeff Hendrick,Midfielder,34,2,802,1,0,19,16
2695,0,1,24,1.85,Jeff Hendrick,Midfielder,32,1,1004,6,1,43,33
1335,1,0,28,1.78,Scott Arfield,Midfielder,18,1,353,3,0,21,36
2107,0,0,27,1.78,Scott Arfield,Midfielder,31,0,621,3,0,37,36
87,0,0,31,1.83,David Jones,Midfielder,1,0,37,1,0,1,0
0,1,1,33,1.83,Dean Marney,Midfielder,0,0,0,0,0,0,0
1770,1,0,32,1.83,Dean Marney,Midfielder,96,10,2854,26,1,110,181
1104,0,0,33,1.8,Joey Barton,Midfielder,14,0,576,4,0,20,43
0,0,0,25,1.83,Fredrik Ulvestad,Midfielder,0,0,0,0,0,0,0
0,0,0,24,1.83,Fredrik Ulvestad,Midfielder,0,0,0,0,0,0,0
0,0,0,19,1.78,Aiden O'Neill,Midfielder,0,0,0,0,0,0,0
82,0,0,18,1.78,Aiden O'Neill,Midfielder,3,0,51,0,0,1,2
2845,0,0,30,1.86,George Boyd,Midfielder,36,1,550,3,0,31,87
101,0,0,30,1.73,Michael Kightly,Midfielder,5,0,28,0,0,2,4
2267,0,0,25,1.78,Andre Gray,Forward,32,3,372,2,0,17,10
913,0,0,28,1.86,Sam Vokes,Forward,20,0,268,0,0,14,4
978,0,0,27,1.86,Sam Vokes,Forward,30,1,265,3,0,20,3
2055,0,0,26,1.86,Sam Vokes,Forward,37,3,602,0,0,24,7
1334,1,1,30,1.85,Ashley Barnes,Forward,22,0,304,4,0,46,12
1361,1,0,29,1.85,Ashley Barnes,Forward,19,0,251,4,0,35,10
2387,0,1,28,1.85,Ashley Barnes,Forward,37,2,518,8,0,54,28
2157,1,1,27,1.85,Ashley Barnes,Forward,36,0,510,10,0,53,21
1776,1,1,26,1.85,Ashley Barnes,Forward,28,2,448,6,1,53,21
11,0,0,27,1.85,Lukas Jutkiewicz,Forward,2,0,7,0,0,1,0
3240,0,1,26,1.88,Ederson,Goalkeeper,36,1,959,3,0,1,0
3072,1,0,25,1.88,Ederson,Goalkeeper,35,0,899,3,1,2,0
3420,0,0,24,1.88,Ederson,Goalkeeper,38,1,920,2,0,2,0
3195,0,1,23,1.88,Ederson,Goalkeeper,36,0,928,1,0,0,0
1342,1,1,26,1.89,Aymeric Laporte,Defender,16,0,1274,1,0,9,13
1104,1,1,25,1.89,Aymeric Laporte,Defender,15,0,1148,1,0,9,13
3057,1,0,24,1.89,Aymeric Laporte,Defender,35,3,2998,3,0,21,42
807,0,1,23,1.89,Aymeric Laporte,Defender,9,0,811,1,0,10,8
806,1,1,27,1.84,Danilo,Defender,11,0,767,1,0,10,20
1340,1,1,26,1.84,Danilo,Defender,23,2,1111,2,0,12,43
45,0,0,19,1.8,Demeaco Duhaney,Defender,1,0,19,0,0,0,1
0,0,0,19,1.78,Tom Dele-Bashiru,Midfielder,0,0,0,0,0,0,0
2070,1,0,25,1.73,Bernardo Silva,Midfielder,26,6,1372,5,0,17,26
2028,0,0,24,1.73,Bernardo Silva,Midfielder,34,7,1374,5,0,23,36
2853,0,0,23,1.73,Bernardo Silva,Midfielder,36,7,1706,3,0,31,52
1519,0,1,22,1.73,Bernardo Silva,Midfielder,35,4,935,0,0,9,27
2854,0,0,23,1.75,Jack Harrison,Midfielder,36,8,989,2,0,28,63
14,0,0,18,1.85,Lukas Nmecha,Forward,2,0,5,0,0,0,0
1710,0,1,27,1.9,Antonio Rüdiger,Defender,19,0,1523,0,0,16,31
1709,1,1,26,1.9,Antonio Rüdiger,Defender,20,0,1492,3,0,19,28
2874,1,0,25,1.9,Antonio Rüdiger,Defender,33,0,2537,7,0,28,34
2336,0,1,24,1.9,Antonio Rüdiger,Defender,27,1,1709,4,0,26,31
2091,1,1,19,1.83,Ethan Ampadu,Defender,25,0,1006,3,0,25,57
0,1,1,17,1.83,Ethan Ampadu,Defender,0,0,0,0,0,0,0
10,1,0,16,1.83,Ethan Ampadu,Defender,1,0,19,0,0,0,1
88,0,1,25,1.76,Emerson,Defender,2,0,56,0,0,3,3
1025,1,0,24,1.76,Emerson,Defender,15,0,718,3,0,4,23
660,0,1,23,1.76,Emerson,Defender,10,0,436,0,0,8,14
279,1,1,22,1.76,Emerson,Defender,5,1,131,0,0,3,6
125,1,0,26,1.82,Davide Zappacosta,Defender,4,0,75,0,0,2,0
1094,0,1,25,1.82,Davide Zappacosta,Defender,22,1,445,0,0,7,26
0,0,0,17,1.86,Dujon Sterling,Defender,0,0,0,0,0,0,0
2123,0,0,22,1.89,Tiemoué Bakayoko,Midfielder,29,2,1108,3,1,50,64
0,0,0,19,1.72,Kyle Scott,Midfielder,0,0,0,0,0,0,0
1054,1,1,19,1.77,Callum Hudson-Odoi,Forward,23,3,576,0,0,11,23
851,1,1,18,1.77,Callum Hudson-Odoi,Forward,22,5,412,1,0,11,10
391,1,0,17,1.77,Callum Hudson-Odoi,Forward,10,1,207,0,0,1,8
27,0,0,16,1.77,Callum Hudson-Odoi,Forward,2,0,16,0,0,0,0
943,1,1,25,1.87,Álvaro Morata,Forward,16,0,229,3,0,19,8
2065,1,1,24,1.87,Álvaro Morata,Forward,31,6,576,7,0,41,13
1177,0,0,19,1.85,Curtis Jones,Midfielder,24,2,966,2,0,18,16
122,0,0,18,1.85,Curtis Jones,Midfielder,6,0,123,0,0,3,4
0,0,0,17,1.85,Curtis Jones,Midfielder,0,0,0,0,0,0,0
0,0,0,16,1.85,Curtis Jones,Midfielder,0,0,0,0,0,0,0
3082,0,1,28,1.75,Mohamed Salah,Forward,37,5,1263,0,0,22,18
2888,1,1,27,1.75,Mohamed Salah,Forward,34,10,979,1,0,17,16
3261,1,1,26,1.75,Mohamed Salah,Forward,38,8,1079,1,0,25,21
2920,1,1,25,1.75,Mohamed Salah,Forward,36,10,946,1,0,16,12
2586,1,1,26,1.87,Victor Lindelöf,Defender,29,1,1866,0,0,24,22
3093,1,1,25,1.87,Victor Lindelöf,Defender,35,0,2094,6,0,22,29
2602,1,0,24,1.87,Victor Lindelöf,Defender,30,1,1490,1,0,19,40
1281,0,0,23,1.87,Victor Lindelöf,Defender,17,0,751,1,0,10,17
1608,1,1,27,1.76,Serge Aurier,Defender,19,3,792,0,0,23,55
2706,1,1,26,1.76,Serge Aurier,Defender,33,5,1281,2,1,41,93
563,1,0,25,1.76,Serge Aurier,Defender,8,2,269,1,0,17,21
1428,0,0,24,1.76,Serge Aurier,Defender,17,2,776,1,1,21,48
65,1,1,21,1.87,Juan Foyth,Defender,4,0,56,1,0,2,7
888,1,0,20,1.87,Juan Foyth,Defender,12,0,586,3,1,16,31
0,0,0,19,1.87,Juan Foyth,Defender,0,0,0,0,0,0,0
0,0,0,17,1.82,Tashan Oakley-Boothe,Midfielder,0,0,0,0,0,0,0
1401,0,0,27,1.72,Lucas Moura,Forward,30,4,569,1,0,23,32
2246,0,1,26,1.72,Lucas Moura,Forward,35,4,773,3,0,30,57
2127,1,1,25,1.72,Lucas Moura,Forward,32,0,723,3,0,25,34
208,1,0,24,1.72,Lucas Moura,Forward,6,1,113,0,0,4,4
0,1,1,21,1.94,Konstantinos Mavropanos,Defender,0,0,0,0,0,0,0
149,1,0,20,1.94,Konstantinos Mavropanos,Defender,4,0,137,1,0,2,1
195,0,0,19,1.94,Konstantinos Mavropanos,Defender,3,0,103,0,1,2,1
90,0,1,27,1.83,Sead Kolasinac,Defender,1,0,62,0,0,1,0
1699,1,1,26,1.83,Sead Kolasinac,Defender,26,2,900,4,0,20,29
1890,1,1,25,1.83,Sead Kolasinac,Defender,24,5,971,5,0,21,34
2151,1,1,24,1.83,Sead Kolasinac,Defender,27,4,1268,3,0,32,49
0,0,0,18,1.76,Jordi Osei-Tutu,Defender,0,0,0,0,0,0,0
69,1,1,20,1.75,Reiss Nelson,Forward,2,0,17,0,0,2,1
626,1,1,19,1.75,Reiss Nelson,Forward,17,0,207,1,0,8,11
146,0,0,17,1.75,Reiss Nelson,Forward,3,0,79,0,0,0,4
2337,1,0,31,1.87,Pierre-Emerick Aubameyang,Forward,29,3,624,2,0,13,12
3139,0,0,30,1.87,Pierre-Emerick Aubameyang,Forward,36,3,817,3,1,14,31
2731,0,1,29,1.87,Pierre-Emerick Aubameyang,Forward,36,5,692,0,0,13,21
1059,1,0,28,1.87,Pierre-Emerick Aubameyang,Forward,13,4,317,0,0,1,5
1929,0,1,29,1.76,Alexandre Lacazette,Forward,31,2,514,3,0,37,18
1879,1,1,28,1.76,Alexandre Lacazette,Forward,30,4,505,8,0,44,31
2502,1,1,27,1.76,Alexandre Lacazette,Forward,35,8,771,2,0,51,35
2211,1,1,26,1.76,Alexandre Lacazette,Forward,32,4,722,1,0,28,24
413,0,0,21,1.75,Eddie Nketiah,Forward,17,1,91,0,0,10,3
633,0,0,20,1.75,Eddie Nketiah,Forward,13,0,140,0,1,16,7
62,0,0,19,1.75,Eddie Nketiah,Forward,5,0,20,0,0,1,1
17,0,0,18,1.75,Eddie Nketiah,Forward,3,0,7,0,0,1,1
0,0,1,20,1.78,Beni Baningime,Midfielder,0,0,0,0,0,0,0
192,0,0,18,1.78,Beni Baningime,Midfielder,8,0,82,1,0,4,6
249,1,1,24,1.79,Davy Klaassen,Midfielder,7,0,99,0,0,5,3
574,0,0,19,1.78,Nikola Vlasic,Midfielder,12,0,203,0,0,7,9
43,1,1,29,1.83,Cenk Tosun,Forward,5,0,14,1,0,1,0
176,1,1,28,1.83,Cenk Tosun,Forward,10,0,98,0,0,8,4
290,1,1,28,1.83,Cenk Tosun,Forward,10,0,98,0,0,8,4
1050,1,0,27,1.83,Cenk Tosun,Forward,25,3,258,3,0,17,13
991,0,0,26,1.83,Cenk Tosun,Forward,14,0,263,0,0,25,6
0,1,1,23,1.75,Sandro Ramírez,Forward,0,0,0,0,0,0,0
275,1,1,22,1.75,Sandro Ramírez,Forward,8,0,82,0,0,1,2
2,0,0,22,1.78,Nathan Broadhead,Midfielder,1,0,2,0,0,0,1
766,0,1,26,1.86,Aleksandar Dragovic,Defender,11,0,337,2,0,7,13
0,0,0,20,0,Sam Hughes,Defender,0,0,0,0,0,0,0
0,0,0,20,1.85,Josh Knight,Defender,0,0,0,0,0,0,0
88,0,1,29,1.75,Adrien Silva,Midfielder,2,0,79,0,0,0,2
761,1,1,28,1.75,Adrien Silva,Midfielder,12,1,433,3,0,9,22
225,0,1,30,1.9,Vicente Iborra,Midfielder,8,0,147,0,0,6,3
1414,1,0,29,1.9,Vicente Iborra,Midfielder,19,0,857,0,0,19,23
313,0,0,22,1.78,Hamza Choudhury,Midfielder,10,0,235,1,0,6,8
889,0,0,21,1.78,Hamza Choudhury,Midfielder,20,1,496,2,1,12,17
597,0,0,20,1.78,Hamza Choudhury,Midfielder,9,0,240,0,0,7,24
375,0,0,19,1.78,Hamza Choudhury,Midfielder,8,1,164,1,0,5,9
0,0,0,20,1.73,George Thomas,Midfielder,0,0,0,0,0,0,0
0,0,0,18,1.77,Layton Ndukwu,Forward,0,0,0,0,0,0,0
55,0,0,22,1.75,Fousseni Diabaté,Forward,1,0,14,0,0,0,2
581,0,0,21,1.75,Fousseni Diabaté,Forward,14,1,227,1,0,1,9
1170,1,0,24,1.88,Wesley Hoedt,Defender,13,0,621,2,0,15,28
2520,0,0,23,1.88,Wesley Hoedt,Defender,28,1,1323,7,0,22,60
3101,0,0,24,1.89,Jan Bednarek,Defender,36,1,2068,5,1,30,37
3058,0,0,23,1.89,Jan Bednarek,Defender,34,1,1537,4,0,33,65
2150,0,0,22,1.89,Jan Bednarek,Defender,25,1,822,7,0,22,41
428,0,0,21,1.89,Jan Bednarek,Defender,5,0,181,1,0,3,6
1704,1,1,26,1.84,Mario Lemina,Midfielder,28,0,887,5,0,32,62
1614,1,1,24,1.84,Mario Lemina,Midfielder,21,1,809,5,0,31,49
1721,1,0,23,1.84,Mario Lemina,Midfielder,25,1,971,2,0,28,55
451,1,1,26,1.91,Guido Carrillo,Forward,7,1,123,0,0,7,5
57,0,1,20,1.7,Michael Obafemi,Forward,4,0,12,0,0,1,1
658,1,1,19,1.7,Michael Obafemi,Forward,21,2,137,1,0,11,7
134,1,0,18,1.7,Michael Obafemi,Forward,6,1,18,1,0,2,1
8,0,0,17,1.7,Michael Obafemi,Forward,1,0,1,0,0,0,0
0,0,0,21,1.88,Nathan Trott,Goalkeeper,0,0,0,0,0,0,0
0,0,0,18,1.88,Nathan Trott,Goalkeeper,0,0,0,0,0,0,0
227,0,1,36,1.74,Patrice Evra,Defender,5,0,97,0,0,0,6
1026,0,1,24,1.79,João Mário,Midfielder,13,1,442,0,0,14,14
0,0,0,18,1.74,Sead Haksabanovic,Midfielder,0,0,0,0,0,0,0
22,0,0,25,1.83,Jordan Hugill,Forward,3,0,9,0,0,3,0
0,0,0,20,1.87,Toni Martínez,Forward,0,0,0,0,0,0,0
0,0,0,34,1.89,Diego Cavalieri,Goalkeeper,0,0,0,0,0,0,0
0,0,0,19,1.92,Dion Henry,Goalkeeper,0,0,0,0,0,0,0
0,0,0,23,1.92,Jaroslaw Jach,Defender,0,0,0,0,0,0,0
1815,0,1,23,1.82,Jairo Riedewald,Midfielder,33,0,630,4,0,21,34
761,1,1,22,1.82,Jairo Riedewald,Midfielder,17,0,329,0,0,3,14
0,1,0,21,1.82,Jairo Riedewald,Midfielder,0,0,0,0,0,0,0
434,0,1,20,1.82,Jairo Riedewald,Midfielder,12,0,155,0,0,3,11
0,0,0,21,1.79,Erdal Rakip,Midfielder,0,0,0,0,0,0,0
0,0,0,19,1.74,Nya Kirby,Midfielder,0,0,0,0,0,0,0
0,0,0,17,1.74,Nya Kirby,Midfielder,0,0,0,0,0,0,0
25,0,0,18,1.7,Levi Lumeka,Forward,1,0,7,0,0,0,1
0,0,0,18,1.75,Jason Lokilo,Midfielder,0,0,0,0,0,0,0
0,0,0,19,1.78,James Daly,Forward,0,0,0,0,0,0,0
0,0,0,17,1.78,James Daly,Forward,0,0,0,0,0,0,0
3420,1,1,30,1.91,Martin Dubravka,Goalkeeper,38,0,969,0,0,0,0
3420,1,0,29,1.91,Martin Dubravka,Goalkeeper,38,0,1033,1,0,0,0
1080,0,0,28,1.91,Martin Dubravka,Goalkeeper,12,0,316,0,0,0,0
441,1,1,28,1.9,Florian Lejeune,Defender,6,0,197,0,0,6,8
1055,1,1,27,1.9,Florian Lejeune,Defender,12,0,563,0,0,11,25
2104,1,1,26,1.9,Florian Lejeune,Defender,24,2,1071,3,0,17,33
1262,1,0,27,1.88,Grant Hanley,Defender,15,0,658,4,0,12,24
97,1,0,32,1.77,Jesús Gámez,Defender,2,0,45,0,0,0,4
2165,1,0,31,1.84,Mohamed Diamé,Midfielder,29,0,733,3,0,36,78
2042,0,0,30,1.84,Mohamed Diamé,Midfielder,31,0,816,3,0,44,89
1343,1,1,21,1.89,Mikel Merino,Midfielder,24,1,812,4,0,30,56
1291,0,1,32,1.9,Orestis Karnezis,Goalkeeper,15,0,373,0,0,0,0
0,0,0,18,1.9,Joy Mukena,Defender,0,0,0,0,0,0,0
995,0,0,26,1.86,Marvin Zeegelaar,Defender,12,1,422,4,1,17,23
2241,1,1,28,1.71,Kiko Femenía,Defender,28,0,953,5,0,26,68
2045,1,1,27,1.71,Kiko Femenía,Defender,29,1,925,1,0,12,48
1716,1,1,26,1.71,Kiko Femenía,Defender,23,1,794,2,0,7,36
2262,1,1,24,1.85,Will Hughes,Midfielder,30,1,840,9,0,53,75
15,1,0,19,1.87,Dodi Lukébakio,Forward,1,0,6,0,0,0,1
2872,1,1,23,1.84,Richarlison,Forward,34,3,749,4,1,33,50
3080,1,1,22,1.84,Richarlison,Forward,36,3,788,8,0,43,70
2679,1,0,21,1.84,Richarlison,Forward,35,1,793,5,1,32,49
2827,0,0,20,1.84,Richarlison,Forward,38,4,804,4,0,37,64
0,0,0,18,0,Harry Souttar,Defender,0,0,0,0,0,0,0
334,1,1,23,1.78,Konstantinos Stafylidis,Defender,5,0,94,0,0,4,12
1309,0,0,25,1.81,Moritz Bauer,Defender,15,0,286,4,0,19,24
1140,0,0,26,1.8,Badou Ndiaye,Midfielder,13,1,337,5,0,24,53
2248,1,1,28,1.91,Eric Maxim Choupo-Moting,Forward,30,5,641,3,0,21,42
615,0,0,24,1.78,Jesé,Forward,13,1,146,0,0,5,10
0,0,0,30,1.9,Adam Legzdins,Goalkeeper,0,0,0,0,0,0,0
3071,1,1,20,1.83,Dwight McNeil,Midfielder,36,5,1106,1,0,11,47
3345,1,0,19,1.83,Dwight McNeil,Midfielder,38,6,1029,5,0,29,47
1598,0,0,18,1.83,Dwight McNeil,Midfielder,21,5,453,2,0,15,36
0,0,0,17,1.83,Dwight McNeil,Midfielder,1,0,1,0,0,0,0
2751,1,1,28,1.91,Chris Wood,Forward,33,3,653,0,0,38,12
2446,1,0,27,1.91,Chris Wood,Forward,32,1,460,1,0,34,7
2595,0,1,26,1.91,Chris Wood,Forward,38,2,599,2,0,26,13
1634,1,0,25,1.91,Chris Wood,Forward,24,1,415,1,0,18,7
45,1,0,27,1.7,Nahki Wells,Forward,9,0,16,0,0,4,4
0,0,0,28,1.93,Ali Gabr,Defender,0,0,0,0,0,0,0
1350,0,0,28,1.93,Ali Gabr,Defender,0,0,0,0,0,0,0
0,0,0,18,1.83,Kyle Jameson,Defender,0,0,0,0,0,0,0
0,0,0,16,1.84,Nathan Ferguson,Defender,0,0,0,0,0,0,0
0,0,0,18,1.78,Max Melbourne,Defender,0,0,0,0,0,0,0
1642,0,1,27,1.87,Grzegorz Krychowiak,Midfielder,27,2,813,2,0,31,40
0,0,0,16,0,Rayhaan Tulloch,Forward,0,0,0,0,0,0,0
1272,1,0,23,1.88,Oliver Burke,Midfielder,25,1,252,2,0,23,16
356,1,1,20,1.88,Oliver Burke,Midfielder,15,2,140,0,0,2,6
0,0,0,28,1.93,Erwin Mulder,Goalkeeper,0,0,0,0,0,0,0
703,1,0,19,1.76,Renato Sanches,Midfielder,12,0,379,1,0,8,12
756,0,0,28,1.72,Roque Mesa,Midfielder,11,0,486,3,0,14,20
0,1,0,24,1.95,Christian Walton,Goalkeeper,0,0,0,0,0,0,0
0,0,0,32,1.91,Niki Mäenpää,Goalkeeper,0,0,0,0,0,0,0
1231,1,0,27,1.93,Shane Duffy,Defender,19,0,641,2,0,14,18
3088,0,0,26,1.93,Shane Duffy,Defender,35,1,1305,4,1,22,35
3294,0,1,25,1.93,Shane Duffy,Defender,37,1,1358,8,0,33,31
2933,0,0,28,1.92,Lewis Dunk,Defender,33,0,2223,5,2,22,30
3231,0,1,27,1.92,Lewis Dunk,Defender,36,3,2251,9,0,19,40
3153,1,0,26,1.92,Lewis Dunk,Defender,36,1,1490,5,1,22,42
3420,0,0,25,1.92,Lewis Dunk,Defender,38,1,1496,7,0,36,67
17,0,1,31,1.89,Uwe Hünemeier,Defender,1,0,4,0,0,0,0
199,0,0,24,1.91,Connor Goldson,Defender,3,0,83,1,0,2,2
0,1,0,31,1.79,Markus Suttner,Defender,0,0,0,0,0,0,0
1177,0,1,30,1.79,Markus Suttner,Defender,14,0,438,0,0,5,25
55,0,1,31,1.83,Gaëtan Bong,Defender,4,0,27,0,0,0,1
1805,1,0,30,1.83,Gaëtan Bong,Defender,22,0,602,0,0,11,16
2239,0,0,29,1.83,Gaëtan Bong,Defender,25,0,772,2,0,16,39
361,0,1,30,1.87,Ezequiel Schelotto,Defender,8,0,121,2,0,7,4
1315,0,0,28,1.87,Ezequiel Schelotto,Defender,20,0,455,3,0,8,20
162,0,0,33,1.78,Liam Rosenior,Defender,3,0,65,0,0,1,4
210,1,1,28,1.85,Davy Pröpper,Midfielder,7,0,93,0,0,1,6
2828,1,1,27,1.85,Davy Pröpper,Midfielder,35,2,1784,4,0,31,64
2551,1,0,26,1.85,Davy Pröpper,Midfielder,30,1,1213,2,0,33,50
3120,0,0,25,1.85,Davy Pröpper,Midfielder,35,4,1387,2,1,41,73
2480,0,0,29,1.81,Pascal Groß,Midfielder,34,8,1424,3,0,19,45
1803,0,1,28,1.81,Pascal Groß,Midfielder,29,4,899,4,0,23,36
1880,1,0,27,1.81,Pascal Groß,Midfielder,25,3,810,1,0,11,28
2949,0,0,26,1.81,Pascal Groß,Midfielder,38,8,1215,2,0,33,36
258,1,1,31,1.85,Dale Stephens,Midfielder,7,0,119,1,0,8,11
0,1,1,31,1.85,Dale Stephens,Midfielder,7,0,119,1,0,8,11
2529,1,1,30,1.85,Dale Stephens,Midfielder,33,1,1675,8,0,42,73
2487,1,0,29,1.85,Dale Stephens,Midfielder,30,1,1353,6,1,44,84
3240,0,0,28,1.85,Dale Stephens,Midfielder,36,3,1757,6,0,50,104
2223,0,0,29,1.75,Oliver Norwood,Midfielder,32,0,1405,6,0,26,49
3100,0,0,28,1.75,Oliver Norwood,Midfielder,38,1,2007,8,0,32,66
932,1,1,30,1.78,Beram Kayal,Midfielder,18,1,271,4,0,18,28
739,1,0,29,1.78,Beram Kayal,Midfielder,19,0,227,2,0,15,18
0,0,0,20,1.76,Jayson Molumby,Midfielder,1,0,1,0,0,0,0
0,0,0,18,1.76,Jayson Molumby,Midfielder,0,0,0,0,0,0,0
0,0,0,17,1.76,Jayson Molumby,Midfielder,0,0,0,0,0,0,0
0,0,0,21,1.75,Max Sanders,Midfielder,0,0,0,0,0,0,0
0,0,0,19,1.75,Max Sanders,Midfielder,0,0,0,0,0,0,0
1674,1,1,26,1.8,Solly March,Midfielder,21,1,717,0,0,26,49
1143,1,1,25,1.8,Solly March,Midfielder,19,1,492,2,0,10,25
2472,1,1,24,1.8,Solly March,Midfielder,35,5,756,1,0,29,56
1841,1,0,23,1.8,Solly March,Midfielder,36,1,637,3,0,29,54
8,1,0,28,1.71,José Izquierdo,Forward,1,0,7,0,0,0,0
794,1,0,26,1.71,José Izquierdo,Forward,15,1,205,1,0,6,15
1986,0,1,25,1.71,José Izquierdo,Forward,32,3,523,2,0,20,23
165,0,0,27,1.78,Jamie Murphy,Forward,4,0,43,0,0,1,2
0,0,0,25,1.77,Jiri Skalak,Midfielder,0,0,0,0,0,0,0
0,1,1,28,1.72,Anthony Knockaert,Midfielder,0,0,0,0,0,0,0
1831,0,0,26,1.72,Anthony Knockaert,Midfielder,30,6,616,4,1,22,33
2425,0,0,25,1.72,Anthony Knockaert,Midfielder,33,1,984,4,1,22,39
86,0,1,25,1.86,Jürgen Locadia,Forward,2,0,19,0,0,0,0
1228,1,1,24,1.86,Jürgen Locadia,Forward,26,0,331,1,0,22,15
223,1,1,23,1.86,Jürgen Locadia,Forward,6,1,51,0,0,2,1
30,1,0,28,1.7,Sam Baldock,Forward,2,0,7,0,0,0,0
847,0,0,30,1.82,Tomer Hemed,Forward,16,2,234,0,0,10,7
790,1,1,20,1.75,Aaron Connolly,Forward,17,1,92,0,0,6,6
1259,1,1,19,1.75,Aaron Connolly,Forward,24,1,146,0,0,16,7
0,1,0,18,1.67,Kyle Taylor,Midfielder,0,0,0,0,0,0,0
0,0,0,17,1.67,Kyle Taylor,Midfielder,0,0,0,0,0,0,0
0,0,0,20,1.75,Connor Mahoney,Midfielder,0,0,0,0,0,0,0
0,0,1,31,1.95,Jonas Lössl,Goalkeeper,0,0,0,0,0,0,0
0,1,0,30,1.95,Jonas Lössl,Goalkeeper,0,0,0,0,0,0,0
2777,0,0,29,1.95,Jonas Lössl,Goalkeeper,31,1,1006,1,0,0,0
3420,0,1,28,1.95,Jonas Lössl,Goalkeeper,38,1,1284,1,0,0,0
0,0,0,18,1.9,Ryan Schofield,Goalkeeper,0,0,0,0,0,0,0
90,1,1,26,1.88,Terence Kongolo,Defender,1,0,44,0,0,1,3
2722,1,0,24,1.88,Terence Kongolo,Defender,32,1,1149,4,0,20,74
1047,0,1,23,1.88,Terence Kongolo,Defender,13,0,311,0,0,5,33
3262,1,0,28,1.88,Christopher Schindler,Defender,37,0,1551,4,1,26,61
3266,0,0,27,1.88,Christopher Schindler,Defender,37,1,1389,6,1,30,83
2148,0,0,28,1.89,Zanka,Defender,24,1,1173,6,0,33,49
3420,0,0,27,1.89,Zanka,Defender,38,2,1561,6,0,45,55
31,1,0,26,1.92,Michael Hefele,Defender,2,0,9,1,0,2,0
180,1,0,30,1.83,Martin Cranie,Defender,3,0,90,0,0,0,3
1113,0,0,26,1.89,Scott Malone,Defender,22,1,493,3,0,19,39
2056,1,0,29,1.73,Chris Löwe,Defender,29,2,840,2,0,14,34
1595,0,0,28,1.73,Chris Löwe,Defender,23,0,619,1,0,13,43
1841,0,0,24,1.82,Florent Hadergjonaj,Defender,24,0,726,1,0,11,30
1671,0,0,23,1.82,Florent Hadergjonaj,Defender,23,1,618,3,0,17,21
717,0,0,22,1.9,Jon Gorenc Stankovic,Defender,11,0,294,2,0,9,26
0,0,1,21,1.9,Jon Gorenc Stankovic,Defender,0,0,0,0,0,0,0
2377,1,1,29,1.76,Jonathan Hogg,Midfielder,29,1,1546,8,1,58,78
2410,1,1,28,1.76,Jonathan Hogg,Midfielder,30,0,1413,8,1,32,93
2532,1,1,23,1.93,Philip Billing,Midfielder,34,1,1154,8,0,38,72
2191,1,0,22,1.93,Philip Billing,Midfielder,27,0,1074,7,0,37,74
760,0,0,21,1.93,Philip Billing,Midfielder,16,0,371,3,0,14,25
67,0,0,35,1.83,Dean Whitehead,Midfielder,4,0,50,0,0,0,0
48,1,0,21,1.86,Abdelhamid Sabiri,Midfielder,2,0,8,0,0,0,2
219,0,1,20,1.86,Abdelhamid Sabiri,Midfielder,5,1,98,1,0,4,5
408,1,0,27,1.81,Rajiv van La Parra,Forward,5,0,105,0,0,4,9
2144,0,0,26,1.81,Rajiv van La Parra,Forward,33,0,633,3,1,29,41
1181,0,1,26,1.78,Elias Kachunga,Forward,20,0,296,2,0,24,22
1338,1,1,25,1.78,Elias Kachunga,Forward,19,1,339,1,0,20,30
219,0,1,24,1.79,Joe Lolley,Forward,6,0,65,1,0,3,2
1060,0,0,29,1.91,Laurent Depoitre,Forward,23,1,274,1,0,19,6
1808,0,0,28,1.91,Laurent Depoitre,Forward,33,1,482,1,0,28,14
37,0,1,27,1.91,Collin Quaner,Forward,2,0,17,0,0,2,0
1271,1,1,26,1.91,Collin Quaner,Forward,26,4,422,4,0,14,22
0,0,0,19,1.98,Arijanet Muric,Goalkeeper,0,0,0,0,0,0,0
0,0,1,21,1.9,Philippe Sandler,Defender,0,0,0,0,0,0,0
380,0,0,19,1.82,Eric García,Defender,6,0,339,0,0,4,8
788,0,0,18,1.82,Eric García,Defender,13,0,728,1,0,9,6
2791,0,0,22,1.77,Douglas Luiz,Midfielder,33,2,1415,8,1,59,49
2608,0,1,21,1.77,Douglas Luiz,Midfielder,36,2,1208,8,0,51,46
0,0,0,20,1.8,Claudio Gomes,Midfielder,0,0,0,0,0,0,0
0,0,0,19,1.7,Adrián Bernabé,Midfielder,0,0,0,0,0,0,0
0,0,0,19,1.9,Felix Nmecha,Midfielder,0,0,0,0,0,0,0
2970,1,1,27,1.91,Alisson,Goalkeeper,33,0,988,1,0,1,0
2545,1,0,26,1.91,Alisson,Goalkeeper,29,1,805,0,1,1,0
3420,0,1,25,1.91,Alisson,Goalkeeper,38,0,1076,1,0,0,0
180,0,0,21,1.88,Caoimhin Kelleher,Goalkeeper,2,0,52,0,0,0,0
0,0,0,20,1.88,Caoimhin Kelleher,Goalkeeper,0,0,0,0,0,0,0
571,0,0,18,1.83,Ki-Jana Hoever,Defender,12,0,291,1,0,4,14
0,0,0,17,1.83,Ki-Jana Hoever,Defender,0,0,0,0,0,0,0
2566,1,1,26,1.88,Fabinho,Midfielder,30,0,2108,6,0,29,58
2074,1,1,25,1.88,Fabinho,Midfielder,28,3,1578,6,0,32,62
2013,1,0,24,1.88,Fabinho,Midfielder,28,2,1610,6,0,29,59
521,1,1,25,1.72,Naby Keïta,Midfielder,10,0,356,1,0,13,11
0,0,0,18,1.75,Rafael Camacho,Midfielder,1,0,0,0,0,0,1
584,1,0,25,1.86,Kepa Arrizabalaga,Goalkeeper,7,0,205,1,0,0,0
2970,0,1,24,1.86,Kepa Arrizabalaga,Goalkeeper,33,0,938,0,0,0,0
3240,1,1,23,1.86,Kepa Arrizabalaga,Goalkeeper,36,0,1003,2,0,0,0
2013,0,0,28,1.8,Jorginho,Midfielder,28,1,1783,2,0,32,57
2382,0,0,27,1.8,Jorginho,Midfielder,31,2,2257,10,0,27,66
3165,0,0,26,1.8,Jorginho,Midfielder,37,0,3118,8,0,33,76
1818,1,1,26,1.76,Mateo Kovacic,Midfielder,27,1,1762,4,0,16,46
2074,1,1,25,1.76,Mateo Kovacic,Midfielder,31,3,1868,8,0,20,63
1743,1,1,24,1.76,Mateo Kovacic,Midfielder,32,2,1468,3,0,19,45
2532,0,0,20,1.82,Conor Gallagher,Midfielder,30,2,890,11,0,43,81
1735,1,1,21,1.77,Christian Pulisic,Midfielder,27,2,662,2,0,13,19
1727,1,1,20,1.77,Christian Pulisic,Midfielder,25,4,668,0,0,14,23
1092,1,1,30,1.84,Gonzalo Higuaín,Forward,14,0,316,0,0,6,10
0,0,0,18,1.83,Timothy Eyoma,Defender,0,0,0,0,0,0,0
71,1,0,18,1.75,Oliver Skipp,Midfielder,7,0,38,0,0,1,2
216,0,0,17,1.75,Oliver Skipp,Midfielder,8,0,143,0,0,4,7
0,0,0,19,1.77,George Marsh,Midfielder,0,0,0,0,0,0,0
186,0,0,19,1.8,Brandon Williams,Defender,4,0,123,0,0,2,0
65,1,0,20,1.83,Diogo Dalot,Defender,4,0,51,0,0,1,3
1014,0,1,19,1.83,Diogo Dalot,Defender,16,2,423,3,0,12,24
8,0,0,18,1.82,James Garner,Midfielder,1,0,14,0,0,0,0
0,0,0,17,1.82,James Garner,Midfielder,1,0,1,0,0,0,0
2395,0,0,27,1.69,Fred,Midfielder,30,0,1806,5,0,45,81
2159,0,0,26,1.69,Fred,Midfielder,29,0,1668,8,0,42,60
1044,0,0,25,1.69,Fred,Midfielder,17,1,769,2,0,25,29
34,0,0,19,1.85,Tahith Chong,Midfielder,3,0,14,0,0,2,0
36,0,0,18,1.85,Tahith Chong,Midfielder,2,0,15,0,0,0,0
1311,1,1,17,1.81,Mason Greenwood,Forward,31,1,495,0,0,12,17
115,1,0,16,1.81,Mason Greenwood,Forward,3,0,60,0,0,0,3
3132,0,1,28,1.9,Bernd Leno,Goalkeeper,35,0,997,0,1,2,0
2650,1,1,27,1.9,Bernd Leno,Goalkeeper,30,0,800,2,0,0,0
2835,1,1,26,1.9,Bernd Leno,Goalkeeper,32,0,922,0,0,0,0
939,1,1,34,1.82,Stephan Lichtsteiner,Defender,14,0,480,3,0,11,15
1507,1,1,23,1.66,Lucas Torreira,Midfielder,29,1,903,7,0,24,31
2376,1,0,22,1.66,Lucas Torreira,Midfielder,34,2,1590,7,1,38,65
2561,1,1,18,1.78,Bukayo Saka,Midfielder,32,3,978,1,0,28,25
1753,1,0,17,1.78,Bukayo Saka,Midfielder,26,5,675,6,0,22,36
7,0,0,16,1.78,Bukayo Saka,Midfielder,1,0,0,0,0,0,0
67,1,1,24,1.76,Denis Suárez,Midfielder,4,0,34,0,0,0,1
1449,1,1,20,1.82,Emile Smith Rowe,Midfielder,20,4,726,0,0,5,14
97,1,1,19,1.82,Emile Smith Rowe,Midfielder,2,0,35,0,0,0,1
0,1,0,18,1.82,Emile Smith Rowe,Midfielder,0,0,0,0,0,0,0
0,0,0,18,1.83,Tyreece John-Jules,Forward,0,0,0,0,0,0,0
47,0,0,20,1.92,João Virgínia,Goalkeeper,1,0,12,0,0,0,0
0,0,0,19,1.92,João Virgínia,Goalkeeper,0,0,0,0,0,0,0
1939,1,1,25,1.95,Yerry Mina,Defender,24,0,1257,2,0,22,21
2282,1,1,24,1.95,Yerry Mina,Defender,29,1,1361,3,0,20,39
890,1,1,23,1.95,Yerry Mina,Defender,13,0,504,3,0,13,14
2682,1,1,27,1.78,Lucas Digne,Defender,30,7,1266,2,1,33,63
3036,1,1,26,1.78,Lucas Digne,Defender,35,7,1374,6,0,43,73
2966,1,1,25,1.78,Lucas Digne,Defender,35,4,1457,5,1,39,72
1569,1,1,27,1.88,André Gomes,Midfielder,28,1,876,3,0,35,35
1460,1,1,26,1.88,André Gomes,Midfielder,19,1,851,6,0,38,22
1986,1,1,25,1.88,André Gomes,Midfielder,27,1,1200,7,0,49,39
448,0,1,27,1.64,Bernard,Forward,12,0,252,2,0,6,8
1279,1,0,26,1.64,Bernard,Forward,27,2,540,2,0,19,32
2128,0,1,25,1.64,Bernard,Forward,34,3,806,5,0,17,49
0,0,1,22,1.94,Filip Benkovic,Defender,0,0,0,0,0,0,0
956,0,1,26,1.75,Ricardo Pereira,Defender,15,1,464,3,0,18,31
2520,1,0,25,1.75,Ricardo Pereira,Defender,28,2,1572,1,0,45,119
3125,0,1,24,1.75,Ricardo Pereira,Defender,35,6,1532,7,0,41,118
3358,0,0,23,1.76,Youri Tielemans,Midfielder,38,4,2482,6,0,37,86
2834,0,0,22,1.76,Youri Tielemans,Midfielder,37,6,1780,2,0,32,52
1092,0,1,21,1.76,Youri Tielemans,Midfielder,13,4,641,2,0,10,17
733,0,1,26,1.82,Rachid Ghezzal,Midfielder,19,0,422,3,0,13,14
1378,1,0,23,1.94,Issa Diop,Defender,18,0,583,3,0,8,20
2766,0,0,22,1.94,Issa Diop,Defender,32,1,974,8,0,31,27
2970,0,1,21,1.94,Issa Diop,Defender,33,0,1134,4,0,18,68
1198,1,0,28,1.88,Fabián Balbuena,Defender,14,0,482,1,1,12,24
1173,0,0,27,1.88,Fabián Balbuena,Defender,17,0,503,2,0,6,17
2014,0,0,26,1.88,Fabián Balbuena,Defender,23,0,832,2,0,19,40
564,1,1,27,1.81,Ryan Fredericks,Defender,14,1,226,2,0,11,9
2237,1,1,26,1.81,Ryan Fredericks,Defender,27,3,856,7,0,25,82
1085,1,1,25,1.81,Ryan Fredericks,Defender,15,0,436,5,0,9,38
0,0,0,20,1.77,Conor Coventry,Midfielder,0,0,0,0,0,0,0
0,0,0,19,1.77,Conor Coventry,Midfielder,0,0,0,0,0,0,0
0,0,0,18,1.77,Conor Coventry,Midfielder,0,0,0,0,0,0,0
0,0,0,19,0,Joe Powell,Midfielder,0,0,0,0,0,0,0
1,0,1,27,1.75,Felipe Anderson,Midfielder,2,0,5,0,0,0,1
1504,1,1,26,1.75,Felipe Anderson,Midfielder,25,4,895,1,0,17,46
3053,1,1,25,1.75,Felipe Anderson,Midfielder,36,4,1667,3,0,27,89
362,1,1,30,1.89,Andriy Yarmolenko,Forward,15,1,135,3,0,8,5
985,1,1,29,1.89,Andriy Yarmolenko,Forward,23,1,403,2,0,16,13
459,1,1,28,1.89,Andriy Yarmolenko,Forward,9,0,203,2,0,8,4
0,0,0,22,1.77,Xande Silva,Forward,0,0,0,0,0,0,0
17,0,1,21,1.77,Xande Silva,Forward,1,0,4,0,0,0,0
90,0,0,20,1.91,Mark Travers,Goalkeeper,1,0,25,0,0,0,0
180,0,0,19,1.91,Mark Travers,Goalkeeper,2,0,43,0,0,0,0
910,1,0,21,1.9,Chris Mepham,Defender,12,0,500,1,0,11,20
849,0,0,20,1.9,Chris Mepham,Defender,13,1,405,1,0,7,9
2335,0,1,26,1.83,Diego Rico,Defender,27,4,1085,6,0,18,61
607,1,0,25,1.83,Diego Rico,Defender,12,0,285,1,0,10,14
2708,1,1,24,1.79,Jefferson Lerma,Midfielder,33,2,1398,11,1,42,54
2510,1,1,23,1.79,Jefferson Lerma,Midfielder,30,0,1561,12,0,43,45
0,0,0,18,1.75,Nnamdi Ofoborh,Midfielder,0,0,0,0,0,0,0
511,1,1,22,1.73,David Brooks,Midfielder,9,0,153,1,0,4,5
2279,1,0,21,1.73,David Brooks,Midfielder,30,5,855,3,0,15,38
2574,1,0,27,1.99,Jannik Vestergaard,Defender,30,0,1763,3,1,19,50
1496,0,1,26,1.99,Jannik Vestergaard,Defender,19,0,822,3,0,9,19
2030,1,1,25,1.99,Jannik Vestergaard,Defender,23,0,845,2,0,17,53
101,0,0,21,1.8,Yan Valery,Defender,3,0,45,0,0,1,5
784,0,0,20,1.8,Yan Valery,Defender,11,0,222,1,0,7,20
1714,0,0,19,1.8,Yan Valery,Defender,23,1,399,3,1,27,42
90,0,0,19,1.79,Kayne Ramsay,Defender,1,0,19,1,0,1,5
90,0,0,17,1.79,Kayne Ramsay,Defender,1,0,14,0,0,0,0
2774,1,1,28,1.83,Stuart Armstrong,Midfielder,33,5,1236,3,0,34,60
1717,1,1,27,1.83,Stuart Armstrong,Midfielder,30,3,579,4,0,25,32
110,0,0,19,1.8,Callum Slattery,Midfielder,3,0,31,0,0,4,4
790,1,0,23,1.78,Mohamed Elyounoussi,Midfielder,16,0,222,0,0,10,16
3330,0,0,32,1.9,Rui Patrício,Goalkeeper,37,0,662,1,0,0,0
3420,0,0,31,1.9,Rui Patrício,Goalkeeper,38,0,734,0,0,0,0
3330,0,0,30,1.9,Rui Patrício,Goalkeeper,37,0,759,0,0,0,0
180,0,0,26,1.9,Will Norris,Goalkeeper,2,0,56,0,0,0,0
0,0,0,24,1.9,Will Norris,Goalkeeper,1,0,0,0,0,0,0
1880,1,1,29,1.95,Willy Boly,Defender,21,1,1036,2,0,15,33
1980,1,0,28,1.95,Willy Boly,Defender,22,1,984,1,1,24,57
3169,0,0,27,1.95,Willy Boly,Defender,36,0,1715,2,1,29,85
3304,0,0,27,1.85,Conor Coady,Defender,37,0,1857,5,0,22,35
3420,0,0,26,1.85,Conor Coady,Defender,38,0,1849,5,0,17,36
3420,0,0,25,1.85,Conor Coady,Defender,38,0,1688,5,0,10,31
2408,0,1,30,1.88,Romain Saïss,Midfielder,27,0,1428,2,0,29,35
2706,1,0,29,1.88,Romain Saïss,Midfielder,33,1,1628,10,1,43,55
1144,0,0,28,1.88,Romain Saïss,Midfielder,19,0,737,7,0,27,39
630,1,1,25,1.91,Kortney Hause,Defender,7,0,232,2,0,5,4
1544,1,1,24,1.91,Kortney Hause,Defender,18,0,799,3,0,24,21
0,1,0,23,1.91,Kortney Hause,Defender,0,0,0,0,0,0,0
172,1,1,21,1.74,Rúben Vinagre,Defender,2,0,80,0,0,2,7
643,1,0,20,1.74,Rúben Vinagre,Defender,16,0,242,1,0,7,23
703,0,0,19,1.74,Rúben Vinagre,Defender,17,0,286,1,0,12,14
1238,1,1,28,1.85,Matt Doherty,Defender,17,2,676,2,1,20,29
2840,1,0,27,1.85,Matt Doherty,Defender,36,3,1476,1,0,28,55
3147,0,0,26,1.85,Matt Doherty,Defender,38,5,1399,5,0,30,67
2680,0,0,23,1.8,Rúben Neves,Midfielder,36,1,1979,8,0,46,86
3060,0,0,22,1.8,Rúben Neves,Midfielder,38,2,2023,9,0,29,62
3009,0,0,21,1.8,Rúben Neves,Midfielder,35,3,1940,8,0,37,75
2793,0,0,24,1.88,Leander Dendoncker,Midfielder,38,0,1323,5,0,31,68
1469,0,0,23,1.88,Leander Dendoncker,Midfielder,19,0,607,1,0,11,53
2533,0,0,33,1.7,João Moutinho,Midfielder,33,1,1721,3,1,44,75
3108,0,0,32,1.7,João Moutinho,Midfielder,38,6,1839,7,0,40,93
3040,0,1,31,1.7,João Moutinho,Midfielder,38,8,1863,4,0,53,113
0,0,0,19,1.79,Ryan Giles,Midfielder,0,0,0,0,0,0,0
0,0,0,18,1.79,Ryan Giles,Midfielder,0,0,0,0,0,0,0
410,1,1,20,1.78,Morgan Gibbs-White,Midfielder,11,0,222,1,0,5,9
124,1,0,19,1.78,Morgan Gibbs-White,Midfielder,7,0,79,0,0,2,0
647,0,0,18,1.78,Morgan Gibbs-White,Midfielder,26,1,317,1,0,8,6
1112,1,1,23,1.78,Diogo Jota,Forward,19,0,426,2,0,25,12
0,1,1,23,1.78,Diogo Jota,Forward,19,0,426,2,0,25,12
2298,1,1,22,1.78,Diogo Jota,Forward,34,1,840,4,0,42,28
2369,1,0,21,1.78,Diogo Jota,Forward,33,5,745,11,0,42,28
2475,1,1,26,1.75,Ivan Cavaleiro,Forward,36,0,724,2,0,30,23
682,1,0,24,1.75,Ivan Cavaleiro,Forward,23,1,294,1,0,13,5
1153,0,0,26,1.79,Hélder Costa,Forward,22,3,303,0,0,20,25
1345,0,0,24,1.79,Hélder Costa,Forward,25,2,442,3,0,20,18
3123,0,1,27,1.89,Raúl Jiménez,Forward,38,7,1059,4,0,42,30
128,0,0,24,1.85,Léo Bonatini,Forward,7,1,57,0,0,0,1
0,0,0,20,1.8,Bright Enobakhare,Forward,0,0,0,0,0,0,0
0,0,0,20,1.85,Benny Ashley-Seal,Forward,0,0,0,0,0,0,0
3330,0,1,33,1.9,Vicente Guaita,Goalkeeper,37,0,921,2,0,0,0
3150,1,1,32,1.9,Vicente Guaita,Goalkeeper,35,0,884,1,0,0,0
1755,1,1,31,1.9,Vicente Guaita,Goalkeeper,20,0,499,2,0,1,0
0,0,0,20,1.84,Joe Tupper,Goalkeeper,0,0,0,0,0,0,0
0,0,0,21,1.85,Sam Woods,Defender,0,0,0,0,0,0,0
0,0,0,20,1.85,Sam Woods,Defender,0,0,0,0,0,0,0
0,0,0,19,1.85,Sam Woods,Defender,0,0,0,0,0,0,0
0,0,1,24,1.73,Max Meyer,Midfielder,0,0,0,0,0,0,0
649,1,0,23,1.73,Max Meyer,Midfielder,17,0,201,1,0,6,19
1413,0,0,22,1.73,Max Meyer,Midfielder,29,2,663,3,0,10,33
0,0,0,20,1.76,Giovanni McGregor,Midfielder,0,0,0,0,0,0,0
630,1,1,26,1.93,Marcus Bettinelli,Goalkeeper,7,0,211,1,0,0,0
0,0,1,32,1.84,Fabri,Goalkeeper,0,0,0,0,0,0,0
180,0,0,30,1.84,Fabri,Goalkeeper,2,0,47,0,0,0,0
122,0,1,30,1.85,Maxime Le Marchand,Defender,2,0,85,2,0,3,2
2251,0,0,28,1.85,Maxime Le Marchand,Defender,26,1,1386,5,0,28,56
630,0,0,32,1.86,Tim Ream,Defender,7,0,468,0,0,3,12
2049,1,0,30,1.86,Tim Ream,Defender,26,0,1053,1,0,12,23
662,0,1,26,1.73,Joe Bryan,Defender,16,0,314,2,0,10,15
2350,1,0,24,1.73,Joe Bryan,Defender,28,1,951,5,0,25,61
0,0,0,27,1.88,Cyrus Christie,Defender,0,0,0,0,0,0,0
1943,0,0,25,1.88,Cyrus Christie,Defender,28,1,884,7,0,29,41
270,0,1,32,1.78,Denis Odoi,Defender,3,0,168,1,0,7,3
2593,0,0,30,1.78,Denis Odoi,Defender,31,1,1332,4,0,37,48
0,0,0,18,1.75,Steven Sessegnon,Defender,0,0,0,0,0,0,0
841,1,1,29,1.92,Kevin McDonald,Midfielder,15,0,578,4,1,12,15
87,0,0,24,1.84,Ibrahima Cissé,Midfielder,3,0,34,0,0,1,0
760,1,1,29,1.85,Tom Cairney,Midfielder,10,1,594,2,0,4,9
2197,1,1,27,1.85,Tom Cairney,Midfielder,31,1,1373,0,0,9,37
0,1,1,29,1.82,Stefan Johansen,Midfielder,0,0,0,0,0,0,0
411,0,0,27,1.82,Stefan Johansen,Midfielder,12,0,250,4,0,6,10
0,0,0,20,1.77,Luca de la Torre,Midfielder,0,0,0,0,0,0,0
341,1,1,19,1.78,Ryan Sessegnon,Midfielder,6,0,159,0,0,4,6
2294,1,0,18,1.78,Ryan Sessegnon,Midfielder,35,6,687,0,0,20,23
1651,1,1,27,1.84,André Schürrle,Midfielder,24,0,523,2,0,17,29
1260,1,0,31,1.85,Ryan Babel,Midfielder,16,3,469,3,0,14,8
116,1,0,28,1.7,Neeskens Kebano,Midfielder,5,0,36,0,0,3,0
101,1,0,26,1.7,Neeskens Kebano,Midfielder,7,0,29,0,0,0,3
465,1,1,29,1.75,Floyd Ayité,Forward,16,0,192,0,0,6,4
6,0,0,16,1.7,Harvey Elliott,Midfielder,2,0,11,0,0,0,0
18,0,0,15,1.7,Harvey Elliott,Midfielder,2,0,11,0,0,0,0
981,0,0,24,1.73,Luciano Vietto,Forward,20,4,386,1,0,13,14
309,0,0,25,1.77,Aboubakar Kamara,Forward,11,0,112,1,1,9,2
687,0,1,23,1.77,Aboubakar Kamara,Forward,13,0,226,2,0,24,8
1243,1,1,28,1.86,Fabian Schär,Defender,18,0,581,4,1,22,13
1671,1,1,27,1.86,Fabian Schär,Defender,22,0,761,5,0,29,39
2002,1,1,26,1.86,Fabian Schär,Defender,24,1,994,12,0,28,60
0,0,0,18,1.85,Lewis Cass,Defender,0,0,0,0,0,0,0
4,0,1,23,1.83,Antonio Barreca,Defender,1,0,2,0,0,0,0
1407,1,1,22,1.81,Sean Longstaff,Midfielder,22,1,558,2,0,22,31
1372,1,1,21,1.81,Sean Longstaff,Midfielder,23,1,631,2,1,17,35
687,1,0,20,1.81,Sean Longstaff,Midfielder,9,0,293,2,0,7,17
2437,1,1,26,1.74,Miguel Almirón,Midfielder,34,1,850,3,0,18,49
3034,1,1,25,1.74,Miguel Almirón,Midfielder,36,2,829,5,0,30,60
763,1,1,24,1.74,Miguel Almirón,Midfielder,10,0,241,0,0,6,20
207,1,1,27,1.78,Yoshinori Muto,Forward,8,0,32,0,0,2,3
516,1,1,26,1.78,Yoshinori Muto,Forward,17,0,113,1,0,13,8
26,1,0,18,1.88,Ben Wilmot,Defender,2,0,9,0,0,0,0
1818,0,0,25,1.91,Adam Masina,Defender,26,0,697,3,0,26,38
1003,0,0,24,1.91,Adam Masina,Defender,14,1,436,5,0,17,30
58,0,1,26,1.83,Dimitri Foulquier,Defender,3,0,10,0,0,0,1
84,1,1,23,1.88,Marc Navarro,Defender,2,0,23,0,0,1,4
0,1,0,25,1.8,Ken Sema,Midfielder,0,0,0,0,0,0,0
755,0,0,24,1.8,Ken Sema,Midfielder,17,2,236,1,0,13,16
0,1,1,22,1.86,Adalberto Peñaranda,Forward,0,0,0,0,0,0,0
0,1,1,21,1.86,Adalberto Peñaranda,Forward,0,0,0,0,0,0,0
0,0,0,19,1.87,Ali Koiki,Defender,0,0,0,0,0,0,0
0,0,0,18,1.87,Ali Koiki,Defender,0,0,0,0,0,0,0
0,0,0,20,1.81,Anthony Driscoll-Glennon,Defender,0,0,0,0,0,0,0
0,0,0,19,1.81,Anthony Driscoll-Glennon,Defender,0,0,0,0,0,0,0
0,0,0,18,1.81,Anthony Driscoll-Glennon,Defender,0,0,0,0,0,0,0
261,0,0,20,1.75,Josh Benson,Midfielder,6,0,79,0,0,4,5
0,0,0,19,1.75,Josh Benson,Midfielder,0,0,0,0,0,0,0
0,0,0,18,1.75,Josh Benson,Midfielder,0,0,0,0,0,0,0
90,0,0,31,1.91,David Button,Goalkeeper,1,0,36,0,0,0,0
0,0,1,30,1.91,David Button,Goalkeeper,0,0,0,0,0,0,0
360,1,0,29,1.91,David Button,Goalkeeper,4,0,99,0,0,0,0
0,0,0,29,1.88,Jason Steele,Goalkeeper,0,0,0,0,0,0,0
0,0,0,27,1.88,Jason Steele,Goalkeeper,0,0,0,0,0,0,0
2430,0,0,22,1.97,Robert Sánchez,Goalkeeper,27,0,984,2,0,2,0
2059,0,0,28,0,Dan Burn,Defender,27,0,1100,5,0,35,50
2881,0,0,27,0,Dan Burn,Defender,34,0,1569,5,0,32,67
0,0,0,26,0,Dan Burn,Defender,0,0,0,0,0,0,0
591,1,1,30,1.9,Leon Balogun,Defender,8,0,216,2,0,5,12
3196,0,0,22,1.86,Ben White,Defender,36,0,1747,3,1,30,49
0,0,0,20,1.86,Ben White,Defender,0,0,0,0,0,0,0
205,0,0,25,1.86,Bernardo,Defender,3,0,74,0,0,1,10
675,0,1,24,1.86,Bernardo,Defender,14,0,330,1,0,3,27
1750,1,1,23,1.86,Bernardo,Defender,22,1,785,4,0,17,62
1901,0,0,28,1.75,Martín Montoya,Defender,27,1,1004,5,0,27,57
2166,0,1,27,1.75,Martín Montoya,Defender,25,1,858,4,0,29,58
0,0,0,20,1.92,Tudor Baluta,Defender,0,0,0,0,0,0,0
3114,0,0,23,1.82,Yves Bissouma,Midfielder,36,0,1685,8,1,55,104
1262,0,1,22,1.82,Yves Bissouma,Midfielder,22,0,619,4,0,31,49
1769,1,0,21,1.82,Yves Bissouma,Midfielder,28,0,715,5,0,40,62
1114,1,0,21,1.74,Alexis Mac Allister,Midfielder,21,1,396,1,0,19,26
351,0,0,20,1.74,Alexis Mac Allister,Midfielder,9,0,98,0,0,4,9
518,1,1,26,0,Alireza Jahanbakhsh,Forward,21,1,232,3,0,7,9
307,1,1,25,0,Alireza Jahanbakhsh,Forward,10,0,112,0,0,2,8
1022,1,1,24,0,Alireza Jahanbakhsh,Forward,19,0,277,2,0,19,32
102,1,1,26,1.75,Percy Tau,Forward,3,1,31,0,0,0,1
0,1,1,27,1.8,Florin Andone,Forward,0,0,0,0,0,0,0
72,1,0,26,1.8,Florin Andone,Forward,3,0,12,0,1,2,1
872,0,1,25,1.8,Florin Andone,Forward,23,0,165,5,0,28,10
0,0,0,20,1.87,Viktor Gyökeres,Forward,0,0,0,0,0,0,0
2050,1,0,26,1.83,Erik Durm,Defender,28,1,774,0,0,13,35
69,0,0,17,0,Aaron Rowe,Midfielder,2,0,20,0,0,2,1
551,0,1,22,1.84,Adama Diakhaby,Forward,12,0,147,1,0,7,6
979,0,0,22,1.88,Isaac Mbenza,Forward,22,1,232,1,0,8,10
874,0,0,20,1.83,Karlan Grant,Forward,13,0,212,0,0,8,5
3420,0,0,28,1.88,Neil Etheridge,Goalkeeper,38,0,1144,2,0,0,0
0,1,0,28,1.89,Alex Smithies,Goalkeeper,0,0,0,0,0,0,0
0,0,0,35,1.85,Brian Murphy,Goalkeeper,0,0,0,0,0,0,0
3040,0,0,27,1.94,Sean Morrison,Defender,34,3,737,6,0,32,35
3375,0,0,30,1.86,Bruno Ecuele Manga,Defender,38,1,957,0,0,15,69
2475,1,0,33,1.9,Sol Bamba,Defender,28,1,550,7,0,35,74
630,0,0,27,1.83,Greg Cunningham,Defender,7,0,179,3,0,8,18
228,0,0,33,1.78,Lee Peltier,Defender,4,0,65,1,0,4,9
1542,1,1,31,1.78,Lee Peltier,Defender,20,0,342,4,0,15,39
128,1,1,27,1.74,Jazz Richards,Defender,4,0,26,0,0,0,0
5,1,1,25,1.83,Víctor Camarasa,Midfielder,1,0,3,0,0,0,0
2579,1,1,24,1.83,Víctor Camarasa,Midfielder,32,4,885,6,0,23,28
1959,1,1,24,1.78,Joe Ralls,Midfielder,28,0,778,4,1,29,45
2274,1,0,29,1.77,Aron Gunnarsson,Midfielder,28,1,749,5,0,26,51
21,0,0,27,1.81,Loïc Damour,Midfielder,2,0,11,0,0,1,0
365,1,0,25,1.74,Kadeem Harris,Midfielder,13,0,88,1,0,4,12
984,1,0,26,1.78,Nathaniel Mendez-Laing,Midfielder,20,1,255,0,0,7,34
746,1,1,24,1.9,Kenneth Zohore,Forward,19,1,136,1,0,13,3
1997,1,0,23,1.83,Callum Paterson,Forward,27,1,552,4,0,41,21
32,0,0,27,1.91,Gary Madine,Forward,5,0,12,0,0,2,1
48,0,0,23,1.8,Rhys Healey,Forward,3,0,7,0,0,1,1
90,0,0,34,1.88,Scott Carson,Goalkeeper,1,0,10,0,0,0,0
0,0,0,33,1.88,Scott Carson,Goalkeeper,0,0,0,0,0,0,0
0,0,0,18,1.88,Taylor Harwood-Bellis,Defender,0,0,0,0,0,0,0
0,0,0,17,1.88,Taylor Harwood-Bellis,Defender,0,0,0,0,0,0,0
2302,1,0,26,1.82,João Cancelo,Defender,28,3,1854,5,1,36,68
1204,0,1,25,1.82,João Cancelo,Defender,17,0,1010,4,0,17,40
2747,0,1,24,1.91,Rodri,Midfielder,34,2,2785,6,0,44,72
0,0,0,18,1.72,Tommy Doyle,Midfielder,0,0,0,0,0,0,0
15,0,0,17,1.72,Tommy Doyle,Midfielder,1,0,20,0,0,0,0
0,0,0,18,1.82,Cole Palmer,Midfielder,0,0,0,0,0,0,0
0,0,0,36,1.93,Andy Lonergan,Goalkeeper,0,0,0,0,0,0,0
0,0,0,35,1.93,Andy Lonergan,Goalkeeper,0,0,0,0,0,0,0
0,0,0,22,1.9,Nathaniel Phillips,Defender,0,0,0,0,0,0,0
0,0,0,17,1.95,Billy Koumetio,Defender,0,0,0,0,0,0,0
248,1,1,19,1.77,Neco Williams,Defender,6,0,157,1,0,3,6
0,0,0,18,0,Leighton Clarkson,Midfielder,0,0,0,0,0,0,0
0,0,0,18,1.76,Jake Cain,Midfielder,0,0,0,0,0,0,0
717,0,1,25,1.74,Takumi Minamino,Forward,19,0,387,1,0,11,11
286,0,1,25,1.74,Takumi Minamino,Forward,19,0,387,1,0,11,11
242,1,0,24,1.74,Takumi Minamino,Forward,10,0,106,0,0,7,3
488,1,1,21,1.84,Japhet Tanganga,Defender,6,0,199,2,0,11,5
526,1,0,20,1.84,Japhet Tanganga,Defender,6,0,201,1,0,8,17
0,0,0,17,1.82,Dennis Cirkin,Defender,0,0,0,0,0,0,0
949,1,1,24,1.77,Giovani Lo Celso,Midfielder,18,1,570,5,0,19,28
1486,1,0,23,1.77,Giovani Lo Celso,Midfielder,28,2,965,6,0,28,51
0,0,1,21,1.83,Gedson Fernandes,Midfielder,0,0,0,0,0,0,0
61,1,0,20,1.83,Gedson Fernandes,Midfielder,7,0,39,0,0,0,2
1211,0,1,22,1.78,Steven Bergwijn,Forward,21,3,416,3,0,20,15
703,1,1,21,1.78,Steven Bergwijn,Forward,14,1,244,2,0,7,10
5,0,0,17,1.85,Troy Parrott,Forward,2,0,4,0,0,0,0
2366,1,1,20,1.8,Reece James,Defender,32,2,1696,3,0,31,55
1510,1,0,19,1.8,Reece James,Defender,24,2,1016,1,0,22,36
890,1,0,19,1.63,Tariq Lamptey,Defender,11,1,374,2,1,21,17
590,0,0,18,1.63,Tariq Lamptey,Defender,9,1,178,2,0,13,9
31,0,0,18,1.63,Tariq Lamptey,Defender,9,1,178,2,0,13,9
259,1,0,19,1.7,Billy Gilmour,Midfielder,5,0,225,0,0,2,4
0,0,0,16,1.7,Lewis Bate,Midfielder,0,0,0,0,0,0,0
2893,0,1,21,1.8,Mason Mount,Midfielder,36,5,1702,2,0,50,75
2874,1,1,20,1.8,Mason Mount,Midfielder,37,5,1241,3,0,37,37
4,0,0,17,1.91,Armando Broja,Forward,1,0,1,0,0,0,0
3108,0,0,25,1.79,Bruno Fernandes,Midfielder,37,12,2112,6,0,43,57
1193,0,1,24,1.79,Bruno Fernandes,Midfielder,14,7,777,2,0,9,22
2301,1,1,23,1.8,Kieran Tierney,Defender,27,3,1180,4,0,14,27
992,1,1,22,1.8,Kieran Tierney,Defender,15,1,441,2,0,8,20
1613,1,1,23,1.79,Dani Ceballos,Midfielder,25,3,1272,4,0,23,37
1699,1,0,22,1.79,Dani Ceballos,Midfielder,24,2,1251,1,0,19,45
586,1,1,19,1.76,Gabriel Martinelli,Forward,14,1,144,0,0,9,7
656,1,0,18,1.76,Gabriel Martinelli,Forward,14,0,116,1,0,9,20
1611,1,1,25,1.83,Nicolas Pépé,Forward,29,1,629,1,1,11,20
2012,1,0,24,1.83,Nicolas Pépé,Forward,31,6,706,4,0,14,32
0,1,0,18,1.95,Jarrad Branthwaite,Defender,0,0,0,0,0,0,0
298,0,0,17,1.95,Jarrad Branthwaite,Defender,4,0,223,0,0,4,8
1820,1,1,27,1.82,Djibril Sidibé,Defender,25,4,948,3,0,24,83
11,1,1,24,1.86,Jean-Philippe Gbamin,Midfielder,1,0,9,0,0,0,1
135,1,1,23,1.86,Jean-Philippe Gbamin,Midfielder,2,0,70,0,0,2,4
13,1,1,20,1.83,Moise Kean,Forward,2,0,6,0,0,1,0
834,1,0,19,1.83,Moise Kean,Forward,29,2,125,1,0,27,6
0,0,0,19,1.91,Ellis Simms,Forward,0,0,0,0,0,0,0
0,0,0,18,1.91,Ellis Simms,Forward,0,0,0,0,0,0,0
0,0,0,20,1.85,Darnell Johnson,Defender,0,0,0,0,0,0,0
2070,1,0,22,1.83,James Justin,Defender,23,1,1054,4,0,16,61
1010,0,0,21,1.83,James Justin,Defender,13,1,682,1,0,8,36
722,1,1,26,1.81,Dennis Praet,Midfielder,15,1,294,0,0,12,14
1130,1,1,25,1.81,Dennis Praet,Midfielder,27,2,521,2,0,18,33
9,0,1,20,1.91,George Hirst,Forward,2,0,5,0,0,0,0
0,0,0,19,1.88,Andreas Söndergaard,Goalkeeper,0,0,0,0,0,0,0
162,0,1,22,1.84,Jesús Vallejo,Defender,2,0,118,1,0,2,1
0,0,0,17,1.87,Christian Marques,Defender,0,0,0,0,0,0,0
21,0,0,22,1.8,Oskar Buur,Defender,1,0,14,0,0,0,0
0,0,0,21,1.8,Oskar Buur,Defender,0,0,0,0,0,0,0
185,0,0,19,1.91,Owen Otasowie,Midfielder,6,1,59,1,0,3,5
0,0,0,18,1.91,Owen Otasowie,Midfielder,0,0,0,0,0,0,0
6,1,0,20,1.8,Bruno Jordão,Midfielder,1,0,6,0,0,0,0
0,0,0,19,1.8,Taylor Perry,Midfielder,0,0,0,0,0,0,0
0,0,0,18,1.8,Taylor Perry,Midfielder,0,0,0,0,0,0,0
0,0,0,18,1.71,Luke Cundle,Midfielder,0,0,0,0,0,0,0
0,0,0,17,1.71,Luke Cundle,Midfielder,0,0,0,0,0,0,0
0,1,1,21,1.85,Meritan Shabani,Midfielder,0,0,0,0,0,0,0
2560,1,1,20,1.72,Pedro Neto,Forward,31,6,1019,4,0,24,16
926,1,0,19,1.72,Pedro Neto,Forward,29,3,349,3,0,14,9
1677,1,0,24,1.65,Daniel Podence,Midfielder,24,2,601,3,0,14,12
286,0,0,23,1.65,Daniel Podence,Midfielder,9,0,95,0,0,5,3
23,1,0,22,1.83,Patrick Cutrone,Forward,2,0,2,0,0,0,0
291,0,1,21,1.83,Patrick Cutrone,Forward,12,0,59,0,0,5,4
0,0,0,19,1.88,Leonardo Campana,Forward,0,0,0,0,0,0,0
0,0,1,34,1.88,David Martin,Goalkeeper,0,0,0,0,0,0,0
0,0,0,19,1.9,Joseph Anang,Goalkeeper,0,0,0,0,0,0,0
0,0,0,18,1.86,Gonçalo Cardoso,Defender,0,0,0,0,0,0,0
441,0,0,18,1.84,Jeremy Ngakia,Defender,5,0,106,0,0,4,15
3420,0,1,25,1.92,Tomas Soucek,Midfielder,38,1,1607,7,1,69,78
1041,1,0,24,1.92,Tomas Soucek,Midfielder,13,0,394,0,0,11,29
0,0,0,18,1.77,Bernardo Rosa,Midfielder,0,0,0,0,0,0,0
2584,0,0,24,1.78,Pablo Fornals,Midfielder,33,4,1059,3,0,26,44
2177,0,0,23,1.78,Pablo Fornals,Midfielder,36,5,843,3,0,18,46
934,0,1,26,1.9,Sébastien Haller,Forward,16,0,245,0,0,24,14
2262,1,1,25,1.9,Sébastien Haller,Forward,32,1,767,1,0,46,22
130,0,0,22,1.83,Albian Ajeti,Forward,9,0,15,0,0,6,1
638,1,0,20,0,Lloyd Kelly,Defender,8,0,201,2,0,7,7
1550,1,0,23,1.8,Jack Stacey,Defender,19,2,601,2,0,10,21
0,0,0,19,1.75,Gavin Kilkenny,Midfielder,0,0,0,0,0,0,0
0,0,0,17,1.81,Christian Saydee,Midfielder,0,0,0,0,0,0,0
1501,1,0,25,1.77,Jetro Willems,Defender,19,2,429,0,0,10,37
474,0,0,23,1.8,Valentino Lazaro,Midfielder,13,0,170,0,1,3,13
1291,1,1,26,1.84,Emil Krafth,Defender,16,0,455,4,0,12,19
1018,1,0,25,1.84,Emil Krafth,Defender,17,1,329,0,0,4,18
1988,0,1,23,1.86,Joelinton,Forward,31,2,582,3,0,24,33
2697,1,1,22,1.86,Joelinton,Forward,38,2,820,7,0,32,34
1567,1,1,23,1.73,Allan Saint-Maximin,Forward,25,4,417,0,0,10,16
1874,1,1,22,1.73,Allan Saint-Maximin,Forward,26,4,431,0,0,18,13
0,1,1,29,0,Lovre Kalinic,Goalkeeper,0,0,0,0,0,0,0
1080,1,1,36,1.88,Pepe Reina,Goalkeeper,12,0,345,1,0,1,0
0,1,1,25,1.94,Björn Engels,Defender,0,0,0,0,0,0,0
1446,1,0,24,1.94,Björn Engels,Defender,17,0,647,1,0,5,11
0,1,1,25,1.78,Frédéric Guilbert,Defender,0,0,0,0,0,0,0
2041,1,0,24,1.78,Frédéric Guilbert,Defender,25,2,749,7,0,36,74
749,0,0,26,1.77,Marvelous Nakamba,Midfielder,13,0,285,3,0,8,22
1835,0,0,25,1.77,Marvelous Nakamba,Midfielder,29,0,782,5,0,26,55
3330,0,1,25,1.78,John McGinn,Midfielder,37,5,1367,12,0,43,61
2317,1,1,24,1.78,John McGinn,Midfielder,28,3,715,3,0,37,53
228,1,0,29,1.81,Conor Hourihane,Midfielder,4,1,133,0,0,1,0
1539,0,0,28,1.81,Conor Hourihane,Midfielder,27,5,612,4,0,14,16
187,1,0,28,1.83,Henri Lansbury,Midfielder,10,0,82,0,0,4,6
614,0,0,19,1.8,Jacob Ramsey,Midfielder,22,0,221,0,0,13,10
47,0,0,18,1.75,Indiana Vassilev,Forward,4,0,11,0,0,0,0
1612,0,1,25,1.89,Anwar El Ghazi,Midfielder,28,0,523,2,0,18,16
2062,1,0,24,1.89,Anwar El Ghazi,Midfielder,34,4,479,3,0,20,20
15,1,1,23,1.91,Wesley,Forward,3,0,4,0,0,0,0
1790,1,0,22,1.91,Wesley,Forward,21,1,367,3,0,43,15
111,0,0,29,1.89,Jonathan Kodjia,Forward,6,0,27,1,0,1,0
275,0,0,20,1.9,Kevin Danso,Defender,6,1,131,0,1,4,6
67,0,0,20,1.8,Jake Vokins,Defender,1,0,13,0,0,2,0
90,0,0,19,1.8,Jake Vokins,Defender,1,0,58,0,0,0,2
3,0,0,18,1.85,Alexandre Jankewitz,Midfielder,2,0,3,0,1,1,2
0,0,0,17,1.85,Alexandre Jankewitz,Midfielder,0,0,0,0,0,0,0
0,0,0,19,1.75,Will Ferry,Midfielder,0,0,0,0,0,0,0
0,0,0,18,1.75,Will Ferry,Midfielder,0,0,0,0,0,0,0
0,0,0,20,1.79,Jacob Maddox,Midfielder,0,0,0,0,0,0,0
1237,1,1,22,1.77,Moussa Djenepo,Midfielder,27,0,382,5,0,29,52
925,1,0,21,1.77,Moussa Djenepo,Midfielder,18,2,239,4,1,23,27
741,1,1,21,1.73,Nathan Tella,Midfielder,18,1,135,2,0,16,8
2,1,0,20,1.73,Nathan Tella,Midfielder,1,0,1,0,0,0,0
2595,1,1,25,1.9,Adam Webster,Defender,29,0,1838,4,0,24,29
2670,1,1,24,1.9,Adam Webster,Defender,31,1,1880,4,0,13,30
0,0,0,19,1.73,Alex Cochrane,Defender,0,0,0,0,0,0,0
896,0,1,21,1.8,Steven Alzate,Midfielder,15,0,437,2,0,20,17
1183,1,0,20,1.8,Steven Alzate,Midfielder,19,0,603,1,0,17,33
0,0,0,18,1.91,Teddy Jenks,Midfielder,0,0,0,0,0,0,0
2618,1,1,25,1.72,Leandro Trossard,Forward,35,5,998,2,0,27,33
2012,1,1,24,1.72,Leandro Trossard,Forward,31,3,710,0,0,14,22
2520,1,1,23,1.73,Neal Maupay,Forward,33,2,650,1,1,27,20
2770,1,0,22,1.73,Neal Maupay,Forward,37,3,668,3,0,38,20
67,1,1,23,1.8,Ignacio Pussetto,Midfielder,7,0,29,1,0,3,7
22,1,0,17,1.82,João Pedro,Forward,3,0,9,0,0,1,0
0,0,0,32,1.88,Stephen Henderson,Goalkeeper,0,0,0,0,0,0,0
0,0,0,31,1.88,Stephen Henderson,Goalkeeper,0,0,0,0,0,0,0
0,0,0,20,1.88,Nikola Tavares,Defender,0,0,0,0,0,0,0
1710,0,1,20,1.75,Tyrick Mitchell,Defender,19,1,599,1,0,8,64
193,1,0,19,1.75,Tyrick Mitchell,Defender,4,0,94,1,0,1,5
13,0,0,17,1.82,Brandon Pierrick,Forward,2,0,7,0,0,0,0
0,0,0,16,1.81,John-Kymani Gordon,Forward,0,0,0,0,0,0,0
360,1,0,23,1.94,Bailey Peacock-Farrell,Goalkeeper,4,0,106,0,0,0,0
0,0,1,22,1.94,Bailey Peacock-Farrell,Goalkeeper,0,0,0,0,0,0,0
0,0,0,20,1.98,Lukas Jensen,Goalkeeper,0,0,0,0,0,0,0
270,0,0,22,1.91,Jimmy Dunne,Defender,3,0,153,1,0,2,3
0,0,1,21,1.91,Jimmy Dunne,Defender,0,0,0,0,0,0,0
0,0,0,19,1.86,Bobby Thomas,Defender,0,0,0,0,0,0,0
0,0,0,18,1.86,Bobby Thomas,Defender,0,0,0,0,0,0,0
2813,1,0,24,1.79,Josh Brownhill,Midfielder,33,1,1172,2,0,36,45
805,0,0,23,1.79,Josh Brownhill,Midfielder,10,0,331,2,0,6,14
0,0,0,20,1.8,Mace Goodridge,Midfielder,0,0,0,0,0,0,0
0,0,0,19,1.8,Mace Goodridge,Midfielder,0,0,0,0,0,0,0
2,0,0,17,0,Lewis Richardson,Midfielder,2,0,1,0,0,0,0
0,0,0,18,1.82,Max Thompson,Forward,0,0,0,0,0,0,0
36,0,0,21,1.88,Joel Mumbongo,Forward,4,0,5,1,0,1,0
0,0,0,20,1.88,Joel Mumbongo,Forward,0,0,0,0,0,0,0
22,1,1,30,1.97,Ralf Fährmann,Goalkeeper,1,0,8,0,0,0,0
158,0,0,35,1.9,Michael McGovern,Goalkeeper,2,0,40,0,0,0,0
0,0,0,18,0,Archie Mair,Goalkeeper,0,0,0,0,0,0,0
2683,1,1,22,1.84,Ben Godfrey,Defender,31,2,1219,4,0,15,55
2646,1,0,21,1.84,Ben Godfrey,Defender,30,0,1660,3,1,15,22
1430,1,0,26,1.94,Christoph Zimmermann,Defender,17,1,661,3,0,9,32
0,0,0,20,1.88,Akin Famewo,Defender,1,0,0,0,0,0,0
0,0,0,28,1.84,Philip Heise,Defender,0,0,0,0,0,0,0
3240,1,0,19,1.71,Max Aarons,Defender,36,1,1339,7,0,29,48
756,0,1,26,1.83,Ibrahim Amadou,Midfielder,11,0,369,1,0,8,18
1135,1,0,26,1.81,Tom Trybull,Midfielder,16,0,615,2,0,26,39
2966,1,0,27,1.8,Kenny McLean,Midfielder,37,1,1680,5,0,24,44
698,0,1,28,1.78,Lukas Rupp,Midfielder,12,0,265,1,0,10,15
685,1,0,26,1.78,Moritz Leitner,Midfielder,9,0,563,1,0,8,16
626,1,1,30,1.87,Mario Vrancic,Midfielder,20,0,452,3,0,13,27
0,0,0,17,1.79,Daniel Adshead,Midfielder,0,0,0,0,0,0,0
2501,1,0,21,1.8,Todd Cantwell,Midfielder,37,2,1065,6,0,33,51
729,0,0,24,1.81,Ondrej Duda,Midfielder,10,0,338,0,0,9,18
1186,0,0,28,1.9,Marco Stiepermann,Midfielder,24,0,404,6,0,22,20
1381,1,0,26,1.72,Onel Hernández,Midfielder,26,2,311,0,0,14,27
32,0,0,17,1.76,Josh Martin,Midfielder,5,0,15,0,0,1,1
2463,1,0,22,1.72,Emiliano Buendía,Midfielder,36,7,1407,6,1,36,82
2893,1,0,29,1.8,Teemu Pukki,Forward,36,3,529,3,0,23,12
634,1,1,26,1.84,Josip Drmic,Forward,21,0,160,0,1,6,3
218,1,0,18,1.9,Adam Idah,Forward,12,0,48,0,0,2,2
39,1,0,25,1.9,Dennis Srbeny,Forward,8,0,18,0,0,1,5
0,0,0,23,1.96,Michael Verrips,Goalkeeper,0,0,0,0,0,0,0
0,0,0,22,1.96,Michael Verrips,Goalkeeper,0,0,0,0,0,0,0
0,0,0,22,1.93,Jake Eastwood,Goalkeeper,0,0,0,0,0,0,0
180,0,1,26,1.9,Jack O'Connell,Defender,2,0,77,0,0,0,3
2915,1,0,25,1.9,Jack O'Connell,Defender,33,1,1557,4,0,22,23
2630,0,0,27,1.85,John Egan,Defender,31,1,1123,7,1,29,41
3189,0,0,26,1.85,John Egan,Defender,36,0,1290,3,1,34,44
0,0,1,20,1.86,Panagiotis Retsos,Defender,0,0,0,0,0,0,0
2586,0,0,32,1.9,Chris Basham,Defender,31,1,1057,5,0,25,69
3255,0,0,31,1.9,Chris Basham,Defender,38,1,1316,4,0,26,85
0,0,0,31,1.91,Richard Stearman,Defender,0,0,0,0,0,0,0
3346,1,0,29,1.83,Enda Stevens,Defender,38,4,1469,7,0,39,81
2789,1,0,27,1.78,George Baldock,Defender,32,2,897,7,0,46,47
3420,0,0,26,1.78,George Baldock,Defender,38,3,1118,7,0,47,62
5,0,0,27,1.78,Kieron Freeman,Defender,2,0,1,0,0,1,0
1120,1,0,22,1.95,Sander Berge,Midfielder,15,1,436,4,0,14,16
947,0,1,21,1.95,Sander Berge,Midfielder,14,1,368,0,0,18,22
2032,0,1,26,1.81,John Lundstram,Midfielder,28,2,999,8,1,24,25
2455,1,0,25,1.81,John Lundstram,Midfielder,34,3,1176,5,0,27,46
2576,1,1,28,1.69,John Fleck,Midfielder,31,2,1139,4,0,33,51
2516,1,0,27,1.69,John Fleck,Midfielder,30,2,999,8,0,25,36
1604,0,0,25,1.76,Ben Osborn,Midfielder,24,0,743,1,0,10,33
588,0,0,24,1.76,Ben Osborn,Midfielder,13,0,231,0,0,9,15
12,0,0,26,1.75,Ravel Morrison,Midfielder,1,0,6,0,0,1,0
728,0,0,34,1.75,Billy Sharp,Forward,16,0,112,1,0,14,5
1047,0,0,33,1.75,Billy Sharp,Forward,25,2,212,1,1,20,6
2402,1,1,32,1.84,David McGoldrick,Forward,35,1,909,7,0,45,33
1824,1,0,31,1.84,David McGoldrick,Forward,28,2,610,2,0,30,41
90,1,1,25,1.91,Zack Steffen,Goalkeeper,1,0,26,0,0,1,0
0,0,0,17,1.92,James Trafford,Goalkeeper,0,0,0,0,0,0,0
2845,0,0,23,1.87,Rúben Dias,Defender,32,0,2713,4,0,21,24
0,0,0,16,1.85,Luke Mbete,Defender,0,0,0,0,0,0,0
1307,0,0,20,1.84,Ferran Torres,Forward,24,2,406,1,0,16,12
39,0,0,17,1.86,Liam Delap,Forward,1,0,6,0,0,1,0
0,0,0,18,1.93,Liam Hughes,Goalkeeper,0,0,0,0,0,0,0
0,0,0,17,1.96,Jakub Ojrzynski,Goalkeeper,0,0,0,0,0,0,0
803,1,1,20,1.87,Ozan Kabak,Defender,9,0,584,3,0,12,19
660,1,0,19,1.95,Rhys Williams,Defender,9,0,504,0,0,4,6
5,1,0,24,1.79,Konstantinos Tsimikas,Defender,2,0,5,0,0,1,0
1857,1,1,29,1.74,Thiago,Midfielder,24,0,1720,4,0,48,61
0,0,0,19,1.87,Karlo Ziger,Goalkeeper,0,0,0,0,0,0,0
1938,1,1,35,1.81,Thiago Silva,Defender,23,0,1940,3,1,13,20
1519,0,1,21,1.9,Kai Havertz,Midfielder,27,3,766,2,0,27,18
1177,1,1,27,1.81,Hakim Ziyech,Midfielder,23,3,666,3,0,19,14
2606,1,0,24,1.8,Timo Werner,Forward,35,8,779,2,0,28,20
0,0,0,20,1.85,Nathan Bishop,Goalkeeper,0,0,0,0,0,0,0
691,0,0,27,1.81,Alex Telles,Defender,9,2,458,0,0,4,14
511,1,1,23,1.84,Donny van de Beek,Midfielder,19,1,273,1,0,5,15
8,0,0,17,1.84,Hannibal Mejbri,Midfielder,1,0,3,0,0,0,0
156,0,0,18,1.78,Anthony Elanga,Forward,2,0,53,0,0,2,4
167,0,0,18,1.73,Amad Diallo,Forward,3,1,63,0,0,2,3
10,0,0,16,1.71,Shola Shoretire,Forward,2,0,6,0,0,0,0
1366,1,1,33,1.84,Edinson Cavani,Forward,26,3,336,4,0,21,12
2249,1,1,23,1.78,Sergio Reguilón,Defender,27,3,1200,5,0,26,47
0,0,0,16,0,Alfie Devine,Midfielder,0,0,0,0,0,0,0
920,1,1,31,1.85,Gareth Bale,Forward,20,2,366,1,0,9,17
303,0,1,25,1.9,Carlos Vinícius,Forward,9,0,46,2,0,11,3
0,0,0,16,1.8,Dane Scarlett,Forward,1,0,0,0,0,0,0
15,0,1,25,1.86,Rúnar Alex Rúnarsson,Goalkeeper,1,0,9,0,0,0,0
1996,0,1,22,1.9,Gabriel Magalhães,Defender,23,0,1550,2,1,23,25
1535,1,1,27,1.85,Thomas Partey,Midfielder,24,2,1140,5,0,18,44
0,0,0,17,1.8,Miguel Azeez,Midfielder,0,0,0,0,0,0,0
866,1,1,21,1.78,Martin Ødegaard,Midfielder,14,2,496,0,0,1,9
630,0,0,30,1.96,Robin Olsen,Goalkeeper,7,0,176,1,0,0,0
0,0,0,18,1.94,Harry Tyrer,Goalkeeper,0,0,0,0,0,0,0
0,0,0,18,1.84,Ryan Astley,Defender,0,0,0,0,0,0,0
0,0,0,16,0,Reece Welch,Defender,0,0,0,0,0,0,0
81,1,0,19,1.8,Niels Nkounkou,Defender,2,0,28,1,0,1,4
0,0,0,19,0,Kyle John,Defender,0,0,0,0,0,0,0
2052,1,1,29,1.75,Allan,Midfielder,24,0,1055,6,0,37,80
0,1,0,17,1.9,Tyler Onyango,Midfielder,0,0,0,0,0,0,0
0,0,0,16,0,Isaac Price,Midfielder,0,0,0,0,0,0,0
2265,1,1,19,1.9,Wesley Fofana,Defender,28,0,1688,7,0,37,51
0,0,0,18,0,Shane Flynn,Midfielder,0,0,0,0,0,0,0
2347,1,1,24,1.85,Timothy Castagne,Defender,27,3,1325,1,0,20,52
0,0,0,19,0,Vontae Daley-Campbell,Defender,0,0,0,0,0,0,0
85,0,0,18,0,Sidnei Tavares,Midfielder,2,0,26,0,0,1,1
0,0,0,20,1.7,Thanawat Suengchitthawon,Midfielder,0,0,0,0,0,0,0
0,0,0,17,0,Tawanda Maswanhise,Midfielder,0,0,0,0,0,0,0
274,1,1,23,1.73,Cengiz Ünder,Midfielder,9,2,111,0,0,1,4
0,0,0,17,1.89,Nigel Lonwijk,Defender,0,0,0,0,0,0,0
1404,1,1,19,1.8,Rayan Aït-Nouri,Defender,21,1,627,1,0,15,29
620,1,1,31,1.78,Marçal,Defender,13,0,301,2,0,12,13
0,0,0,17,1.8,Hugo Bueno,Defender,0,0,0,0,0,0,0
2988,0,1,26,1.77,Nélson Semedo,Defender,34,1,1567,5,0,41,85
511,0,1,20,1.72,Vitinha,Midfielder,19,1,330,0,0,8,7
1353,0,0,18,1.85,Fábio Silva,Forward,32,3,323,2,0,20,6
1115,0,0,28,1.89,Willian José,Forward,17,0,298,0,0,8,2
8,0,0,18,1.9,Theo Corbeanu,Forward,1,0,2,0,0,0,2
291,1,0,25,1.8,Morgan Sanson,Midfielder,9,0,138,3,0,6,7
18,0,0,16,1.85,Carney Chukwuemeka,Midfielder,2,0,9,0,0,2,2
0,0,0,18,1.81,Jaden Philogene-Bidace,Midfielder,1,0,4,0,0,0,0
3329,0,0,24,1.8,Ollie Watkins,Forward,37,5,804,2,1,47,29
0,0,0,20,1.95,Frederik Alves,Defender,0,0,0,0,0,0,0
0,0,0,16,0,Jamal Baptiste,Defender,0,0,0,0,0,0,0
3055,0,0,27,1.79,Vladimir Coufal,Defender,34,7,1279,3,0,29,73
1387,0,0,24,1.72,Saïd Benrahma,Forward,30,6,484,0,0,14,24
2280,0,1,28,1.84,Joël Veltman,Defender,28,1,1249,3,0,34,67
0,0,0,19,1.75,Michal Karbownik,Defender,0,0,0,0,0,0,0
0,0,0,18,1.84,Jensen Weir,Midfielder,0,0,0,0,0,0,0
646,0,0,21,1.91,Jakub Moder,Midfielder,12,0,263,0,0,12,15
0,1,0,18,1.78,Moisés Caicedo,Midfielder,0,0,0,0,0,0,0
4,0,0,19,1.75,Reda Khadra,Midfielder,1,0,1,0,0,0,0
163,0,0,21,1.85,Andi Zeqiri,Forward,9,0,38,0,0,2,3
841,1,1,21,1.91,Mohammed Salisu,Defender,12,0,360,1,0,10,38
12,0,0,18,1.93,Allan Tchaptchet,Defender,1,0,1,0,0,0,0
1010,0,1,21,1.79,Ibrahima Diallo,Midfielder,22,0,588,3,0,22,29
36,0,0,18,0,Caleb Watts,Midfielder,3,0,12,1,0,0,2
0,0,0,17,1.77,Kgaogelo Chauke,Midfielder,0,0,0,0,0,0,0
0,0,0,16,0,Ryan Finnigan,Midfielder,0,0,0,0,0,0,0
0,0,0,28,1.91,Mark Gillespie,Goalkeeper,0,0,0,0,0,0,0
3,0,0,17,1.79,Elliot Anderson,Midfielder,1,0,1,0,0,0,0
3240,0,0,27,1.95,Alphonse Areola,Goalkeeper,36,0,838,2,0,0,0
2730,1,0,24,1.92,Joachim Andersen,Defender,31,1,1958,7,1,39,33
2161,1,1,22,1.83,Antonee Robinson,Defender,28,0,1047,4,1,20,45
1482,1,0,24,1.8,Kenny Tete,Defender,22,1,690,3,0,28,48
14,0,0,20,1.73,Tyrese Francois,Midfielder,1,0,13,0,0,0,0
0,0,0,18,1.8,Sylvester Jasper,Forward,0,0,0,0,0,0,0
3150,0,0,20,1.97,Illan Meslier,Goalkeeper,35,0,1080,0,0,1,0
270,1,0,33,1.9,Kiko Casilla,Goalkeeper,3,0,78,0,0,0,0
0,0,0,18,1.91,Elia Caprile,Goalkeeper,0,0,0,0,0,0,0
1205,1,1,26,1.86,Diego Llorente,Defender,15,0,718,1,0,15,34
1129,1,1,24,1.91,Robin Koch,Defender,17,0,769,1,0,17,27
2074,0,0,20,1.9,Pascal Struijk,Defender,27,0,1296,3,0,26,49
2187,1,1,28,1.86,Liam Cooper,Defender,25,0,1650,4,1,23,68
0,0,0,19,1.88,Oliver Casey,Defender,0,0,0,0,0,0,0
0,0,0,17,1.9,Charlie Cresswell,Defender,0,0,0,0,0,0,0
2460,0,0,28,1.71,Ezgjan Alioski,Midfielder,36,3,1377,7,0,39,74
3400,0,0,28,1.83,Luke Ayling,Defender,38,0,2381,7,0,29,108
3411,0,0,29,1.83,Stuart Dallas,Midfielder,38,2,1961,7,0,40,74
113,0,1,31,1.79,Gaetano Berardi,Defender,2,0,55,0,0,1,2
37,0,0,19,1.73,Niall Huggins,Forward,1,0,17,0,0,0,0
0,0,0,18,1.75,Cody Drameh,Defender,0,0,0,0,0,0,0
2428,1,0,24,1.79,Kalvin Phillips,Midfielder,29,2,1404,10,0,46,74
0,0,0,18,1.9,Jack Jenkins,Midfielder,0,0,0,0,0,0,0
2397,1,0,30,1.83,Mateusz Klich,Midfielder,35,5,1467,6,0,46,38
452,0,0,20,1.68,Jamie Shackleton,Midfielder,13,0,192,0,0,3,10
0,0,0,18,1.75,Mateusz Bogusz,Midfielder,0,0,0,0,0,0,0
417,1,0,35,1.73,Pablo Hernández,Midfielder,16,2,378,1,0,1,5
2363,1,1,23,1.76,Raphinha,Forward,30,9,876,3,0,13,34
0,0,0,18,1.74,Crysencio Summerville,Midfielder,0,0,0,0,0,0,0
1286,1,1,29,1.82,Rodrigo,Forward,26,2,559,3,0,19,14
0,0,0,18,1.79,Joe Gelhardt,Forward,0,0,0,0,0,0,0
0,0,0,18,1.8,Sam Greenwood,Forward,0,0,0,0,0,0,0
0,0,0,19,1.86,Reece Hannam,Defender,0,0,0,0,0,0,0
2563,1,0,22,1.78,Eberechi Eze,Midfielder,34,6,1088,3,0,18,27
0,0,0,17,1.78,Jesurun Rak-Sakyi,Midfielder,0,0,0,0,0,0,0
218,0,1,23,1.92,Jean-Philippe Mateta,Forward,7,0,47,0,0,3,1
0,0,0,29,1.85,Wes Foderingham,Goalkeeper,0,0,0,0,0,0,0
551,0,0,23,1.75,Max Lowe,Defender,8,0,172,1,0,10,26
1108,0,0,20,1.78,Jayden Bogle,Defender,16,0,312,2,0,15,33
0,0,0,18,1.8,Femi Seriki,Midfielder,1,0,0,0,0,0,0
0,0,0,18,1.76,Zak Brunt,Midfielder,0,0,0,0,0,0,0
11,0,0,20,1.8,Iliman Ndiaye,Midfielder,1,0,3,0,0,0,1
284,0,0,17,1.9,Daniel Jebbison,Forward,4,0,35,0,0,6,6
10,0,0,16,1.77,Antwoine Hackford,Forward,1,0,1,0,0,0,0
0,0,0,16,1.86,William Osula,Forward,0,0,0,0,0,0,0
2779,0,0,26,1.93,Semi Ajayi,Defender,33,0,937,3,1,28,40
2103,1,0,21,1.89,Dara O'Shea,Defender,28,0,810,3,0,13,45
0,0,0,23,1.93,Cédric Kipré,Defender,0,0,0,0,0,0,0
2929,0,0,24,1.83,Darnell Furlong,Defender,35,3,816,5,0,34,45
0,0,0,18,1.88,Taylor Gardner-Hickman,Forward,0,0,0,0,0,0,0
1319,0,1,26,1.91,Okay Yokuslu,Midfielder,16,1,530,4,0,25,38
0,0,0,17,0,Tim Iroegbunam,Midfielder,0,0,0,0,0,0,0
2583,0,0,24,1.75,Matheus Pereira,Forward,33,6,940,2,1,34,26
542,0,0,24,1.75,Filip Krovinovic,Midfielder,11,0,360,0,0,5,13
1490,0,0,28,1.75,Romaine Sawyers,Midfielder,19,0,720,2,0,18,30
1192,1,0,28,1.91,Mbaye Diagne,Forward,16,2,235,2,0,17,4
0,0,0,20,0,Cheikh Diaby,Forward,0,0,0,0,0,0,0
0,0,0,21,1.85,Richard Nartey,Defender,0,0,0,0,0,0,0
0,0,1,19,1.8,Anthony Mancini,Midfielder,0,0,0,0,0,0,0
